0;0.039137
0.001;0.031575
0.002;0.015794
0.003;0.002479
0.004;-0.013138
0.005;-0.02744
0.006;-0.038125
0.007;-0.043879
0.008;-0.038947
0.009;-0.032536
0.01;-0.023824
0.011;-0.008535
0.012;0.009383
0.013;0.019904
0.014;0.033219
0.015;0.040123
0.016;0.039795
0.017;0.032068
0.018;0.023685
0.019;0.010369
0.02;-0.005248
0.021;-0.021193
0.022;-0.03418
0.023;-0.041742
0.024;-0.046509
0.025;-0.042893
0.026;-0.035495
0.027;-0.022015
0.028;-0.010673
0.029;0.00478
0.03;0.018589
0.031;0.026479
0.032;0.026644
0.033;0.027466
0.034;0.019904
0.035;0.008561
0.036;-0.007878
0.037;-0.025796
0.038;-0.038783
0.039;-0.049139
0.04;-0.056208
0.041;-0.05851
0.042;-0.048317
0.043;-0.03944
0.044;-0.023659
0.045;-0.005576
0.046;0.013986
0.047;0.026479
0.048;0.042261
0.049;0.048672
0.05;0.051466
0.051;0.048672
0.052;0.042754
0.053;0.033219
0.054;0.023191
0.055;0.016123
0.056;0.014808
0.057;0.01415
0.058;0.022863
0.059;0.037164
0.06;0.053603
0.061;0.074481
0.062;0.090426
0.063;0.111304
0.064;0.127414
0.065;0.137113
0.066;0.137277
0.067;0.132017
0.068;0.120016
0.069;0.103742
0.07;0.079412
0.071;0.059357
0.072;0.039302
0.073;0.020232
0.074;0.012342
0.075;0.008397
0.076;0.013986
0.077;0.017931
0.078;0.028945
0.079;0.042096
0.08;0.049658
0.081;0.05459
0.082;0.056891
0.083;0.052124
0.084;0.04374
0.085;0.029767
0.086;0.013164
0.087;-0.00607
0.088;-0.023824
0.089;-0.03418
0.09;-0.039605
0.091;-0.04355
0.092;-0.041249
0.093;-0.029577
0.094;-0.01281
0.095;0.001492
0.096;0.012506
0.097;0.026315
0.098;0.035356
0.099;0.038151
0.1;0.03437
0.101;0.027959
0.102;0.016616
0.103;-0.001302
0.104;-0.014618
0.105;-0.025961
0.106;-0.034673
0.107;-0.04092
0.108;-0.037961
0.109;-0.027769
0.11;-0.01544
0.111;-0.003933
0.112;0.012999
0.113;0.028452
0.114;0.040123
0.115;0.045384
0.116;0.047192
0.117;0.042918
0.118;0.03174
0.119;0.01826
0.12;0.004287
0.121;-0.010344
0.122;-0.026947
0.123;-0.033851
0.124;-0.03681
0.125;-0.031057
0.126;-0.025632
0.127;-0.011823
0.128;0.004616
0.129;0.02089
0.13;0.029109
0.131;0.040781
0.132;0.045548
0.133;0.042918
0.134;0.037493
0.135;0.025986
0.136;0.012671
0.137;-0.00607
0.138;-0.019056
0.139;-0.029906
0.14;-0.035824
0.141;-0.038947
0.142;-0.032043
0.143;-0.019385
0.144;-0.005412
0.145;0.006588
0.146;0.022863
0.147;0.036014
0.148;0.042589
0.149;0.045384
0.15;0.042096
0.151;0.036178
0.152;0.019575
0.153;0.006753
0.154;-0.006563
0.155;-0.021687
0.156;-0.03418
0.157;-0.036481
0.158;-0.03418
0.159;-0.024974
0.16;-0.015604
0.161;-0.001631
0.162;0.016123
0.163;0.029931
0.164;0.038973
0.165;0.048014
0.166;0.049987
0.167;0.04111
0.168;0.033877
0.169;0.020561
0.17;0.004451
0.171;-0.013303
0.172;-0.023166
0.173;-0.028426
0.174;-0.034509
0.175;-0.029742
0.176;-0.0207
0.177;-0.00607
0.178;0.00889
0.179;0.021876
0.18;0.037164
0.181;0.046863
0.182;0.049494
0.183;0.049494
0.184;0.044726
0.185;0.03437
0.186;0.016123
0.187;0.00215
0.188;-0.010837
0.189;-0.02218
0.19;-0.029248
0.191;-0.028098
0.192;-0.021029
0.193;-0.010673
0.194;0.002314
0.195;0.017931
0.196;0.035027
0.197;0.043411
0.198;0.05311
0.199;0.056234
0.2;0.056234
0.201;0.043082
0.202;0.034041
0.203;0.020068
0.204;0.003629
0.205;-0.010508
0.206;-0.017412
0.207;-0.02333
0.208;-0.021687
0.209;-0.013796
0.21;-0.000645
0.211;0.014315
0.212;0.027301
0.213;0.043082
0.214;0.054918
0.215;0.063631
0.216;0.059686
0.217;0.058535
0.218;0.049165
0.219;0.036343
0.22;0.018753
0.221;0.006588
0.222;-0.007549
0.223;-0.013138
0.224;-0.018563
0.225;-0.012316
0.226;-0.002124
0.227;0.008561
0.228;0.025
0.229;0.041767
0.23;0.054918
0.231;0.061987
0.232;0.069056
0.233;0.0707
0.234;0.063795
0.235;0.050151
0.236;0.037822
0.237;0.020397
0.238;0.009712
0.239;-0.00196
0.24;-0.008371
0.241;-0.009522
0.242;-0.003768
0.243;0.00741
0.244;0.02352
0.245;0.038644
0.246;0.048836
0.247;0.065768
0.248;0.075467
0.249;0.077768
0.25;0.072179
0.251;0.06659
0.252;0.055083
0.253;0.041274
0.254;0.023027
0.255;0.011356
0.256;0.001492
0.257;-0.003768
0.258;-0.001302
0.259;0.007739
0.26;0.018917
0.261;0.030753
0.262;0.04785
0.263;0.064453
0.264;0.074645
0.265;0.07744
0.266;0.082536
0.267;0.07744
0.268;0.069056
0.269;0.054096
0.27;0.039959
0.271;0.02352
0.272;0.009876
0.273;0.004451
0.274;-0.001631
0.275;0.006917
0.276;0.011849
0.277;0.025986
0.278;0.042425
0.279;0.056562
0.28;0.064946
0.281;0.077768
0.282;0.083193
0.283;0.081878
0.284;0.074152
0.285;0.063631
0.286;0.049
0.287;0.032726
0.288;0.015958
0.289;0.005931
0.29;-0.000809
0.291;-0.003933
0.292;0.002479
0.293;0.013164
0.294;0.027794
0.295;0.037986
0.296;0.054425
0.297;0.068727
0.298;0.075467
0.299;0.074316
0.3;0.072837
0.301;0.064124
0.302;0.051795
0.303;0.034863
0.304;0.017274
0.305;0.004616
0.306;-0.008042
0.307;-0.011659
0.308;-0.011823
0.309;-0.002946
0.31;0.003629
0.311;0.020232
0.312;0.036014
0.313;0.051138
0.314;0.057713
0.315;0.064124
0.316;0.065768
0.317;0.060343
0.318;0.048179
0.319;0.03437
0.32;0.016945
0.321;-0.00048
0.322;-0.011001
0.323;-0.017906
0.324;-0.025467
0.325;-0.022344
0.326;-0.010837
0.327;0.001657
0.328;0.016287
0.329;0.028945
0.33;0.041274
0.331;0.051138
0.332;0.056398
0.333;0.053275
0.334;0.047028
0.335;0.034863
0.336;0.017602
0.337;0.003136
0.338;-0.010179
0.339;-0.022673
0.34;-0.032207
0.341;-0.032865
0.342;-0.024152
0.343;-0.013631
0.344;-0.003275
0.345;0.011684
0.346;0.028288
0.347;0.039137
0.348;0.044398
0.349;0.048343
0.35;0.047028
0.351;0.034699
0.352;0.022534
0.353;0.008397
0.354;-0.008371
0.355;-0.024317
0.356;-0.031714
0.357;-0.035166
0.358;-0.035331
0.359;-0.029742
0.36;-0.017412
0.361;-0.002289
0.362;0.012342
0.363;0.024671
0.364;0.036671
0.365;0.043904
0.366;0.042754
0.367;0.037493
0.368;0.026972
0.369;0.014643
0.37;-0.004097
0.371;-0.015769
0.372;-0.030235
0.373;-0.03681
0.374;-0.043057
0.375;-0.036975
0.376;-0.027933
0.377;-0.015111
0.378;-0.001467
0.379;0.013821
0.38;0.028945
0.381;0.035849
0.382;0.040617
0.383;0.040288
0.384;0.032726
0.385;0.018424
0.386;0.006424
0.387;-0.008371
0.388;-0.024974
0.389;-0.03681
0.39;-0.04092
0.391;-0.042893
0.392;-0.034344
0.393;-0.026783
0.394;-0.012316
0.395;0.00215
0.396;0.016287
0.397;0.029274
0.398;0.03848
0.399;0.04111
0.4;0.035685
0.401;0.028781
0.402;0.016287
0.403;0.001492
0.404;-0.018728
0.405;-0.02744
0.406;-0.037303
0.407;-0.042399
0.408;-0.041906
0.409;-0.033687
0.41;-0.022837
0.411;-0.007878
0.412;0.006424
0.413;0.021219
0.414;0.034699
0.415;0.036178
0.416;0.037822
0.417;0.034699
0.418;0.024178
0.419;0.007903
0.42;-0.004755
0.421;-0.018728
0.422;-0.032043
0.423;-0.041249
0.424;-0.043715
0.425;-0.040591
0.426;-0.029248
0.427;-0.017248
0.428;-0.001796
0.429;0.012177
0.43;0.023027
0.431;0.035356
0.432;0.040945
0.433;0.039959
0.434;0.028945
0.435;0.020068
0.436;0.006424
0.437;-0.009522
0.438;-0.026289
0.439;-0.034509
0.44;-0.04092
0.441;-0.043057
0.442;-0.035988
0.443;-0.025632
0.444;-0.01281
0.445;0.000999
0.446;0.015301
0.447;0.030589
0.448;0.038151
0.449;0.037164
0.45;0.036343
0.451;0.029274
0.452;0.01563
0.453;-0.000152
0.454;-0.01544
0.455;-0.027605
0.456;-0.03681
0.457;-0.042235
0.458;-0.041578
0.459;-0.034509
0.46;-0.024317
0.461;-0.007878
0.462;0.008397
0.463;0.022534
0.464;0.030096
0.465;0.03963
0.466;0.03963
0.467;0.035685
0.468;0.023849
0.469;0.011684
0.47;-0.00459
0.471;-0.019878
0.472;-0.030892
0.473;-0.038619
0.474;-0.043386
0.475;-0.038783
0.476;-0.027933
0.477;-0.015769
0.478;-0.002453
0.479;0.009712
0.48;0.025822
0.481;0.038808
0.482;0.042425
0.483;0.038973
0.484;0.032726
0.485;0.022041
0.486;0.007246
0.487;-0.009029
0.488;-0.022015
0.489;-0.033687
0.49;-0.041578
0.491;-0.041413
0.492;-0.032701
0.493;-0.023824
0.494;-0.012974
0.495;0.004944
0.496;0.018424
0.497;0.032068
0.498;0.037329
0.499;0.040945
0.5;0.038315
0.501;0.031247
0.502;0.016945
0.503;0.001657
0.504;-0.014782
0.505;-0.028426
0.506;-0.037139
0.507;-0.040262
0.508;-0.040262
0.509;-0.034509
0.51;-0.020865
0.511;-0.00722
0.512;0.009876
0.513;0.02089
0.514;0.033384
0.515;0.041439
0.516;0.041274
0.517;0.034863
0.518;0.025986
0.519;0.012506
0.52;-0.005576
0.521;-0.019221
0.522;-0.029248
0.523;-0.03829
0.524;-0.042893
0.525;-0.03829
0.526;-0.029577
0.527;-0.014782
0.528;-0.004426
0.529;0.013657
0.53;0.02763
0.531;0.038808
0.532;0.040123
0.533;0.039959
0.534;0.03437
0.535;0.021712
0.536;0.007246
0.537;-0.007056
0.538;-0.021358
0.539;-0.03566
0.54;-0.038783
0.541;-0.042235
0.542;-0.031879
0.543;-0.025632
0.544;-0.008371
0.545;0.005602
0.546;0.02237
0.547;0.032397
0.548;0.039959
0.549;0.043904
0.55;0.040452
0.551;0.033548
0.552;0.021383
0.553;0.005931
0.554;-0.012152
0.555;-0.02481
0.556;-0.032865
0.557;-0.03681
0.558;-0.03681
0.559;-0.027111
0.56;-0.017412
0.561;-0.000974
0.562;0.013328
0.563;0.027301
0.564;0.039959
0.565;0.047521
0.566;0.047192
0.567;0.041932
0.568;0.031904
0.569;0.016616
0.57;0.002972
0.571;-0.011166
0.572;-0.022508
0.573;-0.034509
0.574;-0.034344
0.575;-0.030235
0.576;-0.020536
0.577;-0.0087
0.578;0.00741
0.579;0.021876
0.58;0.037329
0.581;0.046041
0.582;0.050316
0.583;0.051138
0.584;0.042425
0.585;0.031247
0.586;0.018753
0.587;0.001985
0.588;-0.014453
0.589;-0.024152
0.59;-0.028262
0.591;-0.033194
0.592;-0.024317
0.593;-0.013303
0.594;0.000342
0.595;0.015958
0.596;0.028452
0.597;0.042425
0.598;0.05048
0.599;0.050809
0.6;0.049
0.601;0.040288
0.602;0.028123
0.603;0.009054
0.604;-0.004261
0.605;-0.018892
0.606;-0.026454
0.607;-0.033687
0.608;-0.03155
0.609;-0.024317
0.61;-0.010673
0.611;0.000999
0.612;0.01826
0.613;0.031082
0.614;0.039959
0.615;0.048014
0.616;0.048507
0.617;0.043247
0.618;0.028781
0.619;0.018753
0.62;0.001328
0.621;-0.012974
0.622;-0.028755
0.623;-0.033522
0.624;-0.03566
0.625;-0.034673
0.626;-0.024317
0.627;-0.010673
0.628;0.00215
0.629;0.017438
0.63;0.029767
0.631;0.04111
0.632;0.046041
0.633;0.040452
0.634;0.035685
0.635;0.025657
0.636;0.011191
0.637;-0.0087
0.638;-0.0207
0.639;-0.033029
0.64;-0.038454
0.641;-0.039605
0.642;-0.033029
0.643;-0.023495
0.644;-0.009193
0.645;0.005109
0.646;0.020232
0.647;0.033877
0.648;0.037986
0.649;0.041767
0.65;0.038973
0.651;0.03174
0.652;0.014808
0.653;0.002807
0.654;-0.013467
0.655;-0.026125
0.656;-0.037139
0.657;-0.041084
0.658;-0.040427
0.659;-0.030235
0.66;-0.020536
0.661;-0.004755
0.662;0.009218
0.663;0.021054
0.664;0.033548
0.665;0.040452
0.666;0.041439
0.667;0.033712
0.668;0.025164
0.669;0.011849
0.67;-0.003275
0.671;-0.021193
0.672;-0.031879
0.673;-0.037797
0.674;-0.040591
0.675;-0.038619
0.676;-0.027769
0.677;-0.017084
0.678;-0.004755
0.679;0.01152
0.68;0.024342
0.681;0.036671
0.682;0.036178
0.683;0.037493
0.684;0.031247
0.685;0.020068
0.686;0.002643
0.687;-0.011494
0.688;-0.025961
0.689;-0.03829
0.69;-0.04503
0.691;-0.047989
0.692;-0.040427
0.693;-0.031385
0.694;-0.017577
0.695;-0.004426
0.696;0.010205
0.697;0.017274
0.698;0.02763
0.699;0.029767
0.7;0.025
0.701;0.013328
0.702;0.00215
0.703;-0.013138
0.704;-0.029906
0.705;-0.044043
0.706;-0.053249
0.707;-0.056208
0.708;-0.055222
0.709;-0.044043
0.71;-0.031385
0.711;-0.013796
0.712;0.000342
0.713;0.021548
0.714;0.03848
0.715;0.049987
0.716;0.052781
0.717;0.053932
0.718;0.051138
0.719;0.044069
0.72;0.033055
0.721;0.024507
0.722;0.020561
0.723;0.015301
0.724;0.022041
0.725;0.030753
0.726;0.046699
0.727;0.06248
0.728;0.084015
0.729;0.103577
0.73;0.12166
0.731;0.129058
0.732;0.136948
0.733;0.135797
0.734;0.126427
0.735;0.110153
0.736;0.090591
0.737;0.068234
0.738;0.04374
0.739;0.027466
0.74;0.013328
0.741;0.005438
0.742;0.004451
0.743;0.010369
0.744;0.019082
0.745;0.032562
0.746;0.038315
0.747;0.049165
0.748;0.054096
0.749;0.052617
0.75;0.047357
0.751;0.037493
0.752;0.021712
0.753;0.003136
0.754;-0.01281
0.755;-0.026454
0.756;-0.03681
0.757;-0.043879
0.758;-0.043386
0.759;-0.035002
0.76;-0.02218
0.761;-0.011988
0.762;0.005766
0.763;0.020232
0.764;0.031082
0.765;0.036671
0.766;0.038151
0.767;0.034699
0.768;0.022205
0.769;0.009383
0.77;-0.005741
0.771;-0.018234
0.772;-0.031714
0.773;-0.037139
0.774;-0.037632
0.775;-0.035331
0.776;-0.028262
0.777;-0.010508
0.778;0.003958
0.779;0.021219
0.78;0.032397
0.781;0.042918
0.782;0.047685
0.783;0.046041
0.784;0.038973
0.785;0.028123
0.786;0.01415
0.787;-0.004426
0.788;-0.015769
0.789;-0.02744
0.79;-0.033687
0.791;-0.037139
0.792;-0.03155
0.793;-0.020043
0.794;-0.004755
0.795;0.007903
0.796;0.023849
0.797;0.035849
0.798;0.044233
0.799;0.045877
0.8;0.042425
0.801;0.032726
0.802;0.019082
0.803;0.006917
0.804;-0.010344
0.805;-0.023166
0.806;-0.035495
0.807;-0.037303
0.808;-0.03829
0.809;-0.026947
0.81;-0.016755
0.811;-0.000809
0.812;0.014643
0.813;0.027794
0.814;0.03848
0.815;0.046041
0.816;0.046699
0.817;0.038808
0.818;0.030589
0.819;0.016945
0.82;0.001821
0.821;-0.016919
0.822;-0.026947
0.823;-0.032372
0.824;-0.035495
0.825;-0.032865
0.826;-0.022015
0.827;-0.010015
0.828;0.006424
0.829;0.020397
0.83;0.033877
0.831;0.044398
0.832;0.04637
0.833;0.046863
0.834;0.041439
0.835;0.030096
0.836;0.011849
0.837;-0.000152
0.838;-0.014289
0.839;-0.024481
0.84;-0.032536
0.841;-0.032701
0.842;-0.025961
0.843;-0.01396
0.844;-0.00196
0.845;0.014643
0.846;0.029931
0.847;0.040288
0.848;0.049658
0.849;0.052781
0.85;0.049494
0.851;0.037658
0.852;0.028781
0.853;0.014315
0.854;-0.001302
0.855;-0.017577
0.856;-0.025303
0.857;-0.026947
0.858;-0.028755
0.859;-0.019221
0.86;-0.005412
0.861;0.00889
0.862;0.023685
0.863;0.038973
0.864;0.048836
0.865;0.057384
0.866;0.054096
0.867;0.051302
0.868;0.042425
0.869;0.030753
0.87;0.011027
0.871;-0.00196
0.872;-0.013303
0.873;-0.019385
0.874;-0.022344
0.875;-0.018728
0.876;-0.010508
0.877;0.00478
0.878;0.018753
0.879;0.035849
0.88;0.048179
0.881;0.056234
0.882;0.062973
0.883;0.063138
0.884;0.056398
0.885;0.042096
0.886;0.030425
0.887;0.015465
0.888;0.002479
0.889;-0.011166
0.89;-0.016262
0.891;-0.017084
0.892;-0.009357
0.893;0.00067
0.894;0.015794
0.895;0.031904
0.896;0.04374
0.897;0.058535
0.898;0.067741
0.899;0.070535
0.9;0.065604
0.901;0.059028
0.902;0.046699
0.903;0.033548
0.904;0.016287
0.905;0.005109
0.906;-0.004755
0.907;-0.006727
0.908;-0.009686
0.909;0.00215
0.91;0.012999
0.911;0.026315
0.912;0.042754
0.913;0.058535
0.914;0.070042
0.915;0.072837
0.916;0.076782
0.917;0.072179
0.918;0.063795
0.919;0.048179
0.92;0.034699
0.921;0.018589
0.922;0.007246
0.923;-0.000645
0.924;-0.002617
0.925;0.000177
0.926;0.01004
0.927;0.024507
0.928;0.038151
0.929;0.05459
0.93;0.064946
0.931;0.077111
0.932;0.083358
0.933;0.083686
0.934;0.073166
0.935;0.062809
0.936;0.049494
0.937;0.03437
0.938;0.017274
0.939;0.008397
0.94;0.002479
0.941;0.000999
0.942;0.007081
0.943;0.017274
0.944;0.032233
0.945;0.04374
0.946;0.061494
0.947;0.073494
0.948;0.081385
0.949;0.081878
0.95;0.079248
0.951;0.071357
0.952;0.059357
0.953;0.042096
0.954;0.025822
0.955;0.013821
0.956;0.000506
0.957;-0.003275
0.958;-0.004426
0.959;0.006259
0.96;0.014808
0.961;0.031082
0.962;0.045713
0.963;0.059686
0.964;0.067576
0.965;0.074152
0.966;0.074152
0.967;0.069713
0.968;0.058535
0.969;0.04522
0.97;0.028945
0.971;0.010205
0.972;-0.000645
0.973;-0.0087
0.974;-0.012481
0.975;-0.011659
0.976;-0.000645
0.977;0.010205
0.978;0.025822
0.979;0.036836
0.98;0.052781
0.981;0.061987
0.982;0.066097
0.983;0.062809
0.984;0.056234
0.985;0.042425
0.986;0.02763
0.987;0.011849
0.988;-0.004097
0.989;-0.014453
0.99;-0.023495
0.991;-0.02333
0.992;-0.018399
0.993;-0.006234
0.994;0.004287
0.995;0.02089
0.996;0.03437
0.997;0.04637
0.998;0.052453
0.999;0.05459
1;0.052781
1.001;0.042096
1.002;0.028616
1.003;0.014479
1.004;-0.002453
1.005;-0.018563
1.006;-0.026947
1.007;-0.031221
1.008;-0.032372
1.009;-0.024974
1.01;-0.011001
1.011;0.002643
1.012;0.018589
1.013;0.029603
1.014;0.041932
1.015;0.048014
1.016;0.046206
1.017;0.040781
1.018;0.031575
1.019;0.018917
1.02;-0.000974
1.021;-0.014782
1.022;-0.024317
1.023;-0.03418
1.024;-0.037797
1.025;-0.034673
1.026;-0.025961
1.027;-0.011001
1.028;0.000999
1.029;0.016945
1.03;0.031082
1.031;0.03963
1.032;0.042589
1.033;0.041439
1.034;0.035027
1.035;0.021054
1.036;0.009218
1.037;-0.008042
1.038;-0.021029
1.039;-0.036317
1.04;-0.039605
1.041;-0.038125
1.042;-0.035331
1.043;-0.024152
1.044;-0.009686
1.045;0.005766
1.046;0.019575
1.047;0.030589
1.048;0.039137
1.049;0.041603
1.05;0.034699
1.051;0.028781
1.052;0.015958
1.053;0.001821
1.054;-0.01807
1.055;-0.026947
1.056;-0.037961
1.057;-0.040427
1.058;-0.042235
1.059;-0.034344
1.06;-0.02218
1.061;-0.006398
1.062;0.007081
1.063;0.021219
1.064;0.034534
1.065;0.037164
1.066;0.039302
1.067;0.034534
1.068;0.024671
1.069;0.006588
1.07;-0.005576
1.071;-0.020536
1.072;-0.033029
1.073;-0.043057
1.074;-0.043879
1.075;-0.040262
1.076;-0.028591
1.077;-0.018892
1.078;-0.002617
1.079;0.012671
1.08;0.02237
1.081;0.035521
1.082;0.03963
1.083;0.038644
1.084;0.027466
1.085;0.020397
1.086;0.006424
1.087;-0.009686
1.088;-0.027605
1.089;-0.034673
1.09;-0.041413
1.091;-0.043879
1.092;-0.037797
1.093;-0.026289
1.094;-0.01133
1.095;0.001328
1.096;0.017109
1.097;0.028452
1.098;0.038315
1.099;0.036671
1.1;0.036014
1.101;0.029438
1.102;0.015958
1.103;-0.002289
1.104;-0.014289
1.105;-0.026783
1.106;-0.037468
1.107;-0.043221
1.108;-0.042728
1.109;-0.03418
1.11;-0.022508
1.111;-0.00607
1.112;0.006753
1.113;0.02237
1.114;0.030425
1.115;0.038808
1.116;0.03963
1.117;0.036836
1.118;0.02237
1.119;0.011356
1.12;-0.004261
1.121;-0.021358
1.122;-0.033522
1.123;-0.040756
1.124;-0.041249
1.125;-0.040098
1.126;-0.029084
1.127;-0.01659
1.128;-0.000809
1.129;0.010698
1.13;0.027466
1.131;0.036836
1.132;0.040452
1.133;0.036507
1.134;0.031411
1.135;0.020561
1.136;0.005602
1.137;-0.009686
1.138;-0.025139
1.139;-0.033851
1.14;-0.043386
1.141;-0.041413
1.142;-0.036481
1.143;-0.024152
1.144;-0.011988
1.145;0.004616
1.146;0.019411
1.147;0.032068
1.148;0.034863
1.149;0.041439
1.15;0.037
1.151;0.028781
1.152;0.016452
1.153;0.002314
1.154;-0.014947
1.155;-0.027933
1.156;-0.036153
1.157;-0.040262
1.158;-0.040427
1.159;-0.032043
1.16;-0.018563
1.161;-0.005248
1.162;0.009876
1.163;0.020397
1.164;0.03437
1.165;0.041439
1.166;0.042096
1.167;0.035685
1.168;0.02615
1.169;0.011849
1.17;-0.005248
1.171;-0.018234
1.172;-0.029906
1.173;-0.038947
1.174;-0.043386
1.175;-0.040262
1.176;-0.028755
1.177;-0.014782
1.178;-0.005083
1.179;0.015465
1.18;0.027959
1.181;0.036671
1.182;0.040288
1.183;0.040123
1.184;0.03289
1.185;0.020561
1.186;0.006424
1.187;-0.007878
1.188;-0.023824
1.189;-0.036481
1.19;-0.040427
1.191;-0.041084
1.192;-0.034838
1.193;-0.027276
1.194;-0.010179
1.195;0.004944
1.196;0.018917
1.197;0.030096
1.198;0.039137
1.199;0.042096
1.2;0.037986
1.201;0.029603
1.202;0.01826
1.203;0.00215
1.204;-0.014453
1.205;-0.024481
1.206;-0.034016
1.207;-0.038125
1.208;-0.039112
1.209;-0.030892
1.21;-0.017906
1.211;-0.002453
1.212;0.009712
1.213;0.026315
1.214;0.037329
1.215;0.041932
1.216;0.042589
1.217;0.038151
1.218;0.02763
1.219;0.014315
1.22;-0.001302
1.221;-0.01544
1.222;-0.026454
1.223;-0.037961
1.224;-0.035824
1.225;-0.035331
1.226;-0.023002
1.227;-0.013138
1.228;0.00478
1.229;0.019575
1.23;0.030918
1.231;0.041932
1.232;0.046699
1.233;0.043576
1.234;0.037
1.235;0.026808
1.236;0.014315
1.237;-0.003111
1.238;-0.019878
1.239;-0.027933
1.24;-0.032536
1.241;-0.031714
1.242;-0.028755
1.243;-0.01659
1.244;-0.000809
1.245;0.01152
1.246;0.02763
1.247;0.04111
1.248;0.049822
1.249;0.049329
1.25;0.047685
1.251;0.041603
1.252;0.026315
1.253;0.01004
1.254;-0.00196
1.255;-0.016755
1.256;-0.025139
1.257;-0.032207
1.258;-0.027605
1.259;-0.020043
1.26;-0.009357
1.261;0.005602
1.262;0.020726
1.263;0.035521
1.264;0.043904
1.265;0.051138
1.266;0.052617
1.267;0.044069
1.268;0.033712
1.269;0.022863
1.27;0.004616
1.271;-0.009686
1.272;-0.02481
1.273;-0.030399
1.274;-0.031879
1.275;-0.031057
1.276;-0.020043
1.277;-0.007714
1.278;0.008561
1.279;0.02089
1.28;0.036014
1.281;0.044398
1.282;0.04637
1.283;0.043576
1.284;0.038644
1.285;0.027137
1.286;0.012342
1.287;-0.006727
1.288;-0.01807
1.289;-0.029084
1.29;-0.034016
1.291;-0.035495
1.292;-0.031221
1.293;-0.019878
1.294;-0.006398
1.295;0.008068
1.296;0.022698
1.297;0.033712
1.298;0.040452
1.299;0.044562
1.3;0.040617
1.301;0.031575
1.302;0.016287
1.303;0.00478
1.304;-0.012974
1.305;-0.02481
1.306;-0.035166
1.307;-0.039276
1.308;-0.037139
1.309;-0.030728
1.31;-0.018728
1.311;-0.003275
1.312;0.00889
1.313;0.02237
1.314;0.036671
1.315;0.042589
1.316;0.04111
1.317;0.033219
1.318;0.026808
1.319;0.01152
1.32;-0.003439
1.321;-0.019385
1.322;-0.02892
1.323;-0.038125
1.324;-0.03944
1.325;-0.040591
1.326;-0.027933
1.327;-0.015275
1.328;-0.00196
1.329;0.015136
1.33;0.027301
1.331;0.037
1.332;0.037164
1.333;0.040288
1.334;0.03174
1.335;0.022863
1.336;0.004944
1.337;-0.010673
1.338;-0.023824
1.339;-0.034673
1.34;-0.041742
1.341;-0.040427
1.342;-0.036317
1.343;-0.026125
1.344;-0.010673
1.345;0.003301
1.346;0.017109
1.347;0.026808
1.348;0.037493
1.349;0.038644
1.35;0.036671
1.351;0.025329
1.352;0.014479
1.353;-0.00048
1.354;-0.016097
1.355;-0.031221
1.356;-0.038783
1.357;-0.04355
1.358;-0.045194
1.359;-0.037961
1.36;-0.025303
1.361;-0.014618
1.362;-0.003275
1.363;0.013657
1.364;0.021876
1.365;0.029109
1.366;0.024671
1.367;0.019904
1.368;0.009547
1.369;-0.001631
1.37;-0.021522
1.371;-0.03681
1.372;-0.046016
1.373;-0.056044
1.374;-0.055715
1.375;-0.052098
1.376;-0.041084
1.377;-0.025796
1.378;-0.003439
1.379;0.013493
1.38;0.031411
1.381;0.042425
1.382;0.054425
1.383;0.058042
1.384;0.058535
1.385;0.053275
1.386;0.043576
1.387;0.035027
1.388;0.02615
1.389;0.022698
1.39;0.02352
1.391;0.029109
1.392;0.039137
1.393;0.057055
1.394;0.074645
1.395;0.094865
1.396;0.10818
1.397;0.126592
1.398;0.133989
1.399;0.137606
1.4;0.131523
1.401;0.118044
1.402;0.101276
1.403;0.078426
1.404;0.053932
1.405;0.03437
1.406;0.018917
1.407;0.004287
1.408;0.002314
1.409;0.003301
1.41;0.012177
1.411;0.016945
1.412;0.031904
1.413;0.040288
1.414;0.051302
1.415;0.050644
1.416;0.049165
1.417;0.043082
1.418;0.031247
1.419;0.013657
1.42;-0.002946
1.421;-0.01807
1.422;-0.033358
1.423;-0.040098
1.424;-0.04092
1.425;-0.041413
1.426;-0.035988
1.427;-0.019385
1.428;-0.00459
1.429;0.011849
1.43;0.022698
1.431;0.032726
1.432;0.037658
1.433;0.037164
1.434;0.028945
1.435;0.020068
1.436;0.006753
1.437;-0.010673
1.438;-0.022673
1.439;-0.032701
1.44;-0.03829
1.441;-0.039934
1.442;-0.032701
1.443;-0.019878
1.444;-0.003933
1.445;0.007739
1.446;0.022698
1.447;0.036343
1.448;0.045384
1.449;0.046041
1.45;0.043411
1.451;0.036507
1.452;0.020726
1.453;0.006424
1.454;-0.009029
1.455;-0.021851
1.456;-0.035166
1.457;-0.036646
1.458;-0.032536
1.459;-0.028098
1.46;-0.015933
1.461;-0.002946
1.462;0.013657
1.463;0.028616
1.464;0.037
1.465;0.042918
1.466;0.046863
1.467;0.037822
1.468;0.029109
1.469;0.015958
1.47;0.000342
1.471;-0.018399
1.472;-0.026289
1.473;-0.033851
1.474;-0.035495
1.475;-0.035331
1.476;-0.025139
1.477;-0.011659
1.478;0.005109
1.479;0.016452
1.48;0.029931
1.481;0.042589
1.482;0.043576
1.483;0.042589
1.484;0.038644
1.485;0.026808
1.486;0.008561
1.487;-0.005083
1.488;-0.018563
1.489;-0.030399
1.49;-0.037797
1.491;-0.033194
1.492;-0.029906
1.493;-0.016755
1.494;-0.00459
1.495;0.010369
1.496;0.026315
1.497;0.037822
1.498;0.044069
1.499;0.048507
1.5;0.045713
1.501;0.034206
1.502;0.024671
1.503;0.010369
1.504;-0.006563
1.505;-0.022344
1.506;-0.029248
1.507;-0.032043
1.508;-0.030399
1.509;-0.023824
1.51;-0.011001
1.511;0.005766
1.512;0.020068
1.513;0.032233
1.514;0.045055
1.515;0.051959
1.516;0.049658
1.517;0.045877
1.518;0.037164
1.519;0.023027
1.52;0.002972
1.521;-0.006563
1.522;-0.017741
1.523;-0.024974
1.524;-0.028591
1.525;-0.025961
1.526;-0.014453
1.527;0.000342
1.528;0.01415
1.529;0.028781
1.53;0.045055
1.531;0.049822
1.532;0.056398
1.533;0.055576
1.534;0.049987
1.535;0.03437
1.536;0.024342
1.537;0.008068
1.538;-0.005576
1.539;-0.017741
1.54;-0.021851
1.541;-0.021522
1.542;-0.01807
1.543;-0.004755
1.544;0.010369
1.545;0.027466
1.546;0.037329
1.547;0.052288
1.548;0.062316
1.549;0.064617
1.55;0.057384
1.551;0.052288
1.552;0.041932
1.553;0.025
1.554;0.007903
1.555;-0.003275
1.556;-0.01396
1.557;-0.016755
1.558;-0.014125
1.559;-0.007056
1.56;0.008561
1.561;0.018589
1.562;0.035849
1.563;0.054261
1.564;0.065275
1.565;0.064617
1.566;0.068727
1.567;0.065111
1.568;0.054096
1.569;0.040452
1.57;0.026644
1.571;0.013493
1.572;0.000342
1.573;-0.005905
1.574;-0.008207
1.575;-0.004426
1.576;0.002972
1.577;0.016452
1.578;0.034863
1.579;0.051138
1.58;0.058535
1.581;0.072837
1.582;0.077933
1.583;0.076125
1.584;0.06659
1.585;0.058371
1.586;0.044562
1.587;0.026808
1.588;0.013328
1.589;0.004616
1.59;-0.003275
1.591;-0.004755
1.592;0.000342
1.593;0.017602
1.594;0.031904
1.595;0.040781
1.596;0.060343
1.597;0.073987
1.598;0.081385
1.599;0.079741
1.6;0.079412
1.601;0.07185
1.602;0.058042
1.603;0.043576
1.604;0.027794
1.605;0.012506
1.606;0.003629
1.607;0.003136
1.608;0.00215
1.609;0.008068
1.61;0.019246
1.611;0.037493
1.612;0.053275
1.613;0.067083
1.614;0.073001
1.615;0.081878
1.616;0.082864
1.617;0.07596
1.618;0.066426
1.619;0.052946
1.62;0.034863
1.621;0.018095
1.622;0.006588
1.623;0.000835
1.624;-0.00459
1.625;-0.002617
1.626;0.007739
1.627;0.022863
1.628;0.037329
1.629;0.046041
1.63;0.064946
1.631;0.072672
1.632;0.074152
1.633;0.073659
1.634;0.066919
1.635;0.053603
1.636;0.035521
1.637;0.020561
1.638;0.006095
1.639;-0.004426
1.64;-0.016262
1.641;-0.01281
1.642;-0.01133
1.643;0.003794
1.644;0.012177
1.645;0.030753
1.646;0.045384
1.647;0.053603
1.648;0.063795
1.649;0.06659
1.65;0.062973
1.651;0.049494
1.652;0.03848
1.653;0.022205
1.654;0.004451
1.655;-0.011659
1.656;-0.016426
1.657;-0.021851
1.658;-0.023002
1.659;-0.017906
1.66;-0.00196
1.661;0.011684
1.662;0.024342
1.663;0.038644
1.664;0.05048
1.665;0.055247
1.666;0.051959
1.667;0.049494
1.668;0.038644
1.669;0.023356
1.67;0.004122
1.671;-0.007549
1.672;-0.022837
1.673;-0.029248
1.674;-0.035495
1.675;-0.02744
1.676;-0.021029
1.677;-0.006563
1.678;0.007575
1.679;0.024671
1.68;0.036671
1.681;0.042096
1.682;0.048836
1.683;0.048014
1.684;0.038644
1.685;0.023685
1.686;0.013821
1.687;-0.001796
1.688;-0.0207
1.689;-0.033851
1.69;-0.037139
1.691;-0.037303
1.692;-0.033029
1.693;-0.021851
1.694;-0.005576
1.695;0.009218
1.696;0.020068
1.697;0.035356
1.698;0.042261
1.699;0.043247
1.7;0.036507
1.701;0.032233
1.702;0.019411
1.703;0.001492
1.704;-0.017577
1.705;-0.026289
1.706;-0.035331
1.707;-0.041742
1.708;-0.040591
1.709;-0.033522
1.71;-0.016755
1.711;-0.007878
1.712;0.011191
1.713;0.026315
1.714;0.034041
1.715;0.037329
1.716;0.041767
1.717;0.035356
1.718;0.02352
1.719;0.006424
1.72;-0.002782
1.721;-0.020536
1.722;-0.034509
1.723;-0.042235
1.724;-0.04092
1.725;-0.041413
1.726;-0.030563
1.727;-0.014947
1.728;-0.000316
1.729;0.013493
1.73;0.023356
1.731;0.036836
1.732;0.041767
1.733;0.037822
1.734;0.029274
1.735;0.021548
1.736;0.005438
1.737;-0.011166
1.738;-0.029084
1.739;-0.03418
1.74;-0.041578
1.741;-0.042235
1.742;-0.038619
1.743;-0.028426
1.744;-0.012481
1.745;0.000342
1.746;0.020397
1.747;0.031411
1.748;0.035685
1.749;0.035521
1.75;0.038808
1.751;0.027137
1.752;0.015794
1.753;-0.003933
1.754;-0.013467
1.755;-0.030892
1.756;-0.039276
1.757;-0.042564
1.758;-0.040262
1.759;-0.034838
1.76;-0.022673
1.761;-0.006234
1.762;0.010698
1.763;0.021548
1.764;0.030425
1.765;0.041932
1.766;0.03963
1.767;0.034863
1.768;0.021712
1.769;0.010698
1.77;-0.006563
1.771;-0.022344
1.772;-0.033029
1.773;-0.041742
1.774;-0.043057
1.775;-0.039934
1.776;-0.031385
1.777;-0.01544
1.778;-0.002124
1.779;0.010698
1.78;0.029109
1.781;0.037329
1.782;0.040123
1.783;0.034534
1.784;0.033384
1.785;0.019411
1.786;0.004287
1.787;-0.010015
1.788;-0.024646
1.789;-0.034673
1.79;-0.043057
1.791;-0.040591
1.792;-0.037468
1.793;-0.02744
1.794;-0.013631
1.795;0.006259
1.796;0.019575
1.797;0.029603
1.798;0.034534
1.799;0.042261
1.8;0.036178
1.801;0.028288
1.802;0.016452
1.803;0.001657
1.804;-0.017741
1.805;-0.028426
1.806;-0.03829
1.807;-0.042235
1.808;-0.040098
1.809;-0.035002
1.81;-0.018563
1.811;-0.004755
1.812;0.008561
1.813;0.020397
1.814;0.036343
1.815;0.039959
1.816;0.039302
1.817;0.034863
1.818;0.025986
1.819;0.009547
1.82;-0.006234
1.821;-0.016426
1.822;-0.031385
1.823;-0.039112
1.824;-0.043386
1.825;-0.036153
1.826;-0.029248
1.827;-0.015111
1.828;-0.003439
1.829;0.017767
1.83;0.027301
1.831;0.037658
1.832;0.040617
1.833;0.040945
1.834;0.031575
1.835;0.020726
1.836;0.008561
1.837;-0.008371
1.838;-0.025961
1.839;-0.03681
1.84;-0.039276
1.841;-0.040756
1.842;-0.036481
1.843;-0.027111
1.844;-0.008535
1.845;0.004122
1.846;0.017767
1.847;0.029767
1.848;0.039795
1.849;0.041439
1.85;0.036836
1.851;0.030425
1.852;0.016123
1.853;0.000342
1.854;-0.017577
1.855;-0.026289
1.856;-0.035002
1.857;-0.041742
1.858;-0.043057
1.859;-0.036481
1.86;-0.019385
1.861;-0.005576
1.862;0.007739
1.863;0.026808
1.864;0.033548
1.865;0.041767
1.866;0.043411
1.867;0.037
1.868;0.025822
1.869;0.012013
1.87;-0.001796
1.871;-0.018728
1.872;-0.031221
1.873;-0.039276
1.874;-0.037961
1.875;-0.034344
1.876;-0.025961
1.877;-0.014947
1.878;0.002807
1.879;0.01678
1.88;0.029767
1.881;0.041603
1.882;0.044233
1.883;0.040781
1.884;0.033712
1.885;0.024178
1.886;0.011027
1.887;-0.004919
1.888;-0.022837
1.889;-0.029577
1.89;-0.034673
1.891;-0.034673
1.892;-0.033029
1.893;-0.021358
1.894;-0.005905
1.895;0.008068
1.896;0.026479
1.897;0.037329
1.898;0.043576
1.899;0.047028
1.9;0.045548
1.901;0.036671
1.902;0.02237
1.903;0.006095
1.904;-0.007385
1.905;-0.022508
1.906;-0.028098
1.907;-0.035988
1.908;-0.030728
1.909;-0.025467
1.91;-0.011659
1.911;0.005931
1.912;0.020068
1.913;0.03174
1.914;0.044233
1.915;0.052288
1.916;0.05048
1.917;0.046041
1.918;0.033548
1.919;0.02352
1.92;0.005766
1.921;-0.009193
1.922;-0.024317
1.923;-0.026783
1.924;-0.028591
1.925;-0.025961
1.926;-0.017906
1.927;-0.003604
1.928;0.010862
1.929;0.025164
1.93;0.03963
1.931;0.047357
1.932;0.051466
1.933;0.048507
1.934;0.043411
1.935;0.031411
1.936;0.017109
1.937;-0.004755
1.938;-0.015604
1.939;-0.026454
1.94;-0.029906
1.941;-0.032043
1.942;-0.026947
1.943;-0.017248
1.944;-0.002782
1.945;0.013821
1.946;0.025493
1.947;0.037164
1.948;0.043576
1.949;0.049
1.95;0.045384
1.951;0.036343
1.952;0.01826
1.953;0.006588
1.954;-0.010508
1.955;-0.022673
1.956;-0.03418
1.957;-0.036481
1.958;-0.034016
1.959;-0.03007
1.96;-0.016919
1.961;-0.001138
1.962;0.012506
1.963;0.025657
1.964;0.03963
1.965;0.043082
1.966;0.044069
1.967;0.034699
1.968;0.028616
1.969;0.013164
1.97;-0.002124
1.971;-0.019385
1.972;-0.029413
1.973;-0.03566
1.974;-0.039605
1.975;-0.034344
1.976;-0.028755
1.977;-0.013631
1.978;-0.001138
1.979;0.017274
1.98;0.028452
1.981;0.038808
1.982;0.039466
1.983;0.040617
1.984;0.033877
1.985;0.022863
1.986;0.004944
1.987;-0.007878
1.988;-0.025139
1.989;-0.03418
1.99;-0.040262
1.991;-0.042235
1.992;-0.035331
1.993;-0.025467
1.994;-0.007714
1.995;0.005438
1.996;0.019082
1.997;0.028616
1.998;0.039302
1.999;0.041274
2;0.03963
2.001;0.025986
2.002;0.016452
2.003;-0.000152
2.004;-0.016426
2.005;-0.027933
2.006;-0.036975
2.007;-0.041906
2.008;-0.04092
2.009;-0.033522
2.01;-0.021029
2.011;-0.006234
2.012;0.006424
2.013;0.024507
2.014;0.033877
2.015;0.038973
2.016;0.035027
2.017;0.03437
2.018;0.021712
2.019;0.00889
2.02;-0.007878
2.021;-0.022508
2.022;-0.036481
2.023;-0.044208
2.024;-0.042728
2.025;-0.042399
2.026;-0.036975
2.027;-0.025303
2.028;-0.009193
2.029;0.005273
2.03;0.016616
2.031;0.021219
2.032;0.028781
2.033;0.024835
2.034;0.017274
2.035;0.005931
2.036;-0.008371
2.037;-0.026125
2.038;-0.041413
2.039;-0.050783
2.04;-0.054564
2.041;-0.053578
2.042;-0.047331
2.043;-0.032207
2.044;-0.014618
2.045;0.003465
2.046;0.019411
2.047;0.041932
2.048;0.052124
2.049;0.060836
2.05;0.063467
2.051;0.062152
2.052;0.053439
2.053;0.044726
2.054;0.037
2.055;0.029767
2.056;0.02763
2.057;0.026644
2.058;0.039137
2.059;0.047521
2.06;0.064946
2.061;0.081385
2.062;0.101769
2.063;0.119687
2.064;0.13251
2.065;0.136784
2.066;0.136948
2.067;0.123962
2.068;0.107523
2.069;0.088618
2.07;0.066261
2.071;0.040945
2.072;0.019411
2.073;0.008725
2.074;-0.000152
2.075;-0.001631
2.076;0.000835
2.077;0.012506
2.078;0.022205
2.079;0.032562
2.08;0.042096
2.081;0.050316
2.082;0.049658
2.083;0.047357
2.084;0.037329
2.085;0.025657
2.086;0.00741
2.087;-0.011494
2.088;-0.025139
2.089;-0.037632
2.09;-0.04092
2.091;-0.046509
2.092;-0.037303
2.093;-0.026947
2.094;-0.012645
2.095;0.000999
2.096;0.014315
2.097;0.028123
2.098;0.037329
2.099;0.038151
2.1;0.035849
2.101;0.02763
2.102;0.012999
2.103;0.002479
2.104;-0.013303
2.105;-0.025139
2.106;-0.037303
2.107;-0.035495
2.108;-0.035002
2.109;-0.028098
2.11;-0.016426
2.111;0.002314
2.112;0.016287
2.113;0.029109
2.114;0.039795
2.115;0.049658
2.116;0.046863
2.117;0.040288
2.118;0.032068
2.119;0.019082
2.12;0.001657
2.121;-0.017248
2.122;-0.026947
2.123;-0.033522
2.124;-0.036646
2.125;-0.034838
2.126;-0.025961
2.127;-0.010015
2.128;0.003136
2.129;0.018424
2.13;0.032068
2.131;0.041439
2.132;0.046206
2.133;0.044398
2.134;0.037822
2.135;0.024671
2.136;0.007081
2.137;-0.004261
2.138;-0.021029
2.139;-0.031057
2.14;-0.038783
2.141;-0.036317
2.142;-0.030235
2.143;-0.019549
2.144;-0.005905
2.145;0.009383
2.146;0.023685
2.147;0.036178
2.148;0.043082
2.149;0.047521
2.15;0.042425
2.151;0.032726
2.152;0.022698
2.153;0.004451
2.154;-0.008535
2.155;-0.025467
2.156;-0.029577
2.157;-0.034344
2.158;-0.032043
2.159;-0.02744
2.16;-0.014453
2.161;0.00067
2.162;0.014643
2.163;0.031575
2.164;0.041439
2.165;0.047028
2.166;0.045548
2.167;0.044562
2.168;0.033877
2.169;0.020726
2.17;0.000177
2.171;-0.009851
2.172;-0.022673
2.173;-0.029742
2.174;-0.032701
2.175;-0.02744
2.176;-0.021193
2.177;-0.004919
2.178;0.009054
2.179;0.025164
2.18;0.037658
2.181;0.046041
2.182;0.053275
2.183;0.051959
2.184;0.044562
2.185;0.03026
2.186;0.019739
2.187;0.000506
2.188;-0.011823
2.189;-0.02218
2.19;-0.026454
2.191;-0.025467
2.192;-0.021029
2.193;-0.010179
2.194;0.005602
2.195;0.019739
2.196;0.031575
2.197;0.047685
2.198;0.056069
2.199;0.057877
2.2;0.051466
2.201;0.047521
2.202;0.032397
2.203;0.018917
2.204;0.002807
2.205;-0.009686
2.206;-0.016919
2.207;-0.021029
2.208;-0.016426
2.209;-0.011823
2.21;0.000177
2.211;0.013164
2.212;0.031082
2.213;0.04374
2.214;0.056234
2.215;0.058535
2.216;0.065275
2.217;0.058206
2.218;0.049
2.219;0.033219
2.22;0.021383
2.221;0.004616
2.222;-0.007056
2.223;-0.014782
2.224;-0.017741
2.225;-0.011988
2.226;-0.005248
2.227;0.013328
2.228;0.027466
2.229;0.043576
2.23;0.052781
2.231;0.068891
2.232;0.070535
2.233;0.070371
2.234;0.05985
2.235;0.052617
2.236;0.036507
2.237;0.021876
2.238;0.008068
2.239;-0.003933
2.24;-0.008535
2.241;-0.010673
2.242;-0.000974
2.243;0.009218
2.244;0.024342
2.245;0.037
2.246;0.053603
2.247;0.066097
2.248;0.076782
2.249;0.074152
2.25;0.076782
2.251;0.065604
2.252;0.053275
2.253;0.038151
2.254;0.025329
2.255;0.009218
2.256;0.000342
2.257;-0.00048
2.258;0.000506
2.259;0.007903
2.26;0.017602
2.261;0.036343
2.262;0.05048
2.263;0.065604
2.264;0.073494
2.265;0.084508
2.266;0.083193
2.267;0.077933
2.268;0.066754
2.269;0.054754
2.27;0.037329
2.271;0.020232
2.272;0.009712
2.273;0.004616
2.274;0.000835
2.275;0.002479
2.276;0.010534
2.277;0.027959
2.278;0.041274
2.279;0.053439
2.28;0.069056
2.281;0.076946
2.282;0.0827
2.283;0.080563
2.284;0.075631
2.285;0.060343
2.286;0.045713
2.287;0.030096
2.288;0.013328
2.289;0.003958
2.29;-0.003933
2.291;1.27E-05
2.292;0.002479
2.293;0.011849
2.294;0.023685
2.295;0.039795
2.296;0.054096
2.297;0.066426
2.298;0.073494
2.299;0.076453
2.3;0.070207
2.301;0.060836
2.302;0.048507
2.303;0.033877
2.304;0.015301
2.305;-0.001138
2.306;-0.008535
2.307;-0.011166
2.308;-0.010508
2.309;-0.008042
2.31;0.005109
2.311;0.020232
2.312;0.032562
2.313;0.047521
2.314;0.058371
2.315;0.062152
2.316;0.064289
2.317;0.05722
2.318;0.049
2.319;0.032233
2.32;0.012999
2.321;0.000342
2.322;-0.013631
2.323;-0.019714
2.324;-0.02744
2.325;-0.020536
2.326;-0.013467
2.327;0.001163
2.328;0.013493
2.329;0.029109
2.33;0.041603
2.331;0.052288
2.332;0.053768
2.333;0.053603
2.334;0.043576
2.335;0.030918
2.336;0.019739
2.337;0.001163
2.338;-0.014782
2.339;-0.027111
2.34;-0.029742
2.341;-0.031714
2.342;-0.024974
2.343;-0.01807
2.344;-0.001631
2.345;0.012506
2.346;0.025657
2.347;0.037986
2.348;0.047028
2.349;0.046535
2.35;0.041932
2.351;0.036343
2.352;0.02237
2.353;0.008232
2.354;-0.014125
2.355;-0.023824
2.356;-0.033522
2.357;-0.037139
2.358;-0.036975
2.359;-0.027769
2.36;-0.017412
2.361;-0.002289
2.362;0.012671
2.363;0.026315
2.364;0.036671
2.365;0.041439
2.366;0.043247
2.367;0.037986
2.368;0.02763
2.369;0.010205
2.37;-0.001138
2.371;-0.020043
2.372;-0.030892
2.373;-0.041249
2.374;-0.040098
2.375;-0.03681
2.376;-0.028591
2.377;-0.015933
2.378;-0.001302
2.379;0.013821
2.38;0.027137
2.381;0.036671
2.382;0.041439
2.383;0.038644
2.384;0.029438
2.385;0.021548
2.386;0.004122
2.387;-0.009193
2.388;-0.027769
2.389;-0.035495
2.39;-0.040262
2.391;-0.042399
2.392;-0.033522
2.393;-0.026783
2.394;-0.011988
2.395;0.003136
2.396;0.015958
2.397;0.029274
2.398;0.037822
2.399;0.038315
2.4;0.037822
2.401;0.028123
2.402;0.015958
2.403;-0.003275
2.404;-0.014782
2.405;-0.03007
2.406;-0.038125
2.407;-0.042399
2.408;-0.041249
2.409;-0.034344
2.41;-0.022837
2.411;-0.006727
2.412;0.00741
2.413;0.021219
2.414;0.03174
2.415;0.040452
2.416;0.040781
2.417;0.034699
2.418;0.020397
2.419;0.01004
2.42;-0.00722
2.421;-0.021522
2.422;-0.032207
2.423;-0.040591
2.424;-0.041578
2.425;-0.039276
2.426;-0.032372
2.427;-0.016426
2.428;-0.002453
2.429;0.012177
2.43;0.026315
2.431;0.037
2.432;0.039795
2.433;0.034041
2.434;0.032397
2.435;0.019082
2.436;0.004451
2.437;-0.01133
2.438;-0.023824
2.439;-0.036317
2.44;-0.041906
2.441;-0.042071
2.442;-0.036646
2.443;-0.026783
2.444;-0.011823
2.445;0.003301
2.446;0.017602
2.447;0.030425
2.448;0.03437
2.449;0.041603
2.45;0.035849
2.451;0.028781
2.452;0.013493
2.453;0.00067
2.454;-0.01807
2.455;-0.03007
2.456;-0.038947
2.457;-0.042728
2.458;-0.040756
2.459;-0.034016
2.46;-0.021193
2.461;-0.004755
2.462;0.008068
2.463;0.018917
2.464;0.035356
2.465;0.039302
2.466;0.041274
2.467;0.032397
2.468;0.02615
2.469;0.009876
2.47;-0.004919
2.471;-0.019221
2.472;-0.033522
2.473;-0.037303
2.474;-0.043715
2.475;-0.034838
2.476;-0.029906
2.477;-0.015769
2.478;-0.003604
2.479;0.013493
2.48;0.02763
2.481;0.038151
2.482;0.039137
2.483;0.04111
2.484;0.032397
2.485;0.020397
2.486;0.00478
2.487;-0.007878
2.488;-0.024974
2.489;-0.036481
2.49;-0.039769
2.491;-0.040756
2.492;-0.03418
2.493;-0.027276
2.494;-0.008207
2.495;0.004616
2.496;0.018424
2.497;0.027959
2.498;0.041274
2.499;0.040781
2.5;0.037
2.501;0.028123
2.502;0.016945
2.503;-0.000974
2.504;-0.016262
2.505;-0.028098
2.506;-0.037797
2.507;-0.041084
2.508;-0.040591
2.509;-0.031221
2.51;-0.020865
2.511;-0.004755
2.512;0.007246
2.513;0.02237
2.514;0.03437
2.515;0.043082
2.516;0.039959
2.517;0.036507
2.518;0.024013
2.519;0.010369
2.52;-0.004919
2.521;-0.019385
2.522;-0.031714
2.523;-0.042071
2.524;-0.039112
2.525;-0.037632
2.526;-0.029577
2.527;-0.01807
2.528;0.001657
2.529;0.015465
2.53;0.028288
2.531;0.037986
2.532;0.044069
2.533;0.040123
2.534;0.032233
2.535;0.021548
2.536;0.008232
2.537;-0.007878
2.538;-0.025961
2.539;-0.033029
2.54;-0.036317
2.541;-0.039276
2.542;-0.036153
2.543;-0.025303
2.544;-0.00722
2.545;0.006917
2.546;0.020068
2.547;0.034206
2.548;0.04111
2.549;0.044398
2.55;0.040617
2.551;0.033712
2.552;0.019575
2.553;0.00215
2.554;-0.010673
2.555;-0.024974
2.556;-0.033358
2.557;-0.040098
2.558;-0.034838
2.559;-0.027111
2.56;-0.016262
2.561;-0.001302
2.562;0.014315
2.563;0.029438
2.564;0.040288
2.565;0.045384
2.566;0.047192
2.567;0.041274
2.568;0.030096
2.569;0.019082
2.57;0.003136
2.571;-0.012481
2.572;-0.027605
2.573;-0.030892
2.574;-0.031714
2.575;-0.027605
2.576;-0.019385
2.577;-0.00607
2.578;0.009218
2.579;0.023027
2.58;0.038151
2.581;0.048343
2.582;0.051302
2.583;0.048507
2.584;0.044398
2.585;0.03289
2.586;0.01826
2.587;-0.003111
2.588;-0.011988
2.589;-0.023166
2.59;-0.027111
2.591;-0.029413
2.592;-0.022673
2.593;-0.014453
2.594;0.001163
2.595;0.015794
2.596;0.030096
2.597;0.041932
2.598;0.048507
2.599;0.051302
2.6;0.049494
2.601;0.03963
2.602;0.022698
2.603;0.012177
2.604;-0.006892
2.605;-0.019549
2.606;-0.029577
2.607;-0.03007
2.608;-0.030563
2.609;-0.023659
2.61;-0.012481
2.611;0.002972
2.612;0.017767
2.613;0.029931
2.614;0.041603
2.615;0.046699
2.616;0.048014
2.617;0.037986
2.618;0.03289
2.619;0.018424
2.62;0.00215
2.621;-0.016262
2.622;-0.026289
2.623;-0.033851
2.624;-0.034016
2.625;-0.028098
2.626;-0.023002
2.627;-0.011001
2.628;0.004122
2.629;0.019739
2.63;0.031247
2.631;0.041274
2.632;0.042589
2.633;0.044398
2.634;0.036178
2.635;0.025329
2.636;0.006424
2.637;-0.005083
2.638;-0.022673
2.639;-0.033522
2.64;-0.037797
2.641;-0.037797
2.642;-0.032701
2.643;-0.024646
2.644;-0.009357
2.645;0.006917
2.646;0.021876
2.647;0.031411
2.648;0.041767
2.649;0.042261
2.65;0.039302
2.651;0.028123
2.652;0.019082
2.653;0.001492
2.654;-0.013467
2.655;-0.026947
2.656;-0.03681
2.657;-0.037139
2.658;-0.03944
2.659;-0.029084
2.66;-0.019221
2.661;-0.003604
2.662;0.009383
2.663;0.02352
2.664;0.036343
2.665;0.042425
2.666;0.03848
2.667;0.037658
2.668;0.025164
2.669;0.012506
2.67;-0.005248
2.671;-0.018234
2.672;-0.032043
2.673;-0.039276
2.674;-0.03829
2.675;-0.037797
2.676;-0.027933
2.677;-0.016262
2.678;-0.000152
2.679;0.014479
2.68;0.027466
2.681;0.033055
2.682;0.041603
2.683;0.037986
2.684;0.031575
2.685;0.018753
2.686;0.006095
2.687;-0.013303
2.688;-0.027933
2.689;-0.03829
2.69;-0.042564
2.691;-0.045358
2.692;-0.041742
2.693;-0.032865
2.694;-0.018892
2.695;-0.004097
2.696;0.006095
2.697;0.020561
2.698;0.026808
2.699;0.028452
2.7;0.023027
2.701;0.017109
2.702;0.001821
2.703;-0.013467
2.704;-0.030892
2.705;-0.041413
2.706;-0.050619
2.707;-0.053907
2.708;-0.045523
2.709;-0.037632
2.71;-0.023824
2.711;-0.006892
2.712;0.015465
2.713;0.03437
2.714;0.050973
2.715;0.059193
2.716;0.069056
2.717;0.068398
2.718;0.065111
2.719;0.056234
2.72;0.049987
2.721;0.038808
2.722;0.03174
2.723;0.031575
2.724;0.037658
2.725;0.045877
2.726;0.05722
2.727;0.075138
2.728;0.096344
2.729;0.112126
2.73;0.124783
2.731;0.135633
2.732;0.136126
2.733;0.12988
2.734;0.117057
2.735;0.098646
2.736;0.076618
2.737;0.05048
2.738;0.031411
2.739;0.013821
2.74;0.002314
2.741;-0.005741
2.742;-0.002124
2.743;0.003465
2.744;0.014808
2.745;0.022205
2.746;0.036014
2.747;0.045055
2.748;0.052453
2.749;0.049494
2.75;0.044726
2.751;0.034041
2.752;0.018424
2.753;0.00215
2.754;-0.012645
2.755;-0.028426
2.756;-0.040098
2.757;-0.040098
2.758;-0.041742
2.759;-0.033029
2.76;-0.023495
2.761;-0.004755
2.762;0.008232
2.763;0.021548
2.764;0.032562
2.765;0.040945
2.766;0.039466
2.767;0.034863
2.768;0.025822
2.769;0.01415
2.77;0.000177
2.771;-0.019385
2.772;-0.026947
2.773;-0.034344
2.774;-0.035166
2.775;-0.034344
2.776;-0.021193
2.777;-0.007878
2.778;0.007903
2.779;0.022698
2.78;0.035521
2.781;0.045384
2.782;0.049987
2.783;0.04637
2.784;0.040123
2.785;0.028781
2.786;0.011356
2.787;-0.001302
2.788;-0.015769
2.789;-0.028426
2.79;-0.037468
2.791;-0.033687
2.792;-0.027769
2.793;-0.019549
2.794;-0.003604
2.795;0.012177
2.796;0.025493
2.797;0.03848
2.798;0.044069
2.799;0.046863
2.8;0.043576
2.801;0.033712
2.802;0.023191
2.803;0.009218
2.804;-0.007714
2.805;-0.024317
2.806;-0.030728
2.807;-0.032701
2.808;-0.032536
2.809;-0.023988
2.81;-0.016262
2.811;0.002479
2.812;0.017274
2.813;0.03026
2.814;0.040288
2.815;0.046863
2.816;0.046535
2.817;0.043082
2.818;0.033712
2.819;0.020232
2.82;-0.001138
2.821;-0.011494
2.822;-0.025139
2.823;-0.029906
2.824;-0.033687
2.825;-0.029577
2.826;-0.019549
2.827;-0.006563
2.828;0.009218
2.829;0.02352
2.83;0.036836
2.831;0.045055
2.832;0.050644
2.833;0.048343
2.834;0.043082
2.835;0.026972
2.836;0.018753
2.837;0.002643
2.838;-0.01133
2.839;-0.024646
2.84;-0.027276
2.841;-0.026618
2.842;-0.022508
2.843;-0.012645
2.844;0.001492
2.845;0.017438
2.846;0.030096
2.847;0.04522
2.848;0.052288
2.849;0.054754
2.85;0.048507
2.851;0.045055
2.852;0.031247
2.853;0.016616
2.854;-0.002453
2.855;-0.012974
2.856;-0.0207
2.857;-0.025961
2.858;-0.023002
2.859;-0.014618
2.86;-0.00607
2.861;0.011027
2.862;0.026808
2.863;0.042425
2.864;0.053275
2.865;0.056562
2.866;0.061494
2.867;0.05459
2.868;0.045384
2.869;0.029767
2.87;0.017109
2.871;0.000999
2.872;-0.011001
2.873;-0.017248
2.874;-0.019549
2.875;-0.014125
2.876;-0.006563
2.877;0.008725
2.878;0.024178
2.879;0.038151
2.88;0.050151
2.881;0.063631
2.882;0.066097
2.883;0.066754
2.884;0.056069
2.885;0.047521
2.886;0.033384
2.887;0.016452
2.888;0.003465
2.889;-0.007385
2.89;-0.010015
2.891;-0.012974
2.892;-0.001631
2.893;0.005931
2.894;0.019739
2.895;0.033384
2.896;0.050973
2.897;0.062316
2.898;0.07185
2.899;0.070371
2.9;0.072015
2.901;0.062316
2.902;0.049987
2.903;0.035027
2.904;0.019246
2.905;0.007246
2.906;-0.003275
2.907;-0.005412
2.908;-0.003604
2.909;0.005273
2.91;0.013821
2.911;0.032233
2.912;0.04785
2.913;0.061987
2.914;0.070207
2.915;0.081221
2.916;0.079577
2.917;0.075796
2.918;0.065275
2.919;0.052124
2.92;0.036014
2.921;0.021383
2.922;0.010369
2.923;0.002807
2.924;0.002972
2.925;0.003794
2.926;0.01415
2.927;0.027794
2.928;0.044233
2.929;0.05459
2.93;0.072015
2.931;0.082864
2.932;0.086317
2.933;0.083029
2.934;0.078262
2.935;0.066426
2.936;0.050316
2.937;0.036836
2.938;0.021054
2.939;0.009218
2.94;0.003301
2.941;0.006095
2.942;0.011356
2.943;0.021548
2.944;0.032233
2.945;0.051466
2.946;0.064782
2.947;0.075138
2.948;0.082043
2.949;0.086645
2.95;0.082043
2.951;0.072508
2.952;0.05985
2.953;0.044398
2.954;0.027794
2.955;0.011356
2.956;0.003794
2.957;0.001328
2.958;0.00067
2.959;0.005109
2.96;0.016945
2.961;0.033055
2.962;0.048836
2.963;0.060672
2.964;0.071686
2.965;0.077275
2.966;0.076782
2.967;0.071193
2.968;0.058042
2.969;0.045055
2.97;0.026644
2.971;0.013328
2.972;1.27E-05
2.973;-0.007056
2.974;-0.014125
2.975;-0.008371
2.976;0.000506
2.977;0.012013
2.978;0.024671
2.979;0.042096
2.98;0.054754
2.981;0.064289
2.982;0.067248
2.983;0.065275
2.984;0.056562
2.985;0.043247
2.986;0.028945
2.987;0.011191
2.988;-0.00196
2.989;-0.015604
2.99;-0.020043
2.991;-0.019056
2.992;-0.011988
2.993;-0.007056
2.994;0.008561
2.995;0.023027
2.996;0.035192
2.997;0.048343
2.998;0.055576
2.999;0.057055
3;0.053275
3.001;0.044562
3.002;0.030918
3.003;0.015301
3.004;-0.003768
3.005;-0.014618
3.006;-0.024481
3.007;-0.026783
3.008;-0.029577
3.009;-0.018728
3.01;-0.009851
3.011;0.004944
3.012;0.020068
3.013;0.034863
3.014;0.044398
3.015;0.050316
3.016;0.049987
3.017;0.044562
3.018;0.033219
3.019;0.016616
3.02;0.003958
3.021;-0.011988
3.022;-0.024974
3.023;-0.035331
3.024;-0.032043
3.025;-0.031057
3.026;-0.021687
3.027;-0.009851
3.028;0.006753
3.029;0.019904
3.03;0.033219
3.031;0.043247
3.032;0.047521
3.033;0.044726
3.034;0.035685
3.035;0.025493
3.036;0.010862
3.037;-0.003768
3.038;-0.023495
3.039;-0.031714
3.04;-0.037139
3.041;-0.035495
3.042;-0.029577
3.043;-0.020207
3.044;-0.006727
3.045;0.007575
3.046;0.024013
3.047;0.033548
3.048;0.040945
3.049;0.041932
3.05;0.041439
3.051;0.029767
3.052;0.020232
3.053;-0.000152
3.054;-0.012152
3.055;-0.026783
3.056;-0.035002
3.057;-0.038783
3.058;-0.035331
3.059;-0.029906
3.06;-0.019714
3.061;-0.004261
3.062;0.011684
3.063;0.024178
3.064;0.034206
3.065;0.043411
3.066;0.042589
3.067;0.037822
3.068;0.022698
3.069;0.012177
3.07;-0.003439
3.071;-0.01807
3.072;-0.030728
3.073;-0.037468
3.074;-0.038783
3.075;-0.037632
3.076;-0.023495
3.077;-0.014453
3.078;0.000999
3.079;0.013986
3.08;0.028616
3.081;0.038644
3.082;0.043904
3.083;0.036343
3.084;0.035027
3.085;0.022205
3.086;0.008232
3.087;-0.011494
3.088;-0.021193
3.089;-0.033358
3.09;-0.038783
3.091;-0.039769
3.092;-0.033851
3.093;-0.02218
3.094;-0.0087
3.095;0.007081
3.096;0.020232
3.097;0.031575
3.098;0.037164
3.099;0.044398
3.1;0.03848
3.101;0.031411
3.102;0.015301
3.103;0.001821
3.104;-0.013138
3.105;-0.027769
3.106;-0.033851
3.107;-0.038947
3.108;-0.036481
3.109;-0.032043
3.11;-0.019385
3.111;-0.003275
3.112;0.012342
3.113;0.02237
3.114;0.037
3.115;0.042096
3.116;0.043576
3.117;0.034041
3.118;0.027137
3.119;0.011684
3.12;-0.002946
3.121;-0.018563
3.122;-0.030399
3.123;-0.037139
3.124;-0.04092
3.125;-0.036153
3.126;-0.025303
3.127;-0.01544
3.128;-0.000152
3.129;0.01563
3.13;0.030096
3.131;0.03963
3.132;0.039959
3.133;0.042425
3.134;0.034206
3.135;0.022863
3.136;0.008068
3.137;-0.0087
3.138;-0.02333
3.139;-0.033522
3.14;-0.038619
3.141;-0.037632
3.142;-0.031385
3.143;-0.02333
3.144;-0.008042
3.145;0.008725
3.146;0.020561
3.147;0.031082
3.148;0.042754
3.149;0.04374
3.15;0.041603
3.151;0.030918
3.152;0.017274
3.153;0.002807
3.154;-0.013138
3.155;-0.023659
3.156;-0.034509
3.157;-0.03566
3.158;-0.037468
3.159;-0.025961
3.16;-0.018563
3.161;-0.002617
3.162;0.009547
3.163;0.026644
3.164;0.036836
3.165;0.045548
3.166;0.042425
3.167;0.03848
3.168;0.027137
3.169;0.012013
3.17;-0.002782
3.171;-0.01659
3.172;-0.029577
3.173;-0.038619
3.174;-0.036481
3.175;-0.03566
3.176;-0.02481
3.177;-0.016097
3.178;0.003301
3.179;0.016287
3.18;0.029109
3.181;0.038808
3.182;0.044398
3.183;0.04111
3.184;0.034863
3.185;0.023685
3.186;0.008561
3.187;-0.007714
3.188;-0.023824
3.189;-0.033358
3.19;-0.038947
3.191;-0.03829
3.192;-0.034838
3.193;-0.0207
3.194;-0.007878
3.195;0.008397
3.196;0.020397
3.197;0.03437
3.198;0.042918
3.199;0.044891
3.2;0.041274
3.201;0.033384
3.202;0.018917
3.203;0.003136
3.204;-0.010179
3.205;-0.023659
3.206;-0.032701
3.207;-0.039276
3.208;-0.032043
3.209;-0.026947
3.21;-0.014125
3.211;-0.00196
3.212;0.015958
3.213;0.028781
3.214;0.039466
3.215;0.045713
3.216;0.04785
3.217;0.040452
3.218;0.028945
3.219;0.016452
3.22;0.001821
3.221;-0.011494
3.222;-0.028262
3.223;-0.032043
3.224;-0.031879
3.225;-0.030892
3.226;-0.02218
3.227;-0.011166
3.228;0.008232
3.229;0.022205
3.23;0.035849
3.231;0.045877
3.232;0.049165
3.233;0.046206
3.234;0.042261
3.235;0.029274
3.236;0.016287
3.237;-0.003439
3.238;-0.014782
3.239;-0.02481
3.24;-0.030235
3.241;-0.031714
3.242;-0.022344
3.243;-0.011988
3.244;0.00215
3.245;0.017274
3.246;0.032397
3.247;0.043904
3.248;0.051302
3.249;0.054261
3.25;0.052124
3.251;0.042589
3.252;0.026972
3.253;0.014643
3.254;-0.000809
3.255;-0.012152
3.256;-0.026618
3.257;-0.027933
3.258;-0.023495
3.259;-0.015933
3.26;-0.005083
3.261;0.007903
3.262;0.023685
3.263;0.036507
3.264;0.048507
3.265;0.05311
3.266;0.05311
3.267;0.044891
3.268;0.037
3.269;0.02237
3.27;0.008232
3.271;-0.01281
3.272;-0.021029
3.273;-0.029906
3.274;-0.027605
3.275;-0.02744
3.276;-0.01807
3.277;-0.0087
3.278;0.00889
3.279;0.023356
3.28;0.036343
3.281;0.045548
3.282;0.048507
3.283;0.050316
3.284;0.039302
3.285;0.030425
3.286;0.010369
3.287;-0.002946
3.288;-0.016426
3.289;-0.029084
3.29;-0.033194
3.291;-0.030235
3.292;-0.027111
3.293;-0.017906
3.294;-0.004755
3.295;0.012671
3.296;0.025329
3.297;0.036014
3.298;0.046535
3.299;0.046699
3.3;0.043576
3.301;0.029931
3.302;0.020726
3.303;0.005602
3.304;-0.010673
3.305;-0.023824
3.306;-0.034016
3.307;-0.037632
3.308;-0.035495
3.309;-0.023659
3.31;-0.015933
3.311;-0.002124
3.312;0.012506
3.313;0.026808
3.314;0.03848
3.315;0.044562
3.316;0.039959
3.317;0.040945
3.318;0.026972
3.319;0.01415
3.32;-0.004261
3.321;-0.015111
3.322;-0.031221
3.323;-0.037468
3.324;-0.037961
3.325;-0.035495
3.326;-0.025467
3.327;-0.013631
3.328;0.001163
3.329;0.016945
3.33;0.029603
3.331;0.036014
3.332;0.045877
3.333;0.042589
3.334;0.035192
3.335;0.020068
3.336;0.006917
3.337;-0.008371
3.338;-0.022015
3.339;-0.032536
3.34;-0.03944
3.341;-0.037303
3.342;-0.034344
3.343;-0.021522
3.344;-0.009193
3.345;0.007739
3.346;0.016616
3.347;0.032233
3.348;0.041274
3.349;0.041932
3.35;0.03437
3.351;0.029931
3.352;0.015136
3.353;-0.00048
3.354;-0.015604
3.355;-0.028591
3.356;-0.040427
3.357;-0.045687
3.358;-0.042399
3.359;-0.036646
3.36;-0.02744
3.361;-0.014947
3.362;0.002972
3.363;0.015136
3.364;0.021876
3.365;0.024507
3.366;0.029109
3.367;0.021876
3.368;0.01152
3.369;-0.002617
3.37;-0.018234
3.371;-0.032865
3.372;-0.04503
3.373;-0.048811
3.374;-0.048482
3.375;-0.042071
3.376;-0.031385
3.377;-0.013796
3.378;0.006259
3.379;0.026972
3.38;0.040452
3.381;0.060179
3.382;0.069878
3.383;0.07333
3.384;0.072015
3.385;0.067083
3.386;0.059686
3.387;0.049329
3.388;0.041274
3.389;0.036836
3.39;0.037164
3.391;0.040781
3.392;0.054261
3.393;0.06922
3.394;0.085166
3.395;0.098975
3.396;0.118372
3.397;0.13103
3.398;0.134976
3.399;0.132017
3.4;0.123962
3.401;0.106701
3.402;0.085988
3.403;0.064124
3.404;0.040452
3.405;0.021712
3.406;0.002643
3.407;-0.003111
3.408;-0.005741
3.409;-0.00196
3.41;0.001985
3.411;0.015136
3.412;0.028123
3.413;0.036836
3.414;0.046699
3.415;0.049658
3.416;0.048343
3.417;0.040781
3.418;0.026972
3.419;0.012999
3.42;-0.002782
3.421;-0.021358
3.422;-0.032043
3.423;-0.03944
3.424;-0.040756
3.425;-0.042071
3.426;-0.02892
3.427;-0.018234
3.428;-0.001631
3.429;0.013821
3.43;0.027137
3.431;0.036836
3.432;0.041932
3.433;0.040288
3.434;0.035192
3.435;0.022534
3.436;0.006917
3.437;-0.00607
3.438;-0.01807
3.439;-0.030399
3.44;-0.037632
3.441;-0.032207
3.442;-0.027111
3.443;-0.015769
3.444;-0.002782
3.445;0.014479
3.446;0.028123
3.447;0.040288
3.448;0.048672
3.449;0.051302
3.45;0.045384
3.451;0.035192
3.452;0.024178
3.453;0.009218
3.454;-0.005083
3.455;-0.025796
3.456;-0.029906
3.457;-0.03418
3.458;-0.031714
3.459;-0.025796
3.46;-0.011988
3.461;0.001328
3.462;0.016945
3.463;0.032233
3.464;0.041932
3.465;0.047357
3.466;0.044891
3.467;0.043082
3.468;0.030589
3.469;0.016123
3.47;-0.003439
3.471;-0.014782
3.472;-0.025303
3.473;-0.033687
3.474;-0.036646
3.475;-0.030235
3.476;-0.020865
3.477;-0.009851
3.478;0.006095
3.479;0.021548
3.48;0.034206
3.481;0.042754
3.482;0.050151
3.483;0.04637
3.484;0.040288
3.485;0.025164
3.486;0.013328
3.487;-0.002289
3.488;-0.015769
3.489;-0.029084
3.49;-0.032207
3.491;-0.030563
3.492;-0.024646
3.493;-0.013138
3.494;-0.002946
3.495;0.015465
3.496;0.028781
3.497;0.042261
3.498;0.048836
3.499;0.051466
3.5;0.045548
3.501;0.040452
3.502;0.025986
3.503;0.012342
3.504;-0.008535
3.505;-0.017248
3.506;-0.026783
3.507;-0.03007
3.508;-0.028262
3.509;-0.019056
3.51;-0.006563
3.511;0.006424
3.512;0.024342
3.513;0.037986
3.514;0.047357
3.515;0.051302
3.516;0.055905
3.517;0.049658
3.518;0.039466
3.519;0.022041
3.52;0.010205
3.521;-0.00459
3.522;-0.014453
3.523;-0.020371
3.524;-0.023002
3.525;-0.019056
3.526;-0.011494
3.527;0.002643
3.528;0.017109
3.529;0.033548
3.53;0.043904
3.531;0.056727
3.532;0.06133
3.533;0.057877
3.534;0.048014
3.535;0.042918
3.536;0.025822
3.537;0.011191
3.538;-0.002617
3.539;-0.012974
3.54;-0.019221
3.541;-0.019056
3.542;-0.011659
3.543;-0.001302
3.544;0.009383
3.545;0.027794
3.546;0.042096
3.547;0.057549
3.548;0.065111
3.549;0.062973
3.55;0.065111
3.551;0.05574
3.552;0.042754
3.553;0.026644
3.554;0.01152
3.555;-0.002453
3.556;-0.010508
3.557;-0.012152
3.558;-0.009851
3.559;-0.002124
3.56;0.008561
3.561;0.024178
3.562;0.041767
3.563;0.054096
3.564;0.062973
3.565;0.073494
3.566;0.07333
3.567;0.06922
3.568;0.057549
3.569;0.044891
3.57;0.028452
3.571;0.015301
3.572;0.003794
3.573;-0.004261
3.574;-0.004755
3.575;-0.003768
3.576;0.011356
3.577;0.021548
3.578;0.036178
3.579;0.049
3.58;0.065439
3.581;0.075796
3.582;0.08007
3.583;0.076125
3.584;0.073659
3.585;0.05985
3.586;0.04637
3.587;0.03026
3.588;0.017767
3.589;0.005602
3.59;-0.000152
3.591;0.001821
3.592;0.008397
3.593;0.019575
3.594;0.029274
3.595;0.04785
3.596;0.063631
3.597;0.075138
3.598;0.082043
3.599;0.087467
3.6;0.081714
3.601;0.072672
3.602;0.060836
3.603;0.045384
3.604;0.030096
3.605;0.014643
3.606;0.00741
3.607;0.003958
3.608;0.007246
3.609;0.010369
3.61;0.025493
3.611;0.036671
3.612;0.05459
3.613;0.064289
3.614;0.078097
3.615;0.08533
3.616;0.084508
3.617;0.077275
3.618;0.068563
3.619;0.053439
3.62;0.034699
3.621;0.02237
3.622;0.009547
3.623;1.27E-05
3.624;-0.003768
3.625;0.004451
3.626;0.010534
3.627;0.02352
3.628;0.034206
3.629;0.05311
3.63;0.064782
3.631;0.073987
3.632;0.076618
3.633;0.076289
3.634;0.066097
3.635;0.052453
3.636;0.038315
3.637;0.021876
3.638;0.007903
3.639;-0.007878
3.64;-0.010837
3.641;-0.010015
3.642;-0.005576
3.643;0.00067
3.644;0.016123
3.645;0.031411
3.646;0.046041
3.647;0.056562
3.648;0.063138
3.649;0.065932
3.65;0.060343
3.651;0.052617
3.652;0.037164
3.653;0.022534
3.654;0.003629
3.655;-0.007714
3.656;-0.016755
3.657;-0.022837
3.658;-0.023824
3.659;-0.014289
3.66;-0.001138
3.661;0.010698
3.662;0.025822
3.663;0.040617
3.664;0.051631
3.665;0.055576
3.666;0.055083
3.667;0.050316
3.668;0.038151
3.669;0.021219
3.67;0.008561
3.671;-0.007878
3.672;-0.019385
3.673;-0.031714
3.674;-0.029742
3.675;-0.023824
3.676;-0.015111
3.677;-0.002946
3.678;0.009054
3.679;0.025657
3.68;0.037329
3.681;0.046863
3.682;0.049329
3.683;0.046699
3.684;0.036836
3.685;0.028945
3.686;0.012177
3.687;-0.001631
3.688;-0.021029
3.689;-0.029248
3.69;-0.03418
3.691;-0.032536
3.692;-0.029084
3.693;-0.016755
3.694;-0.005741
3.695;0.009383
3.696;0.023356
3.697;0.036178
3.698;0.043411
3.699;0.04374
3.7;0.043576
3.701;0.032397
3.702;0.021054
3.703;0.000506
3.704;-0.012645
3.705;-0.026618
3.706;-0.035166
3.707;-0.038947
3.708;-0.034838
3.709;-0.029248
3.71;-0.016919
3.711;-0.002289
3.712;0.012999
3.713;0.026479
3.714;0.035521
3.715;0.043247
3.716;0.043411
3.717;0.037
3.718;0.02237
3.719;0.01415
3.72;-0.003604
3.721;-0.016755
3.722;-0.032207
3.723;-0.037632
3.724;-0.040098
3.725;-0.036481
3.726;-0.024152
3.727;-0.013303
3.728;0.00067
3.729;0.014643
3.73;0.029767
3.731;0.039137
3.732;0.042754
3.733;0.037
3.734;0.034699
3.735;0.021054
3.736;0.008561
3.737;-0.01281
3.738;-0.023002
3.739;-0.034673
3.74;-0.039605
3.741;-0.03944
3.742;-0.032043
3.743;-0.023495
3.744;-0.009686
3.745;0.005766
3.746;0.020726
3.747;0.031411
3.748;0.037329
3.749;0.044069
3.75;0.039795
3.751;0.029931
3.752;0.013164
3.753;0.001492
3.754;-0.015604
3.755;-0.027276
3.756;-0.03418
3.757;-0.039605
3.758;-0.036153
3.759;-0.031714
3.76;-0.016097
3.761;-0.004097
3.762;0.011356
3.763;0.022041
3.764;0.035192
3.765;0.041767
3.766;0.041767
3.767;0.032233
3.768;0.02763
3.769;0.012342
3.77;-0.004426
3.771;-0.018728
3.772;-0.028591
3.773;-0.038125
3.774;-0.040427
3.775;-0.03681
3.776;-0.026783
3.777;-0.013467
3.778;0.000342
3.779;0.016616
3.78;0.030918
3.781;0.037493
3.782;0.038644
3.783;0.041439
3.784;0.033055
3.785;0.02237
3.786;0.006424
3.787;-0.009686
3.788;-0.023659
3.789;-0.035002
3.79;-0.038619
3.791;-0.035988
3.792;-0.031057
3.793;-0.023495
3.794;-0.008207
3.795;0.006917
3.796;0.021712
3.797;0.031082
3.798;0.040945
3.799;0.042261
3.8;0.03963
3.801;0.029767
3.802;0.017438
3.803;0.001821
3.804;-0.013138
3.805;-0.025961
3.806;-0.035988
3.807;-0.038947
3.808;-0.03829
3.809;-0.029084
3.81;-0.017577
3.811;-0.005248
3.812;0.008725
3.813;0.026972
3.814;0.03963
3.815;0.043411
3.816;0.041439
3.817;0.038151
3.818;0.026972
3.819;0.012506
3.82;-0.002782
3.821;-0.01807
3.822;-0.028262
3.823;-0.038619
3.824;-0.03829
3.825;-0.035166
3.826;-0.024646
3.827;-0.015769
3.828;0.00215
3.829;0.019082
3.83;0.030096
3.831;0.038315
3.832;0.044069
3.833;0.041932
3.834;0.035849
3.835;0.022698
3.836;0.008725
3.837;-0.007878
3.838;-0.024646
3.839;-0.033194
3.84;-0.038783
3.841;-0.035988
3.842;-0.035331
3.843;-0.021358
3.844;-0.005741
3.845;0.007246
3.846;0.020726
3.847;0.03289
3.848;0.041603
3.849;0.044726
3.85;0.038973
3.851;0.031904
3.852;0.018589
3.853;0.001163
3.854;-0.014125
3.855;-0.025632
3.856;-0.035495
3.857;-0.041413
3.858;-0.034344
3.859;-0.029084
3.86;-0.01659
3.861;-0.004919
3.862;0.014808
3.863;0.027466
3.864;0.037822
3.865;0.045384
3.866;0.04522
3.867;0.037986
3.868;0.027794
3.869;0.015465
3.87;-0.000316
3.871;-0.014782
3.872;-0.030728
3.873;-0.034016
3.874;-0.036317
3.875;-0.032536
3.876;-0.025961
3.877;-0.008535
3.878;0.005273
3.879;0.02089
3.88;0.03289
3.881;0.042425
3.882;0.046041
3.883;0.043411
3.884;0.038808
3.885;0.025493
3.886;0.013164
3.887;-0.005741
3.888;-0.018892
3.889;-0.02744
3.89;-0.035002
3.891;-0.03681
3.892;-0.025632
3.893;-0.017248
3.894;-0.00196
3.895;0.013164
3.896;0.027959
3.897;0.039795
3.898;0.047357
3.899;0.051795
3.9;0.047357
3.901;0.037658
3.902;0.02237
3.903;0.010205
3.904;-0.004919
3.905;-0.017577
3.906;-0.029742
3.907;-0.029906
3.908;-0.024646
3.909;-0.020043
3.91;-0.006892
3.911;0.004616
3.912;0.024507
3.913;0.035356
3.914;0.047521
3.915;0.05311
3.916;0.053439
3.917;0.047028
3.918;0.039466
3.919;0.023027
3.92;0.010862
3.921;-0.009522
3.922;-0.019385
3.923;-0.025796
3.924;-0.027605
3.925;-0.02481
3.926;-0.014125
3.927;-0.001631
3.928;0.013493
3.929;0.028616
3.93;0.041603
3.931;0.049165
3.932;0.051795
3.933;0.052781
3.934;0.044726
3.935;0.034041
3.936;0.012999
3.937;0.000835
3.938;-0.01281
3.939;-0.022673
3.94;-0.029084
3.941;-0.029906
3.942;-0.022508
3.943;-0.014125
3.944;0.000342
3.945;0.014315
3.946;0.029438
3.947;0.038808
3.948;0.048179
3.949;0.05048
3.95;0.046535
3.951;0.033219
3.952;0.024342
3.953;0.008561
3.954;-0.006398
3.955;-0.022344
3.956;-0.028591
3.957;-0.035002
3.958;-0.031714
3.959;-0.025139
3.96;-0.013303
3.961;0.00067
3.962;0.014808
3.963;0.028945
3.964;0.040781
3.965;0.045548
3.966;0.040452
3.967;0.040781
3.968;0.026808
3.969;0.01563
3.97;-0.002946
3.971;-0.015604
3.972;-0.028591
3.973;-0.035824
3.974;-0.036317
3.975;-0.030892
3.976;-0.023659
3.977;-0.012645
3.978;0.002972
3.979;0.019904
3.98;0.030753
3.981;0.037658
3.982;0.04522
3.983;0.043247
3.984;0.035685
3.985;0.020561
3.986;0.009547
3.987;-0.008042
3.988;-0.022015
3.989;-0.032536
3.99;-0.037797
3.991;-0.037468
3.992;-0.032701
3.993;-0.019221
3.994;-0.006234
3.995;0.007246
3.996;0.020232
3.997;0.033877
3.998;0.042589
3.999;0.044726
4;0.035849
4.001;0.03174
4.002;0.017931
4.003;0.002807
4.004;-0.013138
4.005;-0.024646
4.006;-0.035331
4.007;-0.042071
4.008;-0.038783
4.009;-0.029084
4.01;-0.017577
4.011;-0.00459
4.012;0.010534
4.013;0.025329
4.014;0.034699
4.015;0.037329
4.016;0.041932
4.017;0.035027
4.018;0.022698
4.019;0.00889
4.02;-0.006398
4.021;-0.023495
4.022;-0.03566
4.023;-0.042564
4.024;-0.045687
4.025;-0.040591
4.026;-0.036317
4.027;-0.023824
4.028;-0.010179
4.029;0.005109
4.03;0.012999
4.031;0.024507
4.032;0.028781
4.033;0.026808
4.034;0.018753
4.035;0.007246
4.036;-0.009193
4.037;-0.025303
4.038;-0.035331
4.039;-0.04503
4.04;-0.049139
4.041;-0.047002
4.042;-0.035166
4.043;-0.021687
4.044;-0.003604
4.045;0.013657
4.046;0.037658
4.047;0.054096
4.048;0.066426
4.049;0.074809
4.05;0.078426
4.051;0.074809
4.052;0.067905
4.053;0.061001
4.054;0.051138
4.055;0.044562
4.056;0.038644
4.057;0.042425
4.058;0.051138
4.059;0.062152
4.06;0.072837
4.061;0.092235
4.062;0.108673
4.063;0.122646
4.064;0.129386
4.065;0.130866
4.066;0.124783
4.067;0.113934
4.068;0.095194
4.069;0.072179
4.07;0.050644
4.071;0.025822
4.072;0.010862
4.073;-0.002124
4.074;-0.008042
4.075;-0.012974
4.076;-0.003604
4.077;0.006424
4.078;0.01678
4.079;0.028123
4.08;0.040123
4.081;0.046699
4.082;0.047685
4.083;0.04374
4.084;0.035521
4.085;0.021712
4.086;0.005766
4.087;-0.009193
4.088;-0.023659
4.089;-0.033851
4.09;-0.04503
4.091;-0.042235
4.092;-0.03566
4.093;-0.024152
4.094;-0.012481
4.095;0.004122
4.096;0.019246
4.097;0.030589
4.098;0.03848
4.099;0.042918
4.1;0.037822
4.101;0.029931
4.102;0.019411
4.103;0.004944
4.104;-0.009851
4.105;-0.026454
4.106;-0.031221
4.107;-0.03418
4.108;-0.031221
4.109;-0.026618
4.11;-0.010179
4.111;0.003629
4.112;0.017602
4.113;0.031904
4.114;0.043082
4.115;0.049329
4.116;0.048672
4.117;0.04522
4.118;0.032068
4.119;0.018753
4.12;-0.000645
4.121;-0.012316
4.122;-0.023988
4.123;-0.033029
4.124;-0.036975
4.125;-0.028591
4.126;-0.021522
4.127;-0.006727
4.128;0.005273
4.129;0.022205
4.13;0.035356
4.131;0.043247
4.132;0.048014
4.133;0.047028
4.134;0.038315
4.135;0.023356
4.136;0.012999
4.137;-0.003275
4.138;-0.016919
4.139;-0.033029
4.14;-0.03418
4.141;-0.03418
4.142;-0.026125
4.143;-0.014453
4.144;-0.000809
4.145;0.012177
4.146;0.025493
4.147;0.040123
4.148;0.046863
4.149;0.04785
4.15;0.042096
4.151;0.035685
4.152;0.021548
4.153;0.009054
4.154;-0.012316
4.155;-0.022015
4.156;-0.029742
4.157;-0.033029
4.158;-0.029084
4.159;-0.021522
4.16;-0.011001
4.161;0.002972
4.162;0.01826
4.163;0.034699
4.164;0.044891
4.165;0.049
4.166;0.052453
4.167;0.044891
4.168;0.035849
4.169;0.017767
4.17;0.005273
4.171;-0.009686
4.172;-0.021193
4.173;-0.02744
4.174;-0.029413
4.175;-0.023824
4.176;-0.015769
4.177;0.000506
4.178;0.01004
4.179;0.028616
4.18;0.039959
4.181;0.05048
4.182;0.05574
4.183;0.053768
4.184;0.042754
4.185;0.036343
4.186;0.020068
4.187;0.005438
4.188;-0.010673
4.189;-0.017906
4.19;-0.024481
4.191;-0.023166
4.192;-0.017084
4.193;-0.006563
4.194;0.008397
4.195;0.022534
4.196;0.03848
4.197;0.05048
4.198;0.058699
4.199;0.057055
4.2;0.056891
4.201;0.04785
4.202;0.036671
4.203;0.018589
4.204;0.005273
4.205;-0.008207
4.206;-0.015933
4.207;-0.017084
4.208;-0.016426
4.209;-0.006563
4.21;0.001821
4.211;0.019739
4.212;0.034041
4.213;0.048343
4.214;0.056727
4.215;0.06659
4.216;0.066919
4.217;0.061823
4.218;0.049494
4.219;0.037329
4.22;0.021876
4.221;0.008068
4.222;-0.003604
4.223;-0.011001
4.224;-0.01281
4.225;-0.009029
4.226;0.001492
4.227;0.016123
4.228;0.027466
4.229;0.043082
4.23;0.058699
4.231;0.071193
4.232;0.071522
4.233;0.067741
4.234;0.066426
4.235;0.053768
4.236;0.039466
4.237;0.023027
4.238;0.010205
4.239;-0.000316
4.24;-0.007385
4.241;-0.004426
4.242;0.003136
4.243;0.012013
4.244;0.024342
4.245;0.042589
4.246;0.059028
4.247;0.070042
4.248;0.074645
4.249;0.081221
4.25;0.076782
4.251;0.068891
4.252;0.055576
4.253;0.040123
4.254;0.024342
4.255;0.010534
4.256;0.003958
4.257;0.00067
4.258;0.004287
4.259;0.009218
4.26;0.024013
4.261;0.039466
4.262;0.052946
4.263;0.064124
4.264;0.079084
4.265;0.084673
4.266;0.085166
4.267;0.07859
4.268;0.069713
4.269;0.05459
4.27;0.037822
4.271;0.022698
4.272;0.011684
4.273;0.004944
4.274;0.00067
4.275;0.007903
4.276;0.015465
4.277;0.030753
4.278;0.039795
4.279;0.05722
4.28;0.072672
4.281;0.080727
4.282;0.083029
4.283;0.083029
4.284;0.073166
4.285;0.061823
4.286;0.04785
4.287;0.03174
4.288;0.01563
4.289;0.003465
4.29;-0.002289
4.291;-0.001796
4.292;0.005766
4.293;0.010698
4.294;0.026972
4.295;0.038808
4.296;0.05574
4.297;0.066919
4.298;0.073987
4.299;0.076289
4.3;0.0707
4.301;0.061165
4.302;0.048179
4.303;0.032562
4.304;0.013328
4.305;0.00067
4.306;-0.006727
4.307;-0.011988
4.308;-0.014782
4.309;-0.001631
4.31;0.007903
4.311;0.021712
4.312;0.034041
4.313;0.049987
4.314;0.05985
4.315;0.063302
4.316;0.06396
4.317;0.058206
4.318;0.045548
4.319;0.028288
4.32;0.015301
4.321;0.000835
4.322;-0.010837
4.323;-0.023824
4.324;-0.023166
4.325;-0.018234
4.326;-0.010344
4.327;0.001492
4.328;0.014479
4.329;0.030096
4.33;0.043247
4.331;0.052288
4.332;0.05722
4.333;0.052288
4.334;0.04374
4.335;0.033548
4.336;0.017274
4.337;0.002314
4.338;-0.016919
4.339;-0.025632
4.34;-0.029906
4.341;-0.030399
4.342;-0.02744
4.343;-0.014289
4.344;-0.000152
4.345;0.013164
4.346;0.028452
4.347;0.040617
4.348;0.046535
4.349;0.04785
4.35;0.046535
4.351;0.036343
4.352;0.022041
4.353;0.002807
4.354;-0.009029
4.355;-0.022015
4.356;-0.029906
4.357;-0.037797
4.358;-0.033687
4.359;-0.024974
4.36;-0.013303
4.361;0.001657
4.362;0.014479
4.363;0.028616
4.364;0.037329
4.365;0.043576
4.366;0.044891
4.367;0.038151
4.368;0.025164
4.369;0.013328
4.37;-0.002124
4.371;-0.016097
4.372;-0.033029
4.373;-0.037797
4.374;-0.038783
4.375;-0.033522
4.376;-0.025961
4.377;-0.013303
4.378;0.000177
4.379;0.014972
4.38;0.028452
4.381;0.03848
4.382;0.040288
4.383;0.038315
4.384;0.035027
4.385;0.020726
4.386;0.00741
4.387;-0.014618
4.388;-0.024646
4.389;-0.03566
4.39;-0.041413
4.391;-0.038454
4.392;-0.032372
4.393;-0.024152
4.394;-0.008864
4.395;0.00478
4.396;0.021876
4.397;0.033384
4.398;0.037822
4.399;0.041439
4.4;0.037822
4.401;0.029109
4.402;0.012013
4.403;0.000999
4.404;-0.016755
4.405;-0.027769
4.406;-0.036975
4.407;-0.041084
4.408;-0.039112
4.409;-0.031879
4.41;-0.016919
4.411;-0.004261
4.412;0.009383
4.413;0.021383
4.414;0.035356
4.415;0.041932
4.416;0.040945
4.417;0.031411
4.418;0.026315
4.419;0.010369
4.42;-0.006234
4.421;-0.021029
4.422;-0.030235
4.423;-0.039276
4.424;-0.041742
4.425;-0.037468
4.426;-0.025796
4.427;-0.014618
4.428;-0.000645
4.429;0.014643
4.43;0.028616
4.431;0.037164
4.432;0.037164
4.433;0.041603
4.434;0.032068
4.435;0.019739
4.436;0.005766
4.437;-0.010015
4.438;-0.024974
4.439;-0.034016
4.44;-0.039769
4.441;-0.038783
4.442;-0.032372
4.443;-0.024646
4.444;-0.006727
4.445;0.001821
4.446;0.02089
4.447;0.028288
4.448;0.03963
4.449;0.041767
4.45;0.038973
4.451;0.027959
4.452;0.018095
4.453;0.000342
4.454;-0.016919
4.455;-0.02892
4.456;-0.037139
4.457;-0.041906
4.458;-0.039276
4.459;-0.030728
4.46;-0.018234
4.461;-0.002617
4.462;0.007903
4.463;0.026315
4.464;0.036343
4.465;0.041603
4.466;0.038973
4.467;0.037493
4.468;0.02615
4.469;0.012342
4.47;-0.004097
4.471;-0.018399
4.472;-0.031057
4.473;-0.038947
4.474;-0.039769
4.475;-0.033358
4.476;-0.024481
4.477;-0.01544
4.478;0.002807
4.479;0.017274
4.48;0.029603
4.481;0.036014
4.482;0.042096
4.483;0.040781
4.484;0.033712
4.485;0.021219
4.486;0.007081
4.487;-0.0087
4.488;-0.024152
4.489;-0.033029
4.49;-0.038125
4.491;-0.038619
4.492;-0.034673
4.493;-0.022344
4.494;-0.007549
4.495;0.003136
4.496;0.017931
4.497;0.033877
4.498;0.040288
4.499;0.042754
4.5;0.038644
4.501;0.030425
4.502;0.01678
4.503;1.27E-05
4.504;-0.013467
4.505;-0.027276
4.506;-0.034344
4.507;-0.041906
4.508;-0.03829
4.509;-0.030399
4.51;-0.015933
4.511;-0.004919
4.512;0.010534
4.513;0.027466
4.514;0.035521
4.515;0.04111
4.516;0.041439
4.517;0.035685
4.518;0.025657
4.519;0.010698
4.52;-0.003933
4.521;-0.018892
4.522;-0.033522
4.523;-0.040098
4.524;-0.039605
4.525;-0.034838
4.526;-0.02892
4.527;-0.012974
4.528;0.004451
4.529;0.016123
4.53;0.029274
4.531;0.039137
4.532;0.044069
4.533;0.04111
4.534;0.034699
4.535;0.023191
4.536;0.008397
4.537;-0.010344
4.538;-0.021687
4.539;-0.031221
4.54;-0.03829
4.541;-0.040427
4.542;-0.03007
4.543;-0.019714
4.544;-0.005412
4.545;0.008397
4.546;0.025164
4.547;0.035685
4.548;0.042918
4.549;0.04522
4.55;0.042261
4.551;0.03174
4.552;0.01826
4.553;0.005438
4.554;-0.009851
4.555;-0.019878
4.556;-0.035988
4.557;-0.035824
4.558;-0.033358
4.559;-0.022344
4.56;-0.014125
4.561;0.003136
4.562;0.016452
4.563;0.032397
4.564;0.04374
4.565;0.048507
4.566;0.048179
4.567;0.040781
4.568;0.033548
4.569;0.018589
4.57;0.00478
4.571;-0.014947
4.572;-0.024481
4.573;-0.029742
4.574;-0.031714
4.575;-0.028262
4.576;-0.015604
4.577;-0.004261
4.578;0.011356
4.579;0.025986
4.58;0.039959
4.581;0.049329
4.582;0.052124
4.583;0.054261
4.584;0.044233
4.585;0.033219
4.586;0.014808
4.587;0.002479
4.588;-0.01133
4.589;-0.022015
4.59;-0.029248
4.591;-0.027769
4.592;-0.021029
4.593;-0.010508
4.594;0.005602
4.595;0.014315
4.596;0.030753
4.597;0.041767
4.598;0.051138
4.599;0.05311
4.6;0.04785
4.601;0.035356
4.602;0.027466
4.603;0.010205
4.604;-0.00459
4.605;-0.022015
4.606;-0.027933
4.607;-0.031879
4.608;-0.030728
4.609;-0.022508
4.61;-0.009686
4.611;0.003465
4.612;0.017767
4.613;0.033055
4.614;0.043411
4.615;0.04785
4.616;0.044726
4.617;0.041932
4.618;0.031411
4.619;0.017767
4.62;-0.002782
4.621;-0.014125
4.622;-0.025961
4.623;-0.032536
4.624;-0.033029
4.625;-0.032043
4.626;-0.021193
4.627;-0.009686
4.628;0.005931
4.629;0.019082
4.63;0.03289
4.631;0.03963
4.632;0.045877
4.633;0.04374
4.634;0.037164
4.635;0.020068
4.636;0.011356
4.637;-0.007714
4.638;-0.021029
4.639;-0.032372
4.64;-0.037468
4.641;-0.03681
4.642;-0.032372
4.643;-0.017906
4.644;-0.006234
4.645;0.006424
4.646;0.020726
4.647;0.034041
4.648;0.042425
4.649;0.044398
4.65;0.036507
4.651;0.030589
4.652;0.016452
4.653;0.002479
4.654;-0.013631
4.655;-0.027769
4.656;-0.035495
4.657;-0.039605
4.658;-0.037632
4.659;-0.028262
4.66;-0.016919
4.661;-0.004426
4.662;0.011191
4.663;0.026479
4.664;0.036014
4.665;0.038315
4.666;0.042589
4.667;0.035685
4.668;0.02615
4.669;0.011027
4.67;-0.003933
4.671;-0.019385
4.672;-0.031879
4.673;-0.037632
4.674;-0.040427
4.675;-0.03566
4.676;-0.029248
4.677;-0.011166
4.678;0.000506
4.679;0.014972
4.68;0.024342
4.681;0.036671
4.682;0.042261
4.683;0.039137
4.684;0.028781
4.685;0.020397
4.686;0.002807
4.687;-0.014453
4.688;-0.028262
4.689;-0.038947
4.69;-0.045687
4.691;-0.047989
4.692;-0.03944
4.693;-0.029906
4.694;-0.017906
4.695;-0.006563
4.696;0.007903
4.697;0.019575
4.698;0.025986
4.699;0.025986
4.7;0.024178
4.701;0.013328
4.702;0.000999
4.703;-0.013796
4.704;-0.027111
4.705;-0.038947
4.706;-0.048153
4.707;-0.047495
4.708;-0.039769
4.709;-0.028262
4.71;-0.01659
4.711;0.005602
4.712;0.024013
4.713;0.045548
4.714;0.060836
4.715;0.074974
4.716;0.080892
4.717;0.080563
4.718;0.07744
4.719;0.071028
4.72;0.059686
4.721;0.048672
4.722;0.045548
4.723;0.04522
4.724;0.046041
4.725;0.050316
4.726;0.067083
4.727;0.083029
4.728;0.099468
4.729;0.110153
4.73;0.123633
4.731;0.1284
4.732;0.12429
4.733;0.116893
4.734;0.103249
4.735;0.080892
4.736;0.059028
4.737;0.036507
4.738;0.018589
4.739;0.003301
4.74;-0.011001
4.741;-0.013796
4.742;-0.007549
4.743;-0.003604
4.744;0.005766
4.745;0.018095
4.746;0.030096
4.747;0.040452
4.748;0.04522
4.749;0.04522
4.75;0.040781
4.751;0.029438
4.752;0.017109
4.753;-0.000809
4.754;-0.015275
4.755;-0.032207
4.756;-0.039605
4.757;-0.042235
4.758;-0.039276
4.759;-0.036317
4.76;-0.02218
4.761;-0.00607
4.762;0.006917
4.763;0.023685
4.764;0.035849
4.765;0.040781
4.766;0.041932
4.767;0.038315
4.768;0.027466
4.769;0.014479
4.77;-0.003768
4.771;-0.014947
4.772;-0.025961
4.773;-0.031057
4.774;-0.037139
4.775;-0.029413
4.776;-0.019878
4.777;-0.005083
4.778;0.011027
4.779;0.022534
4.78;0.036178
4.781;0.045055
4.782;0.049165
4.783;0.048836
4.784;0.037822
4.785;0.024671
4.786;0.014315
4.787;-0.002453
4.788;-0.015604
4.789;-0.033194
4.79;-0.035166
4.791;-0.033687
4.792;-0.024974
4.793;-0.017906
4.794;-0.002617
4.795;0.011356
4.796;0.024835
4.797;0.037164
4.798;0.04522
4.799;0.046041
4.8;0.040123
4.801;0.034863
4.802;0.020068
4.803;0.007246
4.804;-0.014125
4.805;-0.024152
4.806;-0.031221
4.807;-0.035988
4.808;-0.032865
4.809;-0.022837
4.81;-0.012316
4.811;0.002643
4.812;0.014972
4.813;0.032562
4.814;0.041603
4.815;0.04637
4.816;0.048179
4.817;0.043247
4.818;0.031575
4.819;0.013821
4.82;0.002479
4.821;-0.012481
4.822;-0.024152
4.823;-0.032865
4.824;-0.031879
4.825;-0.028426
4.826;-0.018234
4.827;-0.001467
4.828;0.01004
4.829;0.024342
4.83;0.035685
4.831;0.046863
4.832;0.051302
4.833;0.049
4.834;0.038973
4.835;0.031904
4.836;0.015301
4.837;1.27E-05
4.838;-0.015933
4.839;-0.022673
4.84;-0.029084
4.841;-0.028591
4.842;-0.021522
4.843;-0.010179
4.844;0.002807
4.845;0.01678
4.846;0.033384
4.847;0.045713
4.848;0.052288
4.849;0.052124
4.85;0.05311
4.851;0.044233
4.852;0.030918
4.853;0.013657
4.854;-0.000645
4.855;-0.012152
4.856;-0.020865
4.857;-0.022344
4.858;-0.02218
4.859;-0.011494
4.86;-0.001138
4.861;0.016616
4.862;0.025822
4.863;0.044069
4.864;0.051138
4.865;0.060014
4.866;0.060179
4.867;0.055247
4.868;0.041767
4.869;0.03174
4.87;0.014972
4.871;0.00067
4.872;-0.010344
4.873;-0.017248
4.874;-0.019549
4.875;-0.015604
4.876;-0.00459
4.877;0.009547
4.878;0.02615
4.879;0.037822
4.88;0.053275
4.881;0.06396
4.882;0.066754
4.883;0.062809
4.884;0.059357
4.885;0.04637
4.886;0.032726
4.887;0.016945
4.888;0.003301
4.889;-0.00607
4.89;-0.01281
4.891;-0.011659
4.892;-0.004919
4.893;0.008725
4.894;0.019739
4.895;0.038808
4.896;0.049987
4.897;0.064124
4.898;0.069385
4.899;0.073823
4.9;0.069713
4.901;0.062809
4.902;0.048836
4.903;0.034534
4.904;0.019082
4.905;0.006424
4.906;-0.00196
4.907;-0.005741
4.908;-0.002453
4.909;0.003629
4.91;0.018424
4.911;0.034863
4.912;0.044562
4.913;0.058535
4.914;0.074152
4.915;0.081385
4.916;0.080563
4.917;0.073987
4.918;0.064617
4.919;0.050151
4.92;0.035356
4.921;0.022205
4.922;0.008725
4.923;0.003794
4.924;-0.000809
4.925;0.004287
4.926;0.01678
4.927;0.029438
4.928;0.042261
4.929;0.059028
4.93;0.073823
4.931;0.081878
4.932;0.085988
4.933;0.083358
4.934;0.075467
4.935;0.065111
4.936;0.050973
4.937;0.034699
4.938;0.020726
4.939;0.006753
4.94;0.004122
4.941;0.004287
4.942;0.009876
4.943;0.018589
4.944;0.035356
4.945;0.050973
4.946;0.063631
4.947;0.074645
4.948;0.081878
4.949;0.084673
4.95;0.08007
4.951;0.071522
4.952;0.057055
4.953;0.041439
4.954;0.022698
4.955;0.01152
4.956;0.002479
4.957;-0.00048
4.958;-0.003933
4.959;0.007575
4.96;0.018095
4.961;0.034041
4.962;0.045384
4.963;0.059521
4.964;0.071193
4.965;0.075796
4.966;0.074809
4.967;0.067905
4.968;0.055576
4.969;0.040945
4.97;0.02615
4.971;0.010862
4.972;-0.000152
4.973;-0.014618
4.974;-0.013138
4.975;-0.009686
4.976;-0.000316
4.977;0.010369
4.978;0.026972
4.979;0.039795
4.98;0.05311
4.981;0.06133
4.982;0.064124
4.983;0.061987
4.984;0.051795
4.985;0.043082
4.986;0.025493
4.987;0.011191
4.988;-0.008535
4.989;-0.016755
4.99;-0.021522
4.991;-0.023166
4.992;-0.019878
4.993;-0.005083
4.994;0.008397
4.995;0.02237
4.996;0.034863
4.997;0.046699
4.998;0.055412
4.999;0.054754
5;0.051959
5.001;0.042425
5.002;0.026808
5.003;0.01004
5.004;-0.002617
5.005;-0.016097
5.006;-0.025467
5.007;-0.033194
5.008;-0.028755
5.009;-0.018728
5.01;-0.008371
5.011;0.007246
5.012;0.018589
5.013;0.033384
5.014;0.043576
5.015;0.050316
5.016;0.047685
5.017;0.041439
5.018;0.029109
5.019;0.019575
5.02;0.000999
5.021;-0.01133
5.022;-0.030235
5.023;-0.033358
5.024;-0.035824
5.025;-0.031879
5.026;-0.023002
5.027;-0.008864
5.028;0.005602
5.029;0.019411
5.03;0.033055
5.031;0.041603
5.032;0.044891
5.033;0.041603
5.034;0.036507
5.035;0.022041
5.036;0.009218
5.037;-0.010015
5.038;-0.022015
5.039;-0.032701
5.04;-0.036481
5.041;-0.036646
5.042;-0.031385
5.043;-0.019385
5.044;-0.007056
5.045;0.00889
5.046;0.021548
5.047;0.033055
5.048;0.038973
5.049;0.04111
5.05;0.040123
5.051;0.03174
5.052;0.013164
5.053;0.002479
5.054;-0.015111
5.055;-0.026289
5.056;-0.036646
5.057;-0.03829
5.058;-0.037303
5.059;-0.029742
5.06;-0.016919
5.061;-0.003439
5.062;0.01152
5.063;0.024178
5.064;0.036507
5.065;0.042261
5.066;0.04111
5.067;0.032068
5.068;0.025657
5.069;0.012013
5.07;-0.003275
5.071;-0.020865
5.072;-0.030399
5.073;-0.039276
5.074;-0.040756
5.075;-0.034673
5.076;-0.02481
5.077;-0.013631
5.078;0.001163
5.079;0.013821
5.08;0.03026
5.081;0.039795
5.082;0.037329
5.083;0.041274
5.084;0.033055
5.085;0.021712
5.086;0.003958
5.087;-0.010015
5.088;-0.023495
5.089;-0.034344
5.09;-0.039934
5.091;-0.037961
5.092;-0.032865
5.093;-0.023659
5.094;-0.005741
5.095;0.006753
5.096;0.020561
5.097;0.029931
5.098;0.04111
5.099;0.044726
5.1;0.038644
5.101;0.02615
5.102;0.01678
5.103;0.000999
5.104;-0.014453
5.105;-0.027276
5.106;-0.034509
5.107;-0.039276
5.108;-0.037468
5.109;-0.028426
5.11;-0.01544
5.111;-0.001302
5.112;0.01152
5.113;0.025493
5.114;0.037
5.115;0.041767
5.116;0.039466
5.117;0.037658
5.118;0.025822
5.119;0.011191
5.12;-0.003111
5.121;-0.019878
5.122;-0.030728
5.123;-0.039112
5.124;-0.040756
5.125;-0.035331
5.126;-0.023988
5.127;-0.012974
5.128;0.004616
5.129;0.013328
5.13;0.03026
5.131;0.034699
5.132;0.043411
5.133;0.041439
5.134;0.034206
5.135;0.022205
5.136;0.007081
5.137;-0.009029
5.138;-0.024974
5.139;-0.034016
5.14;-0.03829
5.141;-0.038619
5.142;-0.033687
5.143;-0.019878
5.144;-0.006563
5.145;0.00889
5.146;0.019246
5.147;0.036343
5.148;0.042589
5.149;0.043247
5.15;0.040452
5.151;0.03174
5.152;0.018589
5.153;0.002972
5.154;-0.011494
5.155;-0.025139
5.156;-0.033522
5.157;-0.039934
5.158;-0.035824
5.159;-0.027605
5.16;-0.014125
5.161;-0.004426
5.162;0.014479
5.163;0.028616
5.164;0.037493
5.165;0.043411
5.166;0.041767
5.167;0.036836
5.168;0.027466
5.169;0.013986
5.17;-0.004426
5.171;-0.017906
5.172;-0.031714
5.173;-0.038125
5.174;-0.038947
5.175;-0.03418
5.176;-0.027933
5.177;-0.012316
5.178;0.003794
5.179;0.01563
5.18;0.030096
5.181;0.040781
5.182;0.043247
5.183;0.040288
5.184;0.034041
5.185;0.023027
5.186;0.008068
5.187;-0.010344
5.188;-0.024152
5.189;-0.031879
5.19;-0.035988
5.191;-0.040591
5.192;-0.031221
5.193;-0.019549
5.194;-0.004755
5.195;0.010862
5.196;0.023849
5.197;0.036671
5.198;0.042261
5.199;0.044233
5.2;0.040452
5.201;0.030753
5.202;0.017931
5.203;0.004944
5.204;-0.011001
5.205;-0.022508
5.206;-0.036646
5.207;-0.036481
5.208;-0.034673
5.209;-0.024646
5.21;-0.014782
5.211;0.001985
5.212;0.016452
5.213;0.029767
5.214;0.040123
5.215;0.04637
5.216;0.045713
5.217;0.038315
5.218;0.031247
5.219;0.015301
5.22;0.001328
5.221;-0.017577
5.222;-0.026618
5.223;-0.032536
5.224;-0.033851
5.225;-0.031385
5.226;-0.018399
5.227;-0.006727
5.228;0.009876
5.229;0.021712
5.23;0.036671
5.231;0.046041
5.232;0.049165
5.233;0.048179
5.234;0.040945
5.235;0.029767
5.236;0.012999
5.237;0.00067
5.238;-0.014947
5.239;-0.022508
5.24;-0.031714
5.241;-0.027769
5.242;-0.022837
5.243;-0.009686
5.244;0.00478
5.245;0.018589
5.246;0.032068
5.247;0.043247
5.248;0.053275
5.249;0.054754
5.25;0.052617
5.251;0.038808
5.252;0.030096
5.253;0.013657
5.254;1.27E-05
5.255;-0.01807
5.256;-0.021687
5.257;-0.027933
5.258;-0.025303
5.259;-0.01659
5.26;-0.003768
5.261;0.009218
5.262;0.023191
5.263;0.037164
5.264;0.048836
5.265;0.052453
5.266;0.050809
5.267;0.048507
5.268;0.033877
5.269;0.023356
5.27;0.003958
5.271;-0.009522
5.272;-0.022344
5.273;-0.029577
5.274;-0.029742
5.275;-0.026454
5.276;-0.016097
5.277;-0.004426
5.278;0.013493
5.279;0.022698
5.28;0.037493
5.281;0.044891
5.282;0.048507
5.283;0.046863
5.284;0.039302
5.285;0.023027
5.286;0.013821
5.287;-0.003933
5.288;-0.017906
5.289;-0.029084
5.29;-0.03155
5.291;-0.033687
5.292;-0.028591
5.293;-0.016426
5.294;-0.001631
5.295;0.012177
5.296;0.024342
5.297;0.037493
5.298;0.043576
5.299;0.046206
5.3;0.037164
5.301;0.034206
5.302;0.020397
5.303;0.005273
5.304;-0.012645
5.305;-0.024646
5.306;-0.03418
5.307;-0.037303
5.308;-0.033194
5.309;-0.026783
5.31;-0.012481
5.311;-0.00196
5.312;0.014972
5.313;0.02763
5.314;0.03848
5.315;0.041603
5.316;0.043411
5.317;0.036671
5.318;0.027466
5.319;0.010369
5.32;-0.001631
5.321;-0.018399
5.322;-0.029084
5.323;-0.036153
5.324;-0.039112
5.325;-0.033194
5.326;-0.026618
5.327;-0.008207
5.328;0.003794
5.329;0.016123
5.33;0.027466
5.331;0.040288
5.332;0.044726
5.333;0.041603
5.334;0.031247
5.335;0.023191
5.336;0.005931
5.337;-0.009686
5.338;-0.02218
5.339;-0.031385
5.34;-0.038454
5.341;-0.040427
5.342;-0.032207
5.343;-0.020371
5.344;-0.007549
5.345;0.004122
5.346;0.019739
5.347;0.032562
5.348;0.03963
5.349;0.039137
5.35;0.037658
5.351;0.026479
5.352;0.01563
5.353;-0.002453
5.354;-0.019385
5.355;-0.033358
5.356;-0.043057
5.357;-0.045523
5.358;-0.04618
5.359;-0.03944
5.36;-0.030563
5.361;-0.012974
5.362;-0.000152
5.363;0.011849
5.364;0.018424
5.365;0.026808
5.366;0.026479
5.367;0.021219
5.368;0.010369
5.369;-0.002782
5.37;-0.017248
5.371;-0.032372
5.372;-0.040591
5.373;-0.044208
5.374;-0.041578
5.375;-0.036646
5.376;-0.018892
5.377;-0.000974
5.378;0.019411
5.379;0.035027
5.38;0.056562
5.381;0.072508
5.382;0.082207
5.383;0.086152
5.384;0.085002
5.385;0.080234
5.386;0.071028
5.387;0.062152
5.388;0.054754
5.389;0.049165
5.39;0.045548
5.391;0.05311
5.392;0.063138
5.393;0.076453
5.394;0.08796
5.395;0.105057
5.396;0.113112
5.397;0.122811
5.398;0.123797
5.399;0.11903
5.4;0.108016
5.401;0.090755
5.402;0.071522
5.403;0.04785
5.404;0.027137
5.405;0.006095
5.406;-0.006563
5.407;-0.012974
5.408;-0.014453
5.409;-0.014782
5.41;-0.00196
5.411;0.009876
5.412;0.023356
5.413;0.033548
5.414;0.042096
5.415;0.046206
5.416;0.044233
5.417;0.037
5.418;0.026479
5.419;0.009547
5.42;-0.007385
5.421;-0.020371
5.422;-0.034016
5.423;-0.038783
5.424;-0.045852
5.425;-0.038783
5.426;-0.027605
5.427;-0.013303
5.428;0.002643
5.429;0.013657
5.43;0.026479
5.431;0.039466
5.432;0.043247
5.433;0.04111
5.434;0.03437
5.435;0.021548
5.436;0.011684
5.437;-0.004919
5.438;-0.016755
5.439;-0.032536
5.44;-0.033522
5.441;-0.032701
5.442;-0.025796
5.443;-0.015933
5.444;0.000342
5.445;0.01563
5.446;0.026644
5.447;0.04111
5.448;0.050316
5.449;0.049329
5.45;0.043082
5.451;0.037164
5.452;0.022205
5.453;0.008397
5.454;-0.011659
5.455;-0.022673
5.456;-0.030563
5.457;-0.032207
5.458;-0.033194
5.459;-0.024317
5.46;-0.012645
5.461;0.002479
5.462;0.019904
5.463;0.031082
5.464;0.042096
5.465;0.045548
5.466;0.045384
5.467;0.040781
5.468;0.031082
5.469;0.013328
5.47;0.001657
5.471;-0.014947
5.472;-0.024974
5.473;-0.035988
5.474;-0.032372
5.475;-0.030563
5.476;-0.017577
5.477;-0.006892
5.478;0.007739
5.479;0.022534
5.48;0.03437
5.481;0.044891
5.482;0.048343
5.483;0.04522
5.484;0.037
5.485;0.027959
5.486;0.013493
5.487;-0.00048
5.488;-0.020536
5.489;-0.02481
5.49;-0.03155
5.491;-0.030892
5.492;-0.023495
5.493;-0.011823
5.494;-0.000152
5.495;0.016452
5.496;0.027301
5.497;0.042754
5.498;0.050151
5.499;0.048179
5.5;0.048672
5.501;0.040123
5.502;0.027301
5.503;0.007246
5.504;-0.003275
5.505;-0.017084
5.506;-0.025467
5.507;-0.02892
5.508;-0.024481
5.509;-0.01807
5.51;-0.00607
5.511;0.012177
5.512;0.025822
5.513;0.038151
5.514;0.046863
5.515;0.055247
5.516;0.056562
5.517;0.049987
5.518;0.035521
5.519;0.027301
5.52;0.010862
5.521;-0.004261
5.522;-0.016262
5.523;-0.021029
5.524;-0.023824
5.525;-0.019714
5.526;-0.009522
5.527;0.006259
5.528;0.02089
5.529;0.033384
5.53;0.046041
5.531;0.057877
5.532;0.061165
5.533;0.056069
5.534;0.05311
5.535;0.040781
5.536;0.027794
5.537;0.010698
5.538;-0.003111
5.539;-0.012481
5.54;-0.017412
5.541;-0.016097
5.542;-0.010837
5.543;0.003629
5.544;0.014479
5.545;0.033877
5.546;0.042589
5.547;0.057877
5.548;0.061823
5.549;0.067905
5.55;0.063467
5.551;0.056398
5.552;0.041603
5.553;0.028616
5.554;0.01152
5.555;-0.001302
5.556;-0.008042
5.557;-0.011166
5.558;-0.009522
5.559;-0.001467
5.56;0.014808
5.561;0.028123
5.562;0.042754
5.563;0.055412
5.564;0.069056
5.565;0.074974
5.566;0.073001
5.567;0.066919
5.568;0.059357
5.569;0.043904
5.57;0.029603
5.571;0.016287
5.572;0.005109
5.573;-0.003275
5.574;-0.005905
5.575;0.001328
5.576;0.009876
5.577;0.02615
5.578;0.036671
5.579;0.055247
5.58;0.066919
5.581;0.077111
5.582;0.080234
5.583;0.079248
5.584;0.071686
5.585;0.06248
5.586;0.046041
5.587;0.030425
5.588;0.015794
5.589;0.004451
5.59;0.001821
5.591;0.002314
5.592;0.009383
5.593;0.017438
5.594;0.03437
5.595;0.051631
5.596;0.062645
5.597;0.074316
5.598;0.086152
5.599;0.085659
5.6;0.082043
5.601;0.073166
5.602;0.060508
5.603;0.044726
5.604;0.027959
5.605;0.01678
5.606;0.00741
5.607;0.005438
5.608;0.002479
5.609;0.012999
5.61;0.02763
5.611;0.040781
5.612;0.053439
5.613;0.068891
5.614;0.078919
5.615;0.083358
5.616;0.082864
5.617;0.075631
5.618;0.065111
5.619;0.051795
5.62;0.036014
5.621;0.021548
5.622;0.007903
5.623;-0.002453
5.624;-0.001302
5.625;0.000999
5.626;0.010534
5.627;0.020561
5.628;0.038644
5.629;0.051138
5.63;0.062973
5.631;0.072179
5.632;0.075467
5.633;0.071522
5.634;0.063467
5.635;0.050809
5.636;0.036836
5.637;0.020232
5.638;0.001985
5.639;-0.006563
5.64;-0.011988
5.641;-0.011166
5.642;-0.009522
5.643;0.005109
5.644;0.017767
5.645;0.033877
5.646;0.044398
5.647;0.056562
5.648;0.063467
5.649;0.063631
5.65;0.06133
5.651;0.049987
5.652;0.03437
5.653;0.019246
5.654;0.003958
5.655;-0.009522
5.656;-0.015604
5.657;-0.026125
5.658;-0.019714
5.659;-0.013303
5.66;-0.000316
5.661;0.012999
5.662;0.029109
5.663;0.039795
5.664;0.049329
5.665;0.05459
5.666;0.054425
5.667;0.045877
5.668;0.034863
5.669;0.023027
5.67;0.007081
5.671;-0.006234
5.672;-0.024481
5.673;-0.02892
5.674;-0.030235
5.675;-0.026947
5.676;-0.017084
5.677;-0.002124
5.678;0.010862
5.679;0.024507
5.68;0.036014
5.681;0.046863
5.682;0.049494
5.683;0.045877
5.684;0.040781
5.685;0.026479
5.686;0.012177
5.687;-0.008042
5.688;-0.019221
5.689;-0.03007
5.69;-0.035495
5.691;-0.033522
5.692;-0.02892
5.693;-0.016755
5.694;-0.002782
5.695;0.01415
5.696;0.023685
5.697;0.034206
5.698;0.041603
5.699;0.044562
5.7;0.041767
5.701;0.030425
5.702;0.015465
5.703;0.003958
5.704;-0.014125
5.705;-0.025139
5.706;-0.036153
5.707;-0.037632
5.708;-0.037303
5.709;-0.027111
5.71;-0.016755
5.711;-0.001796
5.712;0.012999
5.713;0.024507
5.714;0.036178
5.715;0.042589
5.716;0.040452
5.717;0.031411
5.718;0.026315
5.719;0.012013
5.72;-0.003933
5.721;-0.021851
5.722;-0.029413
5.723;-0.038619
5.724;-0.039605
5.725;-0.034509
5.726;-0.026289
5.727;-0.013796
5.728;0.002643
5.729;0.018095
5.73;0.028781
5.731;0.038808
5.732;0.03848
5.733;0.039795
5.734;0.032397
5.735;0.021054
5.736;0.002314
5.737;-0.009193
5.738;-0.026289
5.739;-0.034016
5.74;-0.04092
5.741;-0.039934
5.742;-0.033029
5.743;-0.023002
5.744;-0.005905
5.745;0.00741
5.746;0.018589
5.747;0.030918
5.748;0.041603
5.749;0.04374
5.75;0.037658
5.751;0.026315
5.752;0.016287
5.753;0.001492
5.754;-0.014947
5.755;-0.02744
5.756;-0.03566
5.757;-0.040591
5.758;-0.037797
5.759;-0.03007
5.76;-0.016426
5.761;-0.002453
5.762;0.011191
5.763;0.021548
5.764;0.037
5.765;0.041932
5.766;0.037822
5.767;0.035521
5.768;0.024671
5.769;0.013493
5.77;-0.004755
5.771;-0.019385
5.772;-0.031714
5.773;-0.03944
5.774;-0.040427
5.775;-0.035166
5.776;-0.026618
5.777;-0.014618
5.778;0.004122
5.779;0.017931
5.78;0.028945
5.781;0.035685
5.782;0.041439
5.783;0.040945
5.784;0.031411
5.785;0.020397
5.786;0.006917
5.787;-0.010015
5.788;-0.025632
5.789;-0.033194
5.79;-0.03829
5.791;-0.037139
5.792;-0.034344
5.793;-0.019714
5.794;-0.004919
5.795;0.009054
5.796;0.019082
5.797;0.033055
5.798;0.041932
5.799;0.041603
5.8;0.038315
5.801;0.030918
5.802;0.016287
5.803;0.003465
5.804;-0.013467
5.805;-0.026454
5.806;-0.035988
5.807;-0.040427
5.808;-0.034344
5.809;-0.029084
5.81;-0.01544
5.811;-0.004261
5.812;0.01415
5.813;0.024013
5.814;0.036507
5.815;0.041439
5.816;0.042261
5.817;0.035685
5.818;0.026644
5.819;0.012999
5.82;-0.002453
5.821;-0.017412
5.822;-0.032372
5.823;-0.03681
5.824;-0.038125
5.825;-0.035002
5.826;-0.027276
5.827;-0.010673
5.828;0.004451
5.829;0.017767
5.83;0.028945
5.831;0.040288
5.832;0.043411
5.833;0.041439
5.834;0.033384
5.835;0.021712
5.836;0.006588
5.837;-0.011659
5.838;-0.022673
5.839;-0.032865
5.84;-0.037139
5.841;-0.04092
5.842;-0.030399
5.843;-0.021029
5.844;-0.00607
5.845;0.00741
5.846;0.023027
5.847;0.033548
5.848;0.040945
5.849;0.042918
5.85;0.03848
5.851;0.028616
5.852;0.014972
5.853;0.001985
5.854;-0.01396
5.855;-0.026125
5.856;-0.038947
5.857;-0.039605
5.858;-0.037139
5.859;-0.029084
5.86;-0.018234
5.861;-0.001302
5.862;0.01415
5.863;0.025
5.864;0.037493
5.865;0.044069
5.866;0.042754
5.867;0.036507
5.868;0.028945
5.869;0.014479
5.87;-0.00048
5.871;-0.020207
5.872;-0.028098
5.873;-0.034838
5.874;-0.035002
5.875;-0.034509
5.876;-0.022508
5.877;-0.007056
5.878;0.006424
5.879;0.02352
5.88;0.032397
5.881;0.042589
5.882;0.045055
5.883;0.045055
5.884;0.036836
5.885;0.024671
5.886;0.008561
5.887;-0.003604
5.888;-0.019221
5.889;-0.027276
5.89;-0.036975
5.891;-0.032043
5.892;-0.027276
5.893;-0.014618
5.894;-0.000809
5.895;0.014972
5.896;0.029603
5.897;0.038973
5.898;0.048507
5.899;0.050644
5.9;0.045877
5.901;0.035356
5.902;0.025329
5.903;0.010369
5.904;-0.003604
5.905;-0.022344
5.906;-0.025796
5.907;-0.030563
5.908;-0.027111
5.909;-0.016262
5.91;-0.005412
5.911;0.006753
5.912;0.023849
5.913;0.036507
5.914;0.048014
5.915;0.054096
5.916;0.051959
5.917;0.048014
5.918;0.038151
5.919;0.024342
5.92;0.00478
5.921;-0.006563
5.922;-0.020043
5.923;-0.026289
5.924;-0.02744
5.925;-0.021851
5.926;-0.012645
5.927;-0.001631
5.928;0.015958
5.929;0.028781
5.93;0.038973
5.931;0.047357
5.932;0.052453
5.933;0.050973
5.934;0.042589
5.935;0.025986
5.936;0.015794
5.937;-0.000645
5.938;-0.014289
5.939;-0.026947
5.94;-0.029413
5.941;-0.030892
5.942;-0.025467
5.943;-0.012974
5.944;0.001492
5.945;0.015794
5.946;0.026972
5.947;0.038973
5.948;0.048014
5.949;0.048343
5.95;0.040945
5.951;0.035685
5.952;0.022534
5.953;0.007081
5.954;-0.011494
5.955;-0.021193
5.956;-0.032372
5.957;-0.035166
5.958;-0.031057
5.959;-0.023824
5.96;-0.011823
5.961;0.000835
5.962;0.020068
5.963;0.028945
5.964;0.038973
5.965;0.041603
5.966;0.044562
5.967;0.038315
5.968;0.027301
5.969;0.011849
5.97;-0.002124
5.971;-0.016755
5.972;-0.03007
5.973;-0.03566
5.974;-0.035988
5.975;-0.033522
5.976;-0.025139
5.977;-0.011001
5.978;0.005438
5.979;0.019575
5.98;0.030425
5.981;0.041932
5.982;0.04374
5.983;0.040452
5.984;0.03026
5.985;0.023191
5.986;0.007575
5.987;-0.008371
5.988;-0.023166
5.989;-0.033194
5.99;-0.03829
5.991;-0.039112
5.992;-0.030728
5.993;-0.021029
5.994;-0.004097
5.995;0.006917
5.996;0.02352
5.997;0.033055
5.998;0.041274
5.999;0.040288
6;0.037658
6.001;0.029109
6.002;0.016123
6.003;0.000999
6.004;-0.014125
6.005;-0.028755
6.006;-0.038125
6.007;-0.040098
6.008;-0.038125
6.009;-0.029248
6.01;-0.019221
6.011;-0.001631
6.012;0.012506
6.013;0.023685
6.014;0.031411
6.015;0.040945
6.016;0.040123
6.017;0.031575
6.018;0.022205
6.019;0.007903
6.02;-0.009851
6.021;-0.025303
6.022;-0.03566
6.023;-0.044865
6.024;-0.046838
6.025;-0.047002
6.026;-0.03566
6.027;-0.022015
6.028;-0.010015
6.029;0.001163
6.03;0.014972
6.031;0.025329
6.032;0.02615
6.033;0.024835
6.034;0.017438
6.035;0.006259
6.036;-0.006892
6.037;-0.021193
6.038;-0.03418
6.039;-0.040591
6.04;-0.044208
6.041;-0.034673
6.042;-0.026289
6.043;-0.011659
6.044;0.005438
6.045;0.028945
6.046;0.049165
6.047;0.066097
6.048;0.080399
6.049;0.08796
6.05;0.090591
6.051;0.088454
6.052;0.081549
6.053;0.072179
6.054;0.063302
6.055;0.052617
6.056;0.051466
6.057;0.052617
6.058;0.058206
6.059;0.063138
6.06;0.080399
6.061;0.095522
6.062;0.107687
6.063;0.114263
6.064;0.117879
6.065;0.117879
6.066;0.108016
6.067;0.097166
6.068;0.07859
6.069;0.057549
6.07;0.035027
6.071;0.015301
6.072;-0.000316
6.073;-0.010673
6.074;-0.020536
6.075;-0.016097
6.076;-0.010344
6.077;0.000342
6.078;0.011191
6.079;0.026315
6.08;0.03437
6.081;0.042261
6.082;0.044562
6.083;0.040617
6.084;0.03174
6.085;0.018424
6.086;0.004287
6.087;-0.012481
6.088;-0.024481
6.089;-0.040098
6.09;-0.042071
6.091;-0.040756
6.092;-0.035495
6.093;-0.025796
6.094;-0.0087
6.095;0.007246
6.096;0.020068
6.097;0.032068
6.098;0.041767
6.099;0.044233
6.1;0.039137
6.101;0.032726
6.102;0.019246
6.103;0.006588
6.104;-0.011659
6.105;-0.022508
6.106;-0.029906
6.107;-0.032536
6.108;-0.033358
6.109;-0.022837
6.11;-0.009686
6.111;0.006424
6.112;0.022863
6.113;0.03437
6.114;0.043576
6.115;0.047521
6.116;0.049329
6.117;0.042425
6.118;0.030425
6.119;0.014972
6.12;0.001821
6.121;-0.013631
6.122;-0.024317
6.123;-0.037139
6.124;-0.033194
6.125;-0.030399
6.126;-0.021687
6.127;-0.007714
6.128;0.00741
6.129;0.022534
6.13;0.030096
6.131;0.045877
6.132;0.04785
6.133;0.044069
6.134;0.034699
6.135;0.025657
6.136;0.011027
6.137;-0.005576
6.138;-0.022508
6.139;-0.027276
6.14;-0.034344
6.141;-0.032536
6.142;-0.026454
6.143;-0.015604
6.144;-0.002124
6.145;0.012999
6.146;0.029109
6.147;0.03848
6.148;0.047192
6.149;0.045877
6.15;0.042918
6.151;0.035849
6.152;0.023027
6.153;0.004287
6.154;-0.006892
6.155;-0.021029
6.156;-0.02892
6.157;-0.03155
6.158;-0.029248
6.159;-0.02218
6.16;-0.010179
6.161;0.006588
6.162;0.021383
6.163;0.03437
6.164;0.042918
6.165;0.051631
6.166;0.051631
6.167;0.044069
6.168;0.030589
6.169;0.021548
6.17;0.006095
6.171;-0.007549
6.172;-0.021193
6.173;-0.025796
6.174;-0.028262
6.175;-0.025961
6.176;-0.01396
6.177;-0.000152
6.178;0.015958
6.179;0.02763
6.18;0.039959
6.181;0.052288
6.182;0.05574
6.183;0.050644
6.184;0.046863
6.185;0.035027
6.186;0.021548
6.187;0.002972
6.188;-0.007714
6.189;-0.019221
6.19;-0.024152
6.191;-0.022344
6.192;-0.015769
6.193;-0.004755
6.194;0.007739
6.195;0.028288
6.196;0.04111
6.197;0.049987
6.198;0.055083
6.199;0.059686
6.2;0.059357
6.201;0.048507
6.202;0.034699
6.203;0.020726
6.204;0.005766
6.205;-0.00722
6.206;-0.015604
6.207;-0.01659
6.208;-0.014289
6.209;-0.009193
6.21;0.005602
6.211;0.02237
6.212;0.038315
6.213;0.047357
6.214;0.059686
6.215;0.068398
6.216;0.066261
6.217;0.059357
6.218;0.052781
6.219;0.037658
6.22;0.022863
6.221;0.007739
6.222;-0.003604
6.223;-0.009357
6.224;-0.014125
6.225;-0.004426
6.226;0.003465
6.227;0.018753
6.228;0.031411
6.229;0.048836
6.23;0.056727
6.231;0.069549
6.232;0.070864
6.233;0.072015
6.234;0.065275
6.235;0.054754
6.236;0.039959
6.237;0.024507
6.238;0.009876
6.239;-0.001796
6.24;-0.004097
6.241;-0.003768
6.242;0.003136
6.243;0.012999
6.244;0.029274
6.245;0.046535
6.246;0.060343
6.247;0.068398
6.248;0.079905
6.249;0.0827
6.25;0.076289
6.251;0.069385
6.252;0.05574
6.253;0.040452
6.254;0.023685
6.255;0.015136
6.256;0.005109
6.257;0.003465
6.258;0.001657
6.259;0.013657
6.26;0.025329
6.261;0.04111
6.262;0.053439
6.263;0.069385
6.264;0.07859
6.265;0.085659
6.266;0.084015
6.267;0.077768
6.268;0.068727
6.269;0.053932
6.27;0.039137
6.271;0.02352
6.272;0.011684
6.273;0.00067
6.274;0.003301
6.275;0.007081
6.276;0.017109
6.277;0.02763
6.278;0.044726
6.279;0.060508
6.28;0.070535
6.281;0.080892
6.282;0.083358
6.283;0.081056
6.284;0.07185
6.285;0.062152
6.286;0.045384
6.287;0.029603
6.288;0.011191
6.289;0.002972
6.29;-0.002782
6.291;-0.000809
6.292;0.000342
6.293;0.013986
6.294;0.028781
6.295;0.043904
6.296;0.05722
6.297;0.066426
6.298;0.073823
6.299;0.07333
6.3;0.068727
6.301;0.059193
6.302;0.04374
6.303;0.028288
6.304;0.013493
6.305;-0.00048
6.306;-0.007878
6.307;-0.01807
6.308;-0.011823
6.309;-0.004919
6.31;0.008232
6.311;0.02089
6.312;0.037329
6.313;0.049329
6.314;0.057877
6.315;0.063795
6.316;0.062973
6.317;0.055247
6.318;0.042754
6.319;0.030425
6.32;0.014315
6.321;-0.000316
6.322;-0.017248
6.323;-0.021851
6.324;-0.023495
6.325;-0.018399
6.326;-0.011001
6.327;0.003136
6.328;0.016452
6.329;0.031904
6.33;0.042096
6.331;0.050316
6.332;0.055247
6.333;0.050973
6.334;0.044233
6.335;0.031575
6.336;0.01826
6.337;-0.004426
6.338;-0.013467
6.339;-0.024646
6.34;-0.029577
6.341;-0.032701
6.342;-0.022673
6.343;-0.01281
6.344;0.001163
6.345;0.016287
6.346;0.029603
6.347;0.038808
6.348;0.046206
6.349;0.048014
6.35;0.045877
6.351;0.034863
6.352;0.018095
6.353;0.006588
6.354;-0.010179
6.355;-0.021851
6.356;-0.035166
6.357;-0.033358
6.358;-0.03418
6.359;-0.025796
6.36;-0.013796
6.361;0.000835
6.362;0.016452
6.363;0.029109
6.364;0.038808
6.365;0.045055
6.366;0.043411
6.367;0.034041
6.368;0.027301
6.369;0.013328
6.37;-0.002782
6.371;-0.021851
6.372;-0.027769
6.373;-0.03681
6.374;-0.038125
6.375;-0.032865
6.376;-0.024646
6.377;-0.011659
6.378;0.002479
6.379;0.020561
6.38;0.028945
6.381;0.038973
6.382;0.040617
6.383;0.039959
6.384;0.032397
6.385;0.021383
6.386;0.00215
6.387;-0.009029
6.388;-0.024646
6.389;-0.033851
6.39;-0.039605
6.391;-0.037303
6.392;-0.032701
6.393;-0.022344
6.394;-0.00607
6.395;0.008725
6.396;0.021548
6.397;0.028781
6.398;0.040288
6.399;0.040945
6.4;0.037822
6.401;0.025
6.402;0.015794
6.403;0.001163
6.404;-0.014289
6.405;-0.029084
6.406;-0.036153
6.407;-0.04092
6.408;-0.039112
6.409;-0.028591
6.41;-0.018563
6.411;-0.002453
6.412;0.010205
6.413;0.025986
6.414;0.034863
6.415;0.04111
6.416;0.036836
6.417;0.03437
6.418;0.024178
6.419;0.011684
6.42;-0.006563
6.421;-0.019221
6.422;-0.032536
6.423;-0.03944
6.424;-0.039769
6.425;-0.036153
6.426;-0.026454
6.427;-0.014618
6.428;0.001985
6.429;0.017109
6.43;0.028123
6.431;0.033877
6.432;0.042754
6.433;0.041932
6.434;0.032562
6.435;0.019246
6.436;0.006424
6.437;-0.010673
6.438;-0.025632
6.439;-0.033522
6.44;-0.03944
6.441;-0.037139
6.442;-0.035166
6.443;-0.021193
6.444;-0.007385
6.445;0.007739
6.446;0.018753
6.447;0.028781
6.448;0.041439
6.449;0.042261
6.45;0.034863
6.451;0.029767
6.452;0.015136
6.453;0.002972
6.454;-0.015275
6.455;-0.027933
6.456;-0.037139
6.457;-0.041413
6.458;-0.034838
6.459;-0.029413
6.46;-0.017248
6.461;-0.004755
6.462;0.013328
6.463;0.027466
6.464;0.035356
6.465;0.039959
6.466;0.042425
6.467;0.036836
6.468;0.026315
6.469;0.011027
6.47;-0.003933
6.471;-0.019549
6.472;-0.032701
6.473;-0.036317
6.474;-0.039934
6.475;-0.033851
6.476;-0.028426
6.477;-0.01133
6.478;0.002972
6.479;0.02089
6.48;0.02763
6.481;0.039302
6.482;0.044398
6.483;0.040123
6.484;0.033712
6.485;0.021712
6.486;0.006095
6.487;-0.009193
6.488;-0.024152
6.489;-0.033194
6.49;-0.036975
6.491;-0.04092
6.492;-0.030563
6.493;-0.021687
6.494;-0.005412
6.495;0.006588
6.496;0.024013
6.497;0.033219
6.498;0.042261
6.499;0.043247
6.5;0.039466
6.501;0.030096
6.502;0.017109
6.503;0.001821
6.504;-0.014782
6.505;-0.025796
6.506;-0.038619
6.507;-0.039769
6.508;-0.035988
6.509;-0.029577
6.51;-0.019549
6.511;-0.00048
6.512;0.014479
6.513;0.027466
6.514;0.036178
6.515;0.042754
6.516;0.041767
6.517;0.035192
6.518;0.026644
6.519;0.012013
6.52;-0.003604
6.521;-0.022344
6.522;-0.030563
6.523;-0.03681
6.524;-0.036317
6.525;-0.037961
6.526;-0.024152
6.527;-0.010837
6.528;0.007246
6.529;0.021876
6.53;0.033712
6.531;0.040123
6.532;0.044726
6.533;0.042754
6.534;0.033219
6.535;0.021219
6.536;0.007081
6.537;-0.005905
6.538;-0.0207
6.539;-0.029248
6.54;-0.04092
6.541;-0.03566
6.542;-0.030235
6.543;-0.017412
6.544;-0.00459
6.545;0.012835
6.546;0.026479
6.547;0.034206
6.548;0.044726
6.549;0.047521
6.55;0.042096
6.551;0.03174
6.552;0.020397
6.553;0.004616
6.554;-0.009686
6.555;-0.027605
6.556;-0.031221
6.557;-0.03418
6.558;-0.030892
6.559;-0.024481
6.56;-0.011001
6.561;0.00478
6.562;0.019739
6.563;0.036343
6.564;0.042261
6.565;0.049165
6.566;0.048014
6.567;0.042261
6.568;0.032562
6.569;0.020068
6.57;0.001492
6.571;-0.009029
6.572;-0.022673
6.573;-0.02744
6.574;-0.032207
6.575;-0.024481
6.576;-0.015769
6.577;-0.000316
6.578;0.013821
6.579;0.028452
6.58;0.041439
6.581;0.049329
6.582;0.05574
6.583;0.052124
6.584;0.04374
6.585;0.029274
6.586;0.019082
6.587;0.002314
6.588;-0.009686
6.589;-0.025632
6.59;-0.026454
6.591;-0.026783
6.592;-0.022015
6.593;-0.008864
6.594;0.003465
6.595;0.020726
6.596;0.032562
6.597;0.043082
6.598;0.051138
6.599;0.052124
6.6;0.044726
6.601;0.039137
6.602;0.025822
6.603;0.010698
6.604;-0.009029
6.605;-0.017084
6.606;-0.028755
6.607;-0.030728
6.608;-0.03007
6.609;-0.0207
6.61;-0.009851
6.611;0.004944
6.612;0.022863
6.613;0.035192
6.614;0.042918
6.615;0.045384
6.616;0.04637
6.617;0.042754
6.618;0.029767
6.619;0.013821
6.62;0.001657
6.621;-0.014453
6.622;-0.026618
6.623;-0.03418
6.624;-0.034344
6.625;-0.031385
6.626;-0.021687
6.627;-0.007714
6.628;0.007575
6.629;0.021054
6.63;0.032068
6.631;0.041439
6.632;0.046041
6.633;0.042425
6.634;0.031411
6.635;0.024507
6.636;0.006917
6.637;-0.006398
6.638;-0.022837
6.639;-0.032536
6.64;-0.037632
6.641;-0.037139
6.642;-0.02892
6.643;-0.018234
6.644;-0.004919
6.645;0.009547
6.646;0.026644
6.647;0.033219
6.648;0.041603
6.649;0.040123
6.65;0.03848
6.651;0.029767
6.652;0.017438
6.653;0.001821
6.654;-0.011988
6.655;-0.026618
6.656;-0.037961
6.657;-0.038125
6.658;-0.037139
6.659;-0.027769
6.66;-0.017741
6.661;-0.001631
6.662;0.015136
6.663;0.028945
6.664;0.035192
6.665;0.044069
6.666;0.042754
6.667;0.036507
6.668;0.024178
6.669;0.011849
6.67;-0.004097
6.671;-0.019549
6.672;-0.031879
6.673;-0.038125
6.674;-0.038454
6.675;-0.036975
6.676;-0.026947
6.677;-0.012316
6.678;0.002807
6.679;0.013164
6.68;0.030096
6.681;0.037164
6.682;0.040617
6.683;0.036343
6.684;0.028616
6.685;0.017274
6.686;0.002314
6.687;-0.016097
6.688;-0.030563
6.689;-0.042728
6.69;-0.050126
6.691;-0.047495
6.692;-0.041578
6.693;-0.032536
6.694;-0.02218
6.695;-0.005248
6.696;0.009054
6.697;0.017109
6.698;0.023849
6.699;0.027466
6.7;0.023027
6.701;0.01415
6.702;0.001657
6.703;-0.010344
6.704;-0.025139
6.705;-0.035824
6.706;-0.040098
6.707;-0.039769
6.708;-0.030892
6.709;-0.022344
6.71;-0.000152
6.711;0.019575
6.712;0.040617
6.713;0.058042
6.714;0.073166
6.715;0.089111
6.716;0.092892
6.717;0.092728
6.718;0.089276
6.719;0.080563
6.72;0.071686
6.721;0.063302
6.722;0.056069
6.723;0.053932
6.724;0.051631
6.725;0.060343
6.726;0.072015
6.727;0.084673
6.728;0.093878
6.729;0.107687
6.73;0.114263
6.731;0.113769
6.732;0.111632
6.733;0.099303
6.734;0.085659
6.735;0.065932
6.736;0.04637
6.737;0.025822
6.738;0.007739
6.739;-0.010837
6.74;-0.017741
6.741;-0.020043
6.742;-0.015111
6.743;-0.011823
6.744;0.003136
6.745;0.015465
6.746;0.029438
6.747;0.037658
6.748;0.041274
6.749;0.042589
6.75;0.036507
6.751;0.027959
6.752;0.012177
6.753;-0.000974
6.754;-0.021029
6.755;-0.030235
6.756;-0.039605
6.757;-0.040262
6.758;-0.044701
6.759;-0.03155
6.76;-0.019878
6.761;-0.002946
6.762;0.012342
6.763;0.027137
6.764;0.034699
6.765;0.043082
6.766;0.042589
6.767;0.038315
6.768;0.027466
6.769;0.013657
6.77;-0.00048
6.771;-0.014453
6.772;-0.023002
6.773;-0.036153
6.774;-0.033358
6.775;-0.028755
6.776;-0.019878
6.777;-0.003768
6.778;0.009547
6.779;0.02615
6.78;0.036671
6.781;0.044398
6.782;0.049822
6.783;0.045877
6.784;0.036014
6.785;0.026644
6.786;0.01152
6.787;-0.002617
6.788;-0.022837
6.789;-0.02892
6.79;-0.034344
6.791;-0.032865
6.792;-0.028098
6.793;-0.016755
6.794;-0.001467
6.795;0.013493
6.796;0.029438
6.797;0.038808
6.798;0.045055
6.799;0.045384
6.8;0.042425
6.801;0.031904
6.802;0.020232
6.803;0.001328
6.804;-0.009029
6.805;-0.024317
6.806;-0.030728
6.807;-0.034838
6.808;-0.030235
6.809;-0.024481
6.81;-0.010508
6.811;0.004944
6.812;0.018917
6.813;0.032233
6.814;0.038644
6.815;0.048507
6.816;0.047028
6.817;0.039795
6.818;0.027959
6.819;0.018095
6.82;0.002643
6.821;-0.01133
6.822;-0.025796
6.823;-0.029084
6.824;-0.032536
6.825;-0.02744
6.826;-0.01807
6.827;-0.003933
6.828;0.012177
6.829;0.025
6.83;0.037658
6.831;0.046699
6.832;0.051466
6.833;0.045877
6.834;0.04111
6.835;0.029603
6.836;0.015136
6.837;-0.000645
6.838;-0.010837
6.839;-0.024317
6.84;-0.028426
6.841;-0.027605
6.842;-0.020536
6.843;-0.009357
6.844;0.004287
6.845;0.020232
6.846;0.035356
6.847;0.046863
6.848;0.050151
6.849;0.057549
6.85;0.054096
6.851;0.04374
6.852;0.027301
6.853;0.016123
6.854;0.000835
6.855;-0.01133
6.856;-0.020043
6.857;-0.022015
6.858;-0.020043
6.859;-0.013631
6.86;1.27E-05
6.861;0.014808
6.862;0.032562
6.863;0.041767
6.864;0.049987
6.865;0.05985
6.866;0.061001
6.867;0.052124
6.868;0.044069
6.869;0.031247
6.87;0.016945
6.871;0.001163
6.872;-0.010015
6.873;-0.016755
6.874;-0.017906
6.875;-0.011001
6.876;-0.003439
6.877;0.011191
6.878;0.02615
6.879;0.042754
6.88;0.055247
6.881;0.062973
6.882;0.063795
6.883;0.064946
6.884;0.058864
6.885;0.046206
6.886;0.031904
6.887;0.01826
6.888;0.002479
6.889;-0.007878
6.89;-0.009193
6.891;-0.011001
6.892;-0.002124
6.893;0.006424
6.894;0.022041
6.895;0.038808
6.896;0.055576
6.897;0.06248
6.898;0.070864
6.899;0.075303
6.9;0.070371
6.901;0.062973
6.902;0.049658
6.903;0.035849
6.904;0.021054
6.905;0.005438
6.906;-0.00048
6.907;-0.003439
6.908;-0.003111
6.909;0.006424
6.91;0.019739
6.911;0.034863
6.912;0.048343
6.913;0.065439
6.914;0.072837
6.915;0.079412
6.916;0.079741
6.917;0.073823
6.918;0.063795
6.919;0.052124
6.92;0.036343
6.921;0.021548
6.922;0.009547
6.923;0.000506
6.924;0.001163
6.925;0.006424
6.926;0.016287
6.927;0.026644
6.928;0.044726
6.929;0.060672
6.93;0.073823
6.931;0.080563
6.932;0.086317
6.933;0.083029
6.934;0.075138
6.935;0.063795
6.936;0.049822
6.937;0.033548
6.938;0.017274
6.939;0.009054
6.94;0.00215
6.941;0.007081
6.942;0.006259
6.943;0.021054
6.944;0.035685
6.945;0.050316
6.946;0.064453
6.947;0.076618
6.948;0.081385
6.949;0.082864
6.95;0.078426
6.951;0.068234
6.952;0.053768
6.953;0.037986
6.954;0.024507
6.955;0.010205
6.956;0.001163
6.957;-0.00722
6.958;-0.002289
6.959;0.006424
6.96;0.018917
6.961;0.032068
6.962;0.047028
6.963;0.059521
6.964;0.067248
6.965;0.072837
6.966;0.07333
6.967;0.064453
6.968;0.05311
6.969;0.04111
6.97;0.023685
6.971;0.009054
6.972;-0.008042
6.973;-0.013631
6.974;-0.013796
6.975;-0.009029
6.976;-0.003768
6.977;0.010862
6.978;0.025657
6.979;0.04111
6.98;0.055412
6.981;0.058864
6.982;0.064124
6.983;0.058371
6.984;0.051466
6.985;0.038644
6.986;0.023685
6.987;0.005438
6.988;-0.007385
6.989;-0.018563
6.99;-0.021522
6.991;-0.026289
6.992;-0.016919
6.993;-0.00607
6.994;0.007081
6.995;0.023027
6.996;0.036178
6.997;0.046206
6.998;0.052288
6.999;0.055247
7;0.049987
7.001;0.038973
7.002;0.023356
7.003;0.01152
7.004;-0.004426
7.005;-0.017412
7.006;-0.031714
7.007;-0.031714
7.008;-0.028426
7.009;-0.020536
7.01;-0.006727
7.011;0.004944
7.012;0.021219
7.013;0.032068
7.014;0.04111
7.015;0.047192
7.016;0.047192
7.017;0.037822
7.018;0.029767
7.019;0.015958
7.02;0.000506
7.021;-0.019221
7.022;-0.025467
7.023;-0.035002
7.024;-0.036153
7.025;-0.031057
7.026;-0.021687
7.027;-0.009851
7.028;0.006753
7.029;0.021383
7.03;0.033548
7.031;0.037164
7.032;0.042589
7.033;0.040781
7.034;0.034206
7.035;0.022698
7.036;0.004451
7.037;-0.008371
7.038;-0.022673
7.039;-0.032701
7.04;-0.038125
7.041;-0.03566
7.042;-0.032207
7.043;-0.020371
7.044;-0.00607
7.045;0.009712
7.046;0.023027
7.047;0.032562
7.048;0.039302
7.049;0.043247
7.05;0.037164
7.051;0.024507
7.052;0.01563
7.053;0.000342
7.054;-0.01396
7.055;-0.030235
7.056;-0.036646
7.057;-0.040756
7.058;-0.037468
7.059;-0.027605
7.06;-0.017741
7.061;-0.001631
7.062;0.012177
7.063;0.029274
7.064;0.034206
7.065;0.040781
7.066;0.037822
7.067;0.032726
7.068;0.023027
7.069;0.009383
7.07;-0.006892
7.071;-0.019385
7.072;-0.032207
7.073;-0.040262
7.074;-0.039605
7.075;-0.035331
7.076;-0.027276
7.077;-0.01396
7.078;0.003136
7.079;0.01826
7.08;0.030918
7.081;0.034699
7.082;0.043082
7.083;0.040288
7.084;0.031082
7.085;0.017274
7.086;0.00478
7.087;-0.009686
7.088;-0.023659
7.089;-0.034509
7.09;-0.040427
7.091;-0.038619
7.092;-0.034509
7.093;-0.021851
7.094;-0.0087
7.095;0.008068
7.096;0.019246
7.097;0.033548
7.098;0.038315
7.099;0.04111
7.1;0.035356
7.101;0.026644
7.102;0.015136
7.103;0.001492
7.104;-0.015111
7.105;-0.029084
7.106;-0.037632
7.107;-0.04092
7.108;-0.034673
7.109;-0.029413
7.11;-0.017248
7.111;-0.002946
7.112;0.013986
7.113;0.02763
7.114;0.038151
7.115;0.03963
7.116;0.041767
7.117;0.034699
7.118;0.024342
7.119;0.009712
7.12;-0.005576
7.121;-0.020865
7.122;-0.032865
7.123;-0.037961
7.124;-0.040262
7.125;-0.033029
7.126;-0.026454
7.127;-0.012152
7.128;0.004122
7.129;0.01826
7.13;0.028945
7.131;0.035356
7.132;0.044891
7.133;0.040452
7.134;0.03174
7.135;0.020232
7.136;0.005602
7.137;-0.008535
7.138;-0.023166
7.139;-0.032372
7.14;-0.038454
7.141;-0.040098
7.142;-0.031221
7.143;-0.020207
7.144;-0.005576
7.145;0.007903
7.146;0.023849
7.147;0.034206
7.148;0.040781
7.149;0.043082
7.15;0.038973
7.151;0.029767
7.152;0.016287
7.153;0.003301
7.154;-0.01281
7.155;-0.025632
7.156;-0.037632
7.157;-0.039112
7.158;-0.035166
7.159;-0.027111
7.16;-0.019056
7.161;-0.001467
7.162;0.01415
7.163;0.029931
7.164;0.037822
7.165;0.04111
7.166;0.042589
7.167;0.036343
7.168;0.025493
7.169;0.01152
7.17;-0.005083
7.171;-0.020207
7.172;-0.030728
7.173;-0.036975
7.174;-0.035988
7.175;-0.038947
7.176;-0.026125
7.177;-0.011823
7.178;0.006259
7.179;0.018917
7.18;0.030096
7.181;0.037986
7.182;0.043082
7.183;0.039137
7.184;0.031904
7.185;0.020726
7.186;0.004451
7.187;-0.010015
7.188;-0.023824
7.189;-0.031879
7.19;-0.042071
7.191;-0.03944
7.192;-0.029906
7.193;-0.020043
7.194;-0.005412
7.195;0.010369
7.196;0.025657
7.197;0.035849
7.198;0.042096
7.199;0.044891
7.2;0.039959
7.201;0.029438
7.202;0.018095
7.203;0.003629
7.204;-0.010344
7.205;-0.028591
7.206;-0.033851
7.207;-0.037797
7.208;-0.033358
7.209;-0.026947
7.21;-0.013796
7.211;0.001492
7.212;0.01826
7.213;0.034206
7.214;0.040288
7.215;0.046206
7.216;0.045384
7.217;0.040945
7.218;0.028452
7.219;0.016123
7.22;-0.002453
7.221;-0.012974
7.222;-0.026783
7.223;-0.031221
7.224;-0.036317
7.225;-0.029742
7.226;-0.019714
7.227;-0.004755
7.228;0.011849
7.229;0.025
7.23;0.037
7.231;0.044562
7.232;0.050151
7.233;0.048672
7.234;0.03963
7.235;0.026479
7.236;0.01563
7.237;1.27E-05
7.238;-0.01396
7.239;-0.027605
7.24;-0.029413
7.241;-0.029413
7.242;-0.020536
7.243;-0.008371
7.244;0.002807
7.245;0.019739
7.246;0.033712
7.247;0.047685
7.248;0.051138
7.249;0.053932
7.25;0.048179
7.251;0.040452
7.252;0.028616
7.253;0.014479
7.254;-0.006234
7.255;-0.015111
7.256;-0.026289
7.257;-0.026783
7.258;-0.024481
7.259;-0.016755
7.26;-0.004919
7.261;0.007575
7.262;0.025493
7.263;0.037493
7.264;0.04785
7.265;0.049329
7.266;0.052453
7.267;0.046041
7.268;0.03289
7.269;0.017602
7.27;0.006095
7.271;-0.010344
7.272;-0.022015
7.273;-0.030399
7.274;-0.030728
7.275;-0.02744
7.276;-0.018563
7.277;-0.003439
7.278;0.009876
7.279;0.025657
7.28;0.035685
7.281;0.043082
7.282;0.047028
7.283;0.046041
7.284;0.033877
7.285;0.026644
7.286;0.010698
7.287;-0.003439
7.288;-0.020043
7.289;-0.029413
7.29;-0.035166
7.291;-0.033687
7.292;-0.026783
7.293;-0.01659
7.294;-0.003933
7.295;0.011027
7.296;0.029109
7.297;0.037164
7.298;0.043082
7.299;0.042754
7.3;0.040452
7.301;0.032562
7.302;0.018095
7.303;0.001492
7.304;-0.011988
7.305;-0.025632
7.306;-0.035002
7.307;-0.036317
7.308;-0.03566
7.309;-0.026125
7.31;-0.016097
7.311;1.27E-05
7.312;0.014972
7.313;0.029603
7.314;0.034863
7.315;0.042261
7.316;0.043247
7.317;0.035685
7.318;0.023849
7.319;0.011191
7.32;-0.004919
7.321;-0.016426
7.322;-0.031221
7.323;-0.037139
7.324;-0.037797
7.325;-0.036317
7.326;-0.023002
7.327;-0.011001
7.328;0.004451
7.329;0.017109
7.33;0.031411
7.331;0.036178
7.332;0.041932
7.333;0.038808
7.334;0.03174
7.335;0.019904
7.336;0.007246
7.337;-0.009851
7.338;-0.024152
7.339;-0.034344
7.34;-0.041413
7.341;-0.036153
7.342;-0.032536
7.343;-0.021193
7.344;-0.009851
7.345;0.007903
7.346;0.021383
7.347;0.03289
7.348;0.037493
7.349;0.040617
7.35;0.035192
7.351;0.024671
7.352;0.010205
7.353;-0.005083
7.354;-0.020865
7.355;-0.036153
7.356;-0.044043
7.357;-0.049797
7.358;-0.044208
7.359;-0.04355
7.36;-0.02892
7.361;-0.014947
7.362;0.000999
7.363;0.00889
7.364;0.021383
7.365;0.025329
7.366;0.026972
7.367;0.020726
7.368;0.009876
7.369;-0.000809
7.37;-0.01544
7.371;-0.025303
7.372;-0.035495
7.373;-0.036317
7.374;-0.035002
7.375;-0.02481
7.376;-0.009357
7.377;0.009383
7.378;0.027959
7.379;0.052946
7.38;0.070042
7.381;0.083358
7.382;0.094536
7.383;0.098317
7.384;0.097988
7.385;0.091084
7.386;0.083686
7.387;0.072344
7.388;0.064946
7.389;0.055247
7.39;0.057877
7.391;0.058042
7.392;0.067083
7.393;0.072015
7.394;0.086152
7.395;0.097002
7.396;0.10703
7.397;0.113112
7.398;0.105386
7.399;0.103742
7.4;0.091084
7.401;0.075467
7.402;0.055412
7.403;0.035685
7.404;0.015136
7.405;-0.000316
7.406;-0.013138
7.407;-0.018399
7.408;-0.026454
7.409;-0.016755
7.41;-0.007056
7.411;0.006424
7.412;0.018917
7.413;0.030589
7.414;0.037986
7.415;0.042589
7.416;0.040617
7.417;0.033877
7.418;0.022205
7.419;0.006588
7.42;-0.007056
7.421;-0.022673
7.422;-0.034016
7.423;-0.044701
7.424;-0.043221
7.425;-0.037961
7.426;-0.027605
7.427;-0.012974
7.428;0.001821
7.429;0.018589
7.43;0.030753
7.431;0.040123
7.432;0.043411
7.433;0.043411
7.434;0.034699
7.435;0.024013
7.436;0.009054
7.437;-0.004097
7.438;-0.021358
7.439;-0.026947
7.44;-0.033522
7.441;-0.031221
7.442;-0.025632
7.443;-0.01281
7.444;0.000835
7.445;0.018095
7.446;0.029603
7.447;0.041274
7.448;0.043247
7.449;0.047192
7.45;0.044069
7.451;0.034206
7.452;0.020068
7.453;0.001985
7.454;-0.007878
7.455;-0.022837
7.456;-0.030235
7.457;-0.035988
7.458;-0.032207
7.459;-0.023988
7.46;-0.011494
7.461;0.005766
7.462;0.017602
7.463;0.032726
7.464;0.039137
7.465;0.045548
7.466;0.046041
7.467;0.038315
7.468;0.025
7.469;0.01563
7.47;0.000177
7.471;-0.01281
7.472;-0.029248
7.473;-0.03155
7.474;-0.033851
7.475;-0.029577
7.476;-0.019221
7.477;-0.006234
7.478;0.00889
7.479;0.024013
7.48;0.039466
7.481;0.044891
7.482;0.047192
7.483;0.043411
7.484;0.038973
7.485;0.025329
7.486;0.012671
7.487;-0.005905
7.488;-0.016097
7.489;-0.026947
7.49;-0.031221
7.491;-0.031385
7.492;-0.022344
7.493;-0.013303
7.494;0.000177
7.495;0.018095
7.496;0.031411
7.497;0.042589
7.498;0.045713
7.499;0.051466
7.5;0.047357
7.501;0.037
7.502;0.022534
7.503;0.012177
7.504;-0.003933
7.505;-0.015275
7.506;-0.026289
7.507;-0.027276
7.508;-0.026454
7.509;-0.018399
7.51;-0.003439
7.511;0.009876
7.512;0.027466
7.513;0.038315
7.514;0.049658
7.515;0.052946
7.516;0.055576
7.517;0.046206
7.518;0.03848
7.519;0.025657
7.52;0.011356
7.521;-0.004755
7.522;-0.014125
7.523;-0.023659
7.524;-0.02481
7.525;-0.016755
7.526;-0.009193
7.527;0.005602
7.528;0.019246
7.529;0.036014
7.53;0.048179
7.531;0.058042
7.532;0.058371
7.533;0.060508
7.534;0.051631
7.535;0.03963
7.536;0.024507
7.537;0.010862
7.538;-0.003275
7.539;-0.013631
7.54;-0.01659
7.541;-0.015275
7.542;-0.008042
7.543;-0.000316
7.544;0.016616
7.545;0.032562
7.546;0.048014
7.547;0.05574
7.548;0.064453
7.549;0.067083
7.55;0.064289
7.551;0.053932
7.552;0.041439
7.553;0.028288
7.554;0.014315
7.555;0.00067
7.556;-0.00722
7.557;-0.010179
7.558;-0.010015
7.559;0.002972
7.56;0.014643
7.561;0.028781
7.562;0.042918
7.563;0.058535
7.564;0.067741
7.565;0.073659
7.566;0.073166
7.567;0.06922
7.568;0.058535
7.569;0.045055
7.57;0.029603
7.571;0.014972
7.572;0.003629
7.573;-0.005412
7.574;-0.002946
7.575;0.00067
7.576;0.012835
7.577;0.022534
7.578;0.041274
7.579;0.055412
7.58;0.071357
7.581;0.07596
7.582;0.081714
7.583;0.079412
7.584;0.071028
7.585;0.059357
7.586;0.045548
7.587;0.029438
7.588;0.015465
7.589;0.00741
7.59;0.00215
7.591;0.003794
7.592;0.006424
7.593;0.023685
7.594;0.037329
7.595;0.053603
7.596;0.062973
7.597;0.076782
7.598;0.082207
7.599;0.086317
7.6;0.079905
7.601;0.071522
7.602;0.058371
7.603;0.044069
7.604;0.028945
7.605;0.014972
7.606;0.007575
7.607;-0.000316
7.608;0.007246
7.609;0.012999
7.61;0.025822
7.611;0.03848
7.612;0.055083
7.613;0.068234
7.614;0.077933
7.615;0.081385
7.616;0.082371
7.617;0.074809
7.618;0.062645
7.619;0.049494
7.62;0.03289
7.621;0.017931
7.622;0.002479
7.623;-0.000974
7.624;-0.003604
7.625;0.00215
7.626;0.005766
7.627;0.022863
7.628;0.037493
7.629;0.052124
7.63;0.066426
7.631;0.071028
7.632;0.071357
7.633;0.069878
7.634;0.063467
7.635;0.048507
7.636;0.033712
7.637;0.015301
7.638;0.002807
7.639;-0.0087
7.64;-0.010508
7.641;-0.017412
7.642;-0.006563
7.643;0.002972
7.644;0.016123
7.645;0.033055
7.646;0.04522
7.647;0.055083
7.648;0.060508
7.649;0.061823
7.65;0.05722
7.651;0.047192
7.652;0.032068
7.653;0.019246
7.654;0.00215
7.655;-0.010673
7.656;-0.024646
7.657;-0.02481
7.658;-0.023988
7.659;-0.013303
7.66;-0.00048
7.661;0.01152
7.662;0.027794
7.663;0.040288
7.664;0.052453
7.665;0.05311
7.666;0.052946
7.667;0.044562
7.668;0.035685
7.669;0.019904
7.67;0.005273
7.671;-0.014289
7.672;-0.0207
7.673;-0.029577
7.674;-0.031714
7.675;-0.027276
7.676;-0.017248
7.677;-0.005576
7.678;0.010534
7.679;0.025164
7.68;0.037658
7.681;0.045384
7.682;0.047357
7.683;0.046041
7.684;0.036507
7.685;0.023685
7.686;0.007246
7.687;-0.004755
7.688;-0.019714
7.689;-0.028755
7.69;-0.036317
7.691;-0.033687
7.692;-0.029906
7.693;-0.018234
7.694;-0.001631
7.695;0.011356
7.696;0.026644
7.697;0.035521
7.698;0.041439
7.699;0.044233
7.7;0.040452
7.701;0.025493
7.702;0.017274
7.703;0.001492
7.704;-0.01281
7.705;-0.028755
7.706;-0.034838
7.707;-0.040756
7.708;-0.035331
7.709;-0.028426
7.71;-0.016097
7.711;-0.001138
7.712;0.01415
7.713;0.029603
7.714;0.037164
7.715;0.039959
7.716;0.038151
7.717;0.034041
7.718;0.024342
7.719;0.01004
7.72;-0.007714
7.721;-0.019056
7.722;-0.033029
7.723;-0.037632
7.724;-0.039605
7.725;-0.033687
7.726;-0.025139
7.727;-0.012316
7.728;0.00215
7.729;0.017767
7.73;0.03026
7.731;0.036178
7.732;0.041603
7.733;0.040452
7.734;0.030425
7.735;0.015136
7.736;0.004616
7.737;-0.011823
7.738;-0.023002
7.739;-0.035824
7.74;-0.040262
7.741;-0.039769
7.742;-0.032701
7.743;-0.019714
7.744;-0.006892
7.745;0.009054
7.746;0.020397
7.747;0.034534
7.748;0.039959
7.749;0.040452
7.75;0.035521
7.751;0.026644
7.752;0.013164
7.753;0.000177
7.754;-0.016097
7.755;-0.027605
7.756;-0.037303
7.757;-0.041249
7.758;-0.036481
7.759;-0.029742
7.76;-0.016755
7.761;-0.003604
7.762;0.012835
7.763;0.025822
7.764;0.037164
7.765;0.038315
7.766;0.042096
7.767;0.035027
7.768;0.02352
7.769;0.009383
7.77;-0.004919
7.771;-0.021193
7.772;-0.030728
7.773;-0.037468
7.774;-0.038783
7.775;-0.035331
7.776;-0.027605
7.777;-0.010673
7.778;0.002807
7.779;0.018589
7.78;0.027466
7.781;0.039466
7.782;0.041767
7.783;0.039466
7.784;0.031411
7.785;0.018589
7.786;0.004944
7.787;-0.009029
7.788;-0.024646
7.789;-0.034673
7.79;-0.039276
7.791;-0.039934
7.792;-0.030892
7.793;-0.019714
7.794;-0.006892
7.795;0.006588
7.796;0.022205
7.797;0.034863
7.798;0.042096
7.799;0.041767
7.8;0.039466
7.801;0.028616
7.802;0.015136
7.803;0.001492
7.804;-0.013467
7.805;-0.02744
7.806;-0.038454
7.807;-0.039276
7.808;-0.037139
7.809;-0.028426
7.81;-0.018563
7.811;-0.000645
7.812;0.014808
7.813;0.027466
7.814;0.037493
7.815;0.039302
7.816;0.044233
7.817;0.035521
7.818;0.025493
7.819;0.011191
7.82;-0.005083
7.821;-0.0207
7.822;-0.030563
7.823;-0.037632
7.824;-0.037468
7.825;-0.037961
7.826;-0.022673
7.827;-0.010508
7.828;0.005109
7.829;0.018589
7.83;0.032726
7.831;0.039137
7.832;0.042754
7.833;0.040452
7.834;0.033219
7.835;0.021054
7.836;0.005109
7.837;-0.010508
7.838;-0.022837
7.839;-0.032207
7.84;-0.042728
7.841;-0.036975
7.842;-0.031057
7.843;-0.01807
7.844;-0.008535
7.845;0.009383
7.846;0.022534
7.847;0.035356
7.848;0.041603
7.849;0.042918
7.85;0.038151
7.851;0.028288
7.852;0.016123
7.853;0.000835
7.854;-0.014453
7.855;-0.029413
7.856;-0.033851
7.857;-0.037139
7.858;-0.033522
7.859;-0.029577
7.86;-0.014453
7.861;-0.00048
7.862;0.017438
7.863;0.029931
7.864;0.03848
7.865;0.042096
7.866;0.042754
7.867;0.037164
7.868;0.027301
7.869;0.012835
7.87;-0.005248
7.871;-0.015275
7.872;-0.027276
7.873;-0.032372
7.874;-0.039934
7.875;-0.03155
7.876;-0.021193
7.877;-0.008535
7.878;0.009383
7.879;0.023849
7.88;0.035192
7.881;0.043411
7.882;0.04522
7.883;0.04522
7.884;0.036178
7.885;0.022534
7.886;0.010369
7.887;-0.005083
7.888;-0.017741
7.889;-0.032372
7.89;-0.033194
7.891;-0.032865
7.892;-0.025632
7.893;-0.014453
7.894;0.000342
7.895;0.01563
7.896;0.030753
7.897;0.043576
7.898;0.050151
7.899;0.049987
7.9;0.044891
7.901;0.036178
7.902;0.023356
7.903;0.00889
7.904;-0.007714
7.905;-0.016262
7.906;-0.025632
7.907;-0.028755
7.908;-0.025632
7.909;-0.017084
7.91;-0.005741
7.911;0.01004
7.912;0.026972
7.913;0.038973
7.914;0.047685
7.915;0.052124
7.916;0.052617
7.917;0.047685
7.918;0.036014
7.919;0.018753
7.92;0.008397
7.921;-0.007549
7.922;-0.017084
7.923;-0.027605
7.924;-0.028098
7.925;-0.02333
7.926;-0.013631
7.927;-0.000152
7.928;0.013986
7.929;0.029109
7.93;0.039302
7.931;0.05048
7.932;0.051138
7.933;0.049822
7.934;0.037822
7.935;0.029603
7.936;0.015136
7.937;-0.000645
7.938;-0.017741
7.939;-0.025467
7.94;-0.031057
7.941;-0.031221
7.942;-0.023495
7.943;-0.013467
7.944;-0.000152
7.945;0.014643
7.946;0.029603
7.947;0.040452
7.948;0.04637
7.949;0.043411
7.95;0.044726
7.951;0.034863
7.952;0.020397
7.953;0.002807
7.954;-0.010015
7.955;-0.023002
7.956;-0.03155
7.957;-0.034673
7.958;-0.032043
7.959;-0.025303
7.96;-0.013796
7.961;0.002643
7.962;0.017767
7.963;0.030918
7.964;0.037986
7.965;0.043904
7.966;0.043576
7.967;0.037986
7.968;0.024342
7.969;0.012013
7.97;-0.003604
7.971;-0.016426
7.972;-0.029577
7.973;-0.036646
7.974;-0.038454
7.975;-0.034673
7.976;-0.023495
7.977;-0.008042
7.978;0.005109
7.979;0.018424
7.98;0.033384
7.981;0.04111
7.982;0.042425
7.983;0.037986
7.984;0.032726
7.985;0.02089
7.986;0.006259
7.987;-0.009686
7.988;-0.022344
7.989;-0.034673
7.99;-0.040098
7.991;-0.036646
7.992;-0.029742
7.993;-0.019714
7.994;-0.008371
7.995;0.009876
7.996;0.024013
7.997;0.034206
7.998;0.037164
7.999;0.042261
8;0.039137
8.001;0.02763
8.002;0.014315
8.003;0.000506
8.004;-0.015111
8.005;-0.02744
8.006;-0.035988
8.007;-0.039605
8.008;-0.037632
8.009;-0.031714
8.01;-0.014947
8.011;-0.002946
8.012;0.012671
8.013;0.02237
8.014;0.035685
8.015;0.037329
8.016;0.037
8.017;0.029438
8.018;0.017931
8.019;0.004451
8.02;-0.010508
8.021;-0.025632
8.022;-0.040098
8.023;-0.048646
8.024;-0.05177
8.025;-0.045194
8.026;-0.038125
8.027;-0.025632
8.028;-0.013796
8.029;0.003136
8.03;0.015136
8.031;0.025329
8.032;0.026644
8.033;0.025493
8.034;0.018753
8.035;0.006095
8.036;-0.005083
8.037;-0.01807
8.038;-0.028755
8.039;-0.035002
8.04;-0.032207
8.041;-0.02744
8.042;-0.013796
8.043;-0.003768
8.044;0.021548
8.045;0.043247
8.046;0.065932
8.047;0.083029
8.048;0.0947
8.049;0.10029
8.05;0.103413
8.051;0.099796
8.052;0.092892
8.053;0.081878
8.054;0.070207
8.055;0.062645
8.056;0.057877
8.057;0.058206
8.058;0.05722
8.059;0.068234
8.06;0.07744
8.061;0.088125
8.062;0.097166
8.063;0.101769
8.064;0.103906
8.065;0.100618
8.066;0.094043
8.067;0.0827
8.068;0.064946
8.069;0.044562
8.07;0.02615
8.071;0.006753
8.072;-0.009686
8.073;-0.02333
8.074;-0.025467
8.075;-0.023824
8.076;-0.014618
8.077;-0.004919
8.078;0.00889
8.079;0.023027
8.08;0.032726
8.081;0.042425
8.082;0.037822
8.083;0.038808
8.084;0.027794
8.085;0.017602
8.086;0.00215
8.087;-0.013138
8.088;-0.030728
8.089;-0.035988
8.09;-0.042235
8.091;-0.039605
8.092;-0.036646
8.093;-0.021029
8.094;-0.007549
8.095;0.008725
8.096;0.02352
8.097;0.034863
8.098;0.042425
8.099;0.042918
8.1;0.040945
8.101;0.033548
8.102;0.018917
8.103;0.002643
8.104;-0.008864
8.105;-0.020865
8.106;-0.029084
8.107;-0.035988
8.108;-0.030728
8.109;-0.020207
8.11;-0.008371
8.111;0.008232
8.112;0.020561
8.113;0.034041
8.114;0.041767
8.115;0.048836
8.116;0.046863
8.117;0.041439
8.118;0.026808
8.119;0.014808
8.12;0.000342
8.121;-0.013631
8.122;-0.029413
8.123;-0.033358
8.124;-0.035331
8.125;-0.028755
8.126;-0.019221
8.127;-0.00607
8.128;0.008068
8.129;0.023849
8.13;0.036014
8.131;0.044069
8.132;0.043082
8.133;0.042918
8.134;0.035521
8.135;0.025493
8.136;0.009547
8.137;-0.009357
8.138;-0.016919
8.139;-0.02892
8.14;-0.033029
8.141;-0.032372
8.142;-0.02481
8.143;-0.01544
8.144;-0.002124
8.145;0.015136
8.146;0.029438
8.147;0.040123
8.148;0.044726
8.149;0.046863
8.15;0.04522
8.151;0.034699
8.152;0.018424
8.153;0.007739
8.154;-0.007056
8.155;-0.019714
8.156;-0.029413
8.157;-0.03155
8.158;-0.029248
8.159;-0.021029
8.16;-0.007056
8.161;0.006917
8.162;0.022698
8.163;0.034863
8.164;0.048014
8.165;0.051302
8.166;0.048179
8.167;0.041274
8.168;0.033219
8.169;0.019739
8.17;0.004944
8.171;-0.010344
8.172;-0.020207
8.173;-0.026618
8.174;-0.027605
8.175;-0.021687
8.176;-0.011494
8.177;0.000999
8.178;0.015794
8.179;0.031411
8.18;0.04374
8.181;0.052453
8.182;0.052124
8.183;0.052781
8.184;0.046863
8.185;0.032562
8.186;0.019082
8.187;0.005931
8.188;-0.009029
8.189;-0.016919
8.19;-0.022837
8.191;-0.020371
8.192;-0.01544
8.193;-0.00459
8.194;0.013986
8.195;0.026479
8.196;0.041932
8.197;0.049822
8.198;0.060508
8.199;0.05985
8.2;0.057713
8.201;0.046206
8.202;0.034534
8.203;0.021054
8.204;0.006588
8.205;-0.006398
8.206;-0.013303
8.207;-0.016426
8.208;-0.015933
8.209;-0.005083
8.21;0.008068
8.211;0.021548
8.212;0.037
8.213;0.052453
8.214;0.061987
8.215;0.06659
8.216;0.065932
8.217;0.062809
8.218;0.050973
8.219;0.036507
8.22;0.02352
8.221;0.008561
8.222;-0.003111
8.223;-0.010344
8.224;-0.009522
8.225;-0.006234
8.226;0.005931
8.227;0.017767
8.228;0.033877
8.229;0.05048
8.23;0.061823
8.231;0.06922
8.232;0.073987
8.233;0.072344
8.234;0.065111
8.235;0.054425
8.236;0.038808
8.237;0.024342
8.238;0.01152
8.239;0.001328
8.24;-0.00459
8.241;-0.001467
8.242;0.002479
8.243;0.01826
8.244;0.03174
8.245;0.046041
8.246;0.059521
8.247;0.072672
8.248;0.081221
8.249;0.08007
8.25;0.077768
8.251;0.068398
8.252;0.055247
8.253;0.040452
8.254;0.025822
8.255;0.013986
8.256;0.005273
8.257;-0.000152
8.258;0.007246
8.259;0.013986
8.26;0.027959
8.261;0.038644
8.262;0.056562
8.263;0.070371
8.264;0.080563
8.265;0.087467
8.266;0.083358
8.267;0.078755
8.268;0.066426
8.269;0.052946
8.27;0.038151
8.271;0.023027
8.272;0.008725
8.273;0.004287
8.274;0.002972
8.275;0.009547
8.276;0.013821
8.277;0.030753
8.278;0.045877
8.279;0.062152
8.28;0.072015
8.281;0.079741
8.282;0.081385
8.283;0.078426
8.284;0.070042
8.285;0.059357
8.286;0.042589
8.287;0.025822
8.288;0.014972
8.289;0.002314
8.29;-0.002289
8.291;-0.00722
8.292;0.002807
8.293;0.013821
8.294;0.025986
8.295;0.043082
8.296;0.05574
8.297;0.066919
8.298;0.070864
8.299;0.071686
8.3;0.067905
8.301;0.057549
8.302;0.041932
8.303;0.028781
8.304;0.012506
8.305;-0.000974
8.306;-0.015111
8.307;-0.013467
8.308;-0.011823
8.309;-0.003933
8.31;0.006753
8.311;0.02237
8.312;0.036836
8.313;0.047521
8.314;0.060343
8.315;0.062316
8.316;0.060836
8.317;0.052453
8.318;0.04374
8.319;0.029109
8.32;0.012506
8.321;-0.006563
8.322;-0.012974
8.323;-0.022015
8.324;-0.023824
8.325;-0.021193
8.326;-0.010837
8.327;0.002972
8.328;0.016616
8.329;0.033712
8.33;0.043576
8.331;0.050973
8.332;0.051959
8.333;0.050809
8.334;0.043082
8.335;0.029109
8.336;0.01152
8.337;0.000342
8.338;-0.015604
8.339;-0.02481
8.34;-0.034016
8.341;-0.030563
8.342;-0.024317
8.343;-0.012152
8.344;0.001657
8.345;0.015465
8.346;0.030425
8.347;0.040123
8.348;0.050316
8.349;0.044726
8.35;0.044069
8.351;0.030918
8.352;0.019575
8.353;0.004451
8.354;-0.011166
8.355;-0.027111
8.356;-0.032865
8.357;-0.035824
8.358;-0.033194
8.359;-0.025467
8.36;-0.012645
8.361;0.002479
8.362;0.01678
8.363;0.030753
8.364;0.040452
8.365;0.044233
8.366;0.041274
8.367;0.036507
8.368;0.026808
8.369;0.010369
8.37;-0.00722
8.371;-0.017906
8.372;-0.030728
8.373;-0.036975
8.374;-0.037961
8.375;-0.035495
8.376;-0.024974
8.377;-0.011494
8.378;0.003794
8.379;0.019904
8.38;0.031082
8.381;0.038315
8.382;0.043576
8.383;0.040123
8.384;0.032233
8.385;0.016123
8.386;0.005438
8.387;-0.011001
8.388;-0.023166
8.389;-0.035002
8.39;-0.038454
8.391;-0.039769
8.392;-0.033194
8.393;-0.020371
8.394;-0.00607
8.395;0.009383
8.396;0.021876
8.397;0.035685
8.398;0.040617
8.399;0.038315
8.4;0.035192
8.401;0.026808
8.402;0.01415
8.403;-0.000809
8.404;-0.016755
8.405;-0.028755
8.406;-0.037303
8.407;-0.041906
8.408;-0.035824
8.409;-0.028098
8.41;-0.015275
8.411;-0.003604
8.412;0.013986
8.413;0.02763
8.414;0.037986
8.415;0.038644
8.416;0.039959
8.417;0.034699
8.418;0.021548
8.419;0.009054
8.42;-0.005083
8.421;-0.021358
8.422;-0.031385
8.423;-0.038454
8.424;-0.040591
8.425;-0.034344
8.426;-0.027276
8.427;-0.011988
8.428;0.003465
8.429;0.018917
8.43;0.027137
8.431;0.039302
8.432;0.042754
8.433;0.038973
8.434;0.030425
8.435;0.018917
8.436;0.004616
8.437;-0.010344
8.438;-0.023824
8.439;-0.033029
8.44;-0.039112
8.441;-0.040427
8.442;-0.029413
8.443;-0.021029
8.444;-0.005412
8.445;0.006095
8.446;0.02352
8.447;0.034206
8.448;0.040945
8.449;0.040288
8.45;0.038151
8.451;0.028945
8.452;0.013986
8.453;0.000342
8.454;-0.015933
8.455;-0.027933
8.456;-0.038947
8.457;-0.038947
8.458;-0.035824
8.459;-0.026947
8.46;-0.017741
8.461;1.27E-05
8.462;0.014972
8.463;0.029274
8.464;0.035849
8.465;0.043247
8.466;0.041439
8.467;0.035192
8.468;0.023849
8.469;0.010205
8.47;-0.00459
8.471;-0.020536
8.472;-0.029742
8.473;-0.03681
8.474;-0.038125
8.475;-0.036153
8.476;-0.024317
8.477;-0.010179
8.478;0.004451
8.479;0.018095
8.48;0.031575
8.481;0.040617
8.482;0.043411
8.483;0.040452
8.484;0.033712
8.485;0.021383
8.486;0.004944
8.487;-0.007714
8.488;-0.02333
8.489;-0.032701
8.49;-0.040591
8.491;-0.036317
8.492;-0.030563
8.493;-0.017248
8.494;-0.008207
8.495;0.009712
8.496;0.024013
8.497;0.035685
8.498;0.044562
8.499;0.03963
8.5;0.036014
8.501;0.02763
8.502;0.016123
8.503;0.000835
8.504;-0.014947
8.505;-0.02892
8.506;-0.034838
8.507;-0.037139
8.508;-0.033687
8.509;-0.031385
8.51;-0.014947
8.511;-0.00048
8.512;0.014643
8.513;0.028781
8.514;0.037164
8.515;0.042096
8.516;0.039302
8.517;0.035849
8.518;0.023685
8.519;0.009218
8.52;-0.006398
8.521;-0.018728
8.522;-0.028755
8.523;-0.036317
8.524;-0.041742
8.525;-0.032207
8.526;-0.023659
8.527;-0.006892
8.528;0.008068
8.529;0.021383
8.53;0.033548
8.531;0.041274
8.532;0.044233
8.533;0.042425
8.534;0.035356
8.535;0.020397
8.536;0.007903
8.537;-0.006234
8.538;-0.020371
8.539;-0.034509
8.54;-0.034509
8.541;-0.035166
8.542;-0.026947
8.543;-0.017412
8.544;-0.002453
8.545;0.014315
8.546;0.027959
8.547;0.039137
8.548;0.045384
8.549;0.045548
8.55;0.040781
8.551;0.032726
8.552;0.019904
8.553;0.005602
8.554;-0.011659
8.555;-0.020865
8.556;-0.029906
8.557;-0.032207
8.558;-0.030892
8.559;-0.02218
8.56;-0.009029
8.561;0.004944
8.562;0.022863
8.563;0.035849
8.564;0.046206
8.565;0.049
8.566;0.049165
8.567;0.04522
8.568;0.032726
8.569;0.016123
8.57;0.004287
8.571;-0.010015
8.572;-0.021193
8.573;-0.030399
8.574;-0.02892
8.575;-0.02333
8.576;-0.013631
8.577;0.000999
8.578;0.016123
8.579;0.03174
8.58;0.040617
8.581;0.05574
8.582;0.055083
8.583;0.051466
8.584;0.040617
8.585;0.032726
8.586;0.018589
8.587;0.002479
8.588;-0.014947
8.589;-0.022015
8.59;-0.027605
8.591;-0.026947
8.592;-0.019714
8.593;-0.008864
8.594;0.004122
8.595;0.019246
8.596;0.033712
8.597;0.044891
8.598;0.049987
8.599;0.049494
8.6;0.046699
8.601;0.037
8.602;0.022698
8.603;0.00478
8.604;-0.006234
8.605;-0.019221
8.606;-0.027933
8.607;-0.03155
8.608;-0.028098
8.609;-0.020371
8.61;-0.009357
8.611;0.006917
8.612;0.020726
8.613;0.032397
8.614;0.039302
8.615;0.048343
8.616;0.045055
8.617;0.040452
8.618;0.025822
8.619;0.015136
8.62;-0.000645
8.621;-0.014453
8.622;-0.027276
8.623;-0.032701
8.624;-0.035002
8.625;-0.031221
8.626;-0.019056
8.627;-0.008042
8.628;0.007575
8.629;0.020561
8.63;0.033712
8.631;0.041932
8.632;0.045384
8.633;0.039959
8.634;0.034699
8.635;0.022534
8.636;0.006753
8.637;-0.007549
8.638;-0.020865
8.639;-0.032701
8.64;-0.037468
8.641;-0.034509
8.642;-0.028262
8.643;-0.017412
8.644;-0.00607
8.645;0.011356
8.646;0.024342
8.647;0.036178
8.648;0.038644
8.649;0.042589
8.65;0.038973
8.651;0.029109
8.652;0.015301
8.653;0.000506
8.654;-0.014289
8.655;-0.025796
8.656;-0.035166
8.657;-0.037797
8.658;-0.034838
8.659;-0.029577
8.66;-0.01281
8.661;-0.000152
8.662;0.015136
8.663;0.024178
8.664;0.036671
8.665;0.041767
8.666;0.038151
8.667;0.035521
8.668;0.024507
8.669;0.010369
8.67;-0.005412
8.671;-0.019549
8.672;-0.031057
8.673;-0.038619
8.674;-0.04092
8.675;-0.035166
8.676;-0.026947
8.677;-0.010508
8.678;-0.001467
8.679;0.017274
8.68;0.029274
8.681;0.037822
8.682;0.039137
8.683;0.035521
8.684;0.02763
8.685;0.013657
8.686;-0.001796
8.687;-0.018728
8.688;-0.034509
8.689;-0.046016
8.69;-0.048811
8.691;-0.049961
8.692;-0.044208
8.693;-0.038454
8.694;-0.020207
8.695;-0.005083
8.696;0.010205
8.697;0.016945
8.698;0.025657
8.699;0.026315
8.7;0.024342
8.701;0.014643
8.702;0.005438
8.703;-0.007549
8.704;-0.020536
8.705;-0.025961
8.706;-0.030399
8.707;-0.028755
8.708;-0.025467
8.709;-0.006892
8.71;0.010534
8.711;0.032562
8.712;0.052124
8.713;0.074481
8.714;0.089769
8.715;0.101769
8.716;0.105057
8.717;0.107358
8.718;0.100783
8.719;0.091084
8.72;0.083686
8.721;0.070864
8.722;0.062152
8.723;0.054754
8.724;0.058206
8.725;0.061001
8.726;0.070864
8.727;0.075138
8.728;0.086317
8.729;0.094207
8.73;0.10029
8.731;0.101934
8.732;0.095358
8.733;0.085495
8.734;0.072179
8.735;0.056069
8.736;0.034699
8.737;0.015136
8.738;-0.004426
8.739;-0.014782
8.74;-0.02218
8.741;-0.023824
8.742;-0.026289
8.743;-0.013796
8.744;-0.000809
8.745;0.012999
8.746;0.028781
8.747;0.033877
8.748;0.041767
8.749;0.040945
8.75;0.035192
8.751;0.026972
8.752;0.01152
8.753;-0.004261
8.754;-0.016262
8.755;-0.031221
8.756;-0.038783
8.757;-0.045523
8.758;-0.038783
8.759;-0.029248
8.76;-0.017412
8.761;0.001657
8.762;0.014972
8.763;0.029603
8.764;0.038973
8.765;0.047685
8.766;0.041767
8.767;0.039137
8.768;0.027466
8.769;0.015136
8.77;0.00067
8.771;-0.012481
8.772;-0.029742
8.773;-0.030563
8.774;-0.031714
8.775;-0.026783
8.776;-0.017412
8.777;-0.002782
8.778;0.010369
8.779;0.025986
8.78;0.037
8.781;0.045877
8.782;0.048343
8.783;0.044398
8.784;0.037658
8.785;0.025164
8.786;0.009218
8.787;-0.009029
8.788;-0.018234
8.789;-0.029084
8.79;-0.032536
8.791;-0.034016
8.792;-0.026289
8.793;-0.015933
8.794;-0.000152
8.795;0.014643
8.796;0.028945
8.797;0.03848
8.798;0.043576
8.799;0.047521
8.8;0.041932
8.801;0.033384
8.802;0.016123
8.803;0.005438
8.804;-0.009029
8.805;-0.022015
8.806;-0.032701
8.807;-0.034838
8.808;-0.03155
8.809;-0.021851
8.81;-0.011001
8.811;0.004616
8.812;0.019411
8.813;0.03289
8.814;0.043082
8.815;0.049494
8.816;0.044233
8.817;0.037658
8.818;0.030096
8.819;0.019575
8.82;0.001492
8.821;-0.015111
8.822;-0.02333
8.823;-0.030235
8.824;-0.030399
8.825;-0.025796
8.826;-0.016097
8.827;-0.001631
8.828;0.011027
8.829;0.029438
8.83;0.040781
8.831;0.04785
8.832;0.048836
8.833;0.048179
8.834;0.041932
8.835;0.029274
8.836;0.012342
8.837;0.001985
8.838;-0.01396
8.839;-0.021193
8.84;-0.027769
8.841;-0.026947
8.842;-0.018234
8.843;-0.009851
8.844;0.007081
8.845;0.02089
8.846;0.037
8.847;0.044891
8.848;0.055412
8.849;0.056891
8.85;0.052453
8.851;0.03963
8.852;0.030096
8.853;0.015465
8.854;0.00067
8.855;-0.011988
8.856;-0.020043
8.857;-0.023002
8.858;-0.021029
8.859;-0.010015
8.86;0.002807
8.861;0.01826
8.862;0.030589
8.863;0.046535
8.864;0.056398
8.865;0.061494
8.866;0.056891
8.867;0.05459
8.868;0.044726
8.869;0.030096
8.87;0.015301
8.871;0.001985
8.872;-0.010015
8.873;-0.01659
8.874;-0.015275
8.875;-0.012645
8.876;-0.000809
8.877;0.011191
8.878;0.02763
8.879;0.042918
8.88;0.057384
8.881;0.060508
8.882;0.068891
8.883;0.064946
8.884;0.058535
8.885;0.045877
8.886;0.032397
8.887;0.018589
8.888;0.003629
8.889;-0.004261
8.89;-0.008535
8.891;-0.008207
8.892;-0.004919
8.893;0.009383
8.894;0.025493
8.895;0.040123
8.896;0.051959
8.897;0.066426
8.898;0.074974
8.899;0.075467
8.9;0.0707
8.901;0.061165
8.902;0.049
8.903;0.034534
8.904;0.020068
8.905;0.007081
8.906;-0.000974
8.907;-0.003933
8.908;0.001163
8.909;0.007903
8.91;0.023027
8.911;0.03437
8.912;0.052946
8.913;0.06659
8.914;0.077604
8.915;0.082043
8.916;0.08007
8.917;0.074645
8.918;0.06396
8.919;0.050973
8.92;0.035521
8.921;0.021054
8.922;0.007903
8.923;0.004451
8.924;0.00215
8.925;0.01004
8.926;0.014315
8.927;0.032068
8.928;0.047028
8.929;0.061823
8.93;0.073001
8.931;0.081714
8.932;0.085823
8.933;0.081878
8.934;0.074152
8.935;0.063138
8.936;0.047028
8.937;0.03026
8.938;0.019575
8.939;0.006917
8.94;0.003958
8.941;1.27E-05
8.942;0.010534
8.943;0.021383
8.944;0.037329
8.945;0.049822
8.946;0.064946
8.947;0.075138
8.948;0.081549
8.949;0.081714
8.95;0.076289
8.951;0.067905
8.952;0.051138
8.953;0.037658
8.954;0.021054
8.955;0.009547
8.956;-0.004426
8.957;-0.002946
8.958;0.000177
8.959;0.006753
8.96;0.014643
8.961;0.032233
8.962;0.046699
8.963;0.059357
8.964;0.06807
8.965;0.072015
8.966;0.06922
8.967;0.063467
8.968;0.051959
8.969;0.038151
8.97;0.020561
8.971;0.002972
8.972;-0.005741
8.973;-0.012316
8.974;-0.01281
8.975;-0.014289
8.976;-0.00196
8.977;0.01152
8.978;0.025329
8.979;0.041767
8.98;0.051795
8.981;0.05985
8.982;0.061165
8.983;0.055247
8.984;0.050316
8.985;0.037986
8.986;0.020068
8.987;0.007246
8.988;-0.007878
8.989;-0.017084
8.99;-0.028426
8.991;-0.023002
8.992;-0.017084
8.993;-0.005741
8.994;0.006917
8.995;0.021383
8.996;0.035521
8.997;0.045548
8.998;0.05574
8.999;0.053603
9;0.04785
9.001;0.036507
9.002;0.02352
9.003;0.009876
9.004;-0.00459
9.005;-0.022508
9.006;-0.026289
9.007;-0.030235
9.008;-0.028262
9.009;-0.021029
9.01;-0.0087
9.011;0.005766
9.012;0.020726
9.013;0.033712
9.014;0.042754
9.015;0.04785
9.016;0.044891
9.017;0.038315
9.018;0.029109
9.019;0.012177
9.02;-0.005083
9.021;-0.014289
9.022;-0.028098
9.023;-0.034673
9.024;-0.037139
9.025;-0.031714
9.026;-0.021687
9.027;-0.0087
9.028;0.006259
9.029;0.022205
9.03;0.034699
9.031;0.040781
9.032;0.045384
9.033;0.037986
9.034;0.033055
9.035;0.01678
9.036;0.006259
9.037;-0.010179
9.038;-0.022837
9.039;-0.034673
9.04;-0.038125
9.041;-0.037468
9.042;-0.031385
9.043;-0.021193
9.044;-0.005083
9.045;0.010369
9.046;0.022205
9.047;0.034699
9.048;0.041603
9.049;0.041767
9.05;0.034206
9.051;0.02763
9.052;0.015465
9.053;-0.000316
9.054;-0.017412
9.055;-0.026783
9.056;-0.03829
9.057;-0.040262
9.058;-0.037139
9.059;-0.027605
9.06;-0.015604
9.061;-0.002782
9.062;0.013493
9.063;0.02763
9.064;0.036178
9.065;0.037493
9.066;0.040452
9.067;0.033219
9.068;0.021219
9.069;0.007081
9.07;-0.007056
9.071;-0.021687
9.072;-0.031879
9.073;-0.039769
9.074;-0.038125
9.075;-0.035002
9.076;-0.026947
9.077;-0.010508
9.078;0.002479
9.079;0.018095
9.08;0.027794
9.081;0.037822
9.082;0.041439
9.083;0.035027
9.084;0.028123
9.085;0.019904
9.086;0.003629
9.087;-0.010508
9.088;-0.025139
9.089;-0.035002
9.09;-0.040591
9.091;-0.040098
9.092;-0.03155
9.093;-0.019221
9.094;-0.005083
9.095;0.006753
9.096;0.024013
9.097;0.034041
9.098;0.043904
9.099;0.039466
9.1;0.036507
9.101;0.028123
9.102;0.013821
9.103;0.000177
9.104;-0.014453
9.105;-0.028262
9.106;-0.03681
9.107;-0.04092
9.108;-0.037139
9.109;-0.02744
9.11;-0.019549
9.111;0.000342
9.112;0.015465
9.113;0.027466
9.114;0.034863
9.115;0.041932
9.116;0.040617
9.117;0.033548
9.118;0.022534
9.119;0.009383
9.12;-0.005083
9.121;-0.019714
9.122;-0.032372
9.123;-0.039605
9.124;-0.038619
9.125;-0.037139
9.126;-0.023166
9.127;-0.010837
9.128;0.00478
9.129;0.017109
9.13;0.032233
9.131;0.039302
9.132;0.043904
9.133;0.039302
9.134;0.031411
9.135;0.019411
9.136;0.003794
9.137;-0.009686
9.138;-0.023659
9.139;-0.03418
9.14;-0.040098
9.141;-0.038125
9.142;-0.030563
9.143;-0.017577
9.144;-0.007714
9.145;0.010534
9.146;0.024507
9.147;0.036671
9.148;0.042096
9.149;0.044069
9.15;0.038315
9.151;0.028781
9.152;0.016123
9.153;0.001328
9.154;-0.01544
9.155;-0.029577
9.156;-0.034673
9.157;-0.038783
9.158;-0.03418
9.159;-0.031221
9.16;-0.015275
9.161;-0.000809
9.162;0.014643
9.163;0.029931
9.164;0.037986
9.165;0.042754
9.166;0.042589
9.167;0.034534
9.168;0.024178
9.169;0.010698
9.17;-0.006398
9.171;-0.018234
9.172;-0.032207
9.173;-0.036481
9.174;-0.042399
9.175;-0.031879
9.176;-0.024152
9.177;-0.009851
9.178;0.005438
9.179;0.019739
9.18;0.031575
9.181;0.040288
9.182;0.046041
9.183;0.03848
9.184;0.031904
9.185;0.017931
9.186;0.005109
9.187;-0.009686
9.188;-0.02333
9.189;-0.037632
9.19;-0.036975
9.191;-0.035495
9.192;-0.029413
9.193;-0.020371
9.194;-0.003768
9.195;0.011191
9.196;0.025329
9.197;0.037329
9.198;0.043247
9.199;0.044562
9.2;0.040288
9.201;0.031082
9.202;0.016287
9.203;0.001657
9.204;-0.016097
9.205;-0.023495
9.206;-0.031879
9.207;-0.034838
9.208;-0.035331
9.209;-0.025139
9.21;-0.011823
9.211;0.004287
9.212;0.019739
9.213;0.03289
9.214;0.041932
9.215;0.045548
9.216;0.045548
9.217;0.037986
9.218;0.027959
9.219;0.012835
9.22;-0.001138
9.221;-0.013303
9.222;-0.024481
9.223;-0.035988
9.224;-0.032701
9.225;-0.027276
9.226;-0.016919
9.227;-0.003439
9.228;0.012671
9.229;0.027301
9.23;0.03848
9.231;0.047028
9.232;0.050809
9.233;0.047357
9.234;0.038644
9.235;0.028123
9.236;0.015301
9.237;-0.001467
9.238;-0.017906
9.239;-0.022837
9.24;-0.028591
9.241;-0.026454
9.242;-0.020043
9.243;-0.009029
9.244;0.005766
9.245;0.020232
9.246;0.036178
9.247;0.045877
9.248;0.053275
9.249;0.052781
9.25;0.04785
9.251;0.040781
9.252;0.026644
9.253;0.009712
9.254;-0.002453
9.255;-0.015275
9.256;-0.022673
9.257;-0.028591
9.258;-0.025467
9.259;-0.017084
9.26;-0.004919
9.261;0.010369
9.262;0.024507
9.263;0.037822
9.264;0.04522
9.265;0.053275
9.266;0.051795
9.267;0.042589
9.268;0.028288
9.269;0.017931
9.27;0.002479
9.271;-0.011166
9.272;-0.024481
9.273;-0.031221
9.274;-0.031879
9.275;-0.029248
9.276;-0.016097
9.277;-0.003439
9.278;0.012013
9.279;0.024178
9.28;0.037
9.281;0.044726
9.282;0.048836
9.283;0.042754
9.284;0.035356
9.285;0.024507
9.286;0.009383
9.287;-0.007056
9.288;-0.018399
9.289;-0.031385
9.29;-0.034838
9.291;-0.033687
9.292;-0.02744
9.293;-0.017577
9.294;-0.003933
9.295;0.012506
9.296;0.026479
9.297;0.038151
9.298;0.040781
9.299;0.044398
9.3;0.036507
9.301;0.029931
9.302;0.015301
9.303;0.00067
9.304;-0.013631
9.305;-0.025467
9.306;-0.033358
9.307;-0.036975
9.308;-0.03418
9.309;-0.029084
9.31;-0.012316
9.311;0.001657
9.312;0.015958
9.313;0.025986
9.314;0.036178
9.315;0.04374
9.316;0.043411
9.317;0.03437
9.318;0.024507
9.319;0.010698
9.32;-0.005083
9.321;-0.018563
9.322;-0.030399
9.323;-0.037797
9.324;-0.040427
9.325;-0.033687
9.326;-0.024317
9.327;-0.009357
9.328;0.00215
9.329;0.019082
9.33;0.03174
9.331;0.040123
9.332;0.041439
9.333;0.038151
9.334;0.030425
9.335;0.018917
9.336;0.004122
9.337;-0.010837
9.338;-0.025139
9.339;-0.036481
9.34;-0.040262
9.341;-0.038619
9.342;-0.032865
9.343;-0.025303
9.344;-0.007714
9.345;0.007246
9.346;0.021054
9.347;0.028288
9.348;0.037493
9.349;0.037986
9.35;0.029603
9.351;0.022534
9.352;0.008725
9.353;-0.009357
9.354;-0.025139
9.355;-0.036481
9.356;-0.047824
9.357;-0.051112
9.358;-0.052427
9.359;-0.042728
9.36;-0.029906
9.361;-0.014289
9.362;-0.003768
9.363;0.011191
9.364;0.022041
9.365;0.028616
9.366;0.029274
9.367;0.021876
9.368;0.013657
9.369;0.00215
9.37;-0.008535
9.371;-0.017577
9.372;-0.026454
9.373;-0.03007
9.374;-0.021687
9.375;-0.011823
9.376;0.004944
9.377;0.019739
9.378;0.044233
9.379;0.065604
9.38;0.086645
9.381;0.099303
9.382;0.107687
9.383;0.111304
9.384;0.108838
9.385;0.101934
9.386;0.092235
9.387;0.079905
9.388;0.067083
9.389;0.062152
9.39;0.058042
9.391;0.060014
9.392;0.058371
9.393;0.068563
9.394;0.078097
9.395;0.084837
9.396;0.092728
9.397;0.094043
9.398;0.0947
9.399;0.088289
9.4;0.074152
9.401;0.064124
9.402;0.044891
9.403;0.024835
9.404;0.006424
9.405;-0.008864
9.406;-0.0207
9.407;-0.031714
9.408;-0.026125
9.409;-0.020536
9.41;-0.011494
9.411;0.002807
9.412;0.01563
9.413;0.027794
9.414;0.036343
9.415;0.043904
9.416;0.038973
9.417;0.032068
9.418;0.017931
9.419;0.005602
9.42;-0.008371
9.421;-0.023002
9.422;-0.039934
9.423;-0.040591
9.424;-0.041742
9.425;-0.036153
9.426;-0.027769
9.427;-0.012316
9.428;0.003629
9.429;0.02089
9.43;0.034863
9.431;0.041932
9.432;0.045384
9.433;0.041603
9.434;0.035685
9.435;0.025493
9.436;0.009218
9.437;-0.008207
9.438;-0.017248
9.439;-0.027605
9.44;-0.030892
9.441;-0.032372
9.442;-0.024974
9.443;-0.012974
9.444;0.000835
9.445;0.017438
9.446;0.029603
9.447;0.041603
9.448;0.045055
9.449;0.050644
9.45;0.039302
9.451;0.033548
9.452;0.015794
9.453;0.004451
9.454;-0.010837
9.455;-0.02218
9.456;-0.035988
9.457;-0.03418
9.458;-0.032043
9.459;-0.023495
9.46;-0.011166
9.461;0.005438
9.462;0.01826
9.463;0.031575
9.464;0.041439
9.465;0.046206
9.466;0.045713
9.467;0.038151
9.468;0.028288
9.469;0.01563
9.47;-0.000974
9.471;-0.017084
9.472;-0.025303
9.473;-0.032372
9.474;-0.032536
9.475;-0.028591
9.476;-0.0207
9.477;-0.00459
9.478;0.009712
9.479;0.025329
9.48;0.036671
9.481;0.046041
9.482;0.045384
9.483;0.046535
9.484;0.036671
9.485;0.025822
9.486;0.008725
9.487;-0.004755
9.488;-0.01807
9.489;-0.024974
9.49;-0.031221
9.491;-0.031385
9.492;-0.02333
9.493;-0.01396
9.494;0.003629
9.495;0.019411
9.496;0.033219
9.497;0.041439
9.498;0.050151
9.499;0.051631
9.5;0.046041
9.501;0.033712
9.502;0.024671
9.503;0.010698
9.504;-0.004426
9.505;-0.017577
9.506;-0.02481
9.507;-0.028426
9.508;-0.024974
9.509;-0.013303
9.51;-0.004261
9.511;0.013493
9.512;0.025986
9.513;0.040617
9.514;0.049987
9.515;0.056398
9.516;0.051795
9.517;0.049165
9.518;0.039466
9.519;0.023849
9.52;0.009547
9.521;-0.002782
9.522;-0.01659
9.523;-0.020371
9.524;-0.021029
9.525;-0.016097
9.526;-0.006563
9.527;0.005109
9.528;0.022534
9.529;0.037329
9.53;0.050809
9.531;0.055905
9.532;0.061494
9.533;0.060014
9.534;0.051138
9.535;0.038808
9.536;0.024507
9.537;0.010698
9.538;-0.001796
9.539;-0.011166
9.54;-0.01659
9.541;-0.014618
9.542;-0.009686
9.543;0.003958
9.544;0.018095
9.545;0.036343
9.546;0.04637
9.547;0.059357
9.548;0.06659
9.549;0.069878
9.55;0.06248
9.551;0.054096
9.552;0.042096
9.553;0.028288
9.554;0.013657
9.555;0.002807
9.556;-0.008371
9.557;-0.012316
9.558;-0.006398
9.559;0.002643
9.56;0.017109
9.561;0.02615
9.562;0.046206
9.563;0.059028
9.564;0.071028
9.565;0.074809
9.566;0.074974
9.567;0.066919
9.568;0.057713
9.569;0.042754
9.57;0.028123
9.571;0.015794
9.572;0.002314
9.573;-0.002453
9.574;-0.003933
9.575;0.002972
9.576;0.009218
9.577;0.028781
9.578;0.042589
9.579;0.057877
9.58;0.068727
9.581;0.078262
9.582;0.081385
9.583;0.080234
9.584;0.071522
9.585;0.05985
9.586;0.045055
9.587;0.028781
9.588;0.017931
9.589;0.007739
9.59;0.004122
9.591;1.27E-05
9.592;0.012506
9.593;0.023685
9.594;0.038315
9.595;0.050809
9.596;0.066919
9.597;0.078097
9.598;0.085659
9.599;0.088618
9.6;0.078755
9.601;0.070207
9.602;0.056891
9.603;0.043576
9.604;0.026644
9.605;0.013328
9.606;0.001821
9.607;0.005109
9.608;0.005438
9.609;0.014808
9.61;0.022698
9.611;0.041932
9.612;0.05459
9.613;0.067905
9.614;0.07744
9.615;0.080727
9.616;0.079577
9.617;0.072179
9.618;0.061494
9.619;0.047685
9.62;0.03026
9.621;0.014643
9.622;0.005931
9.623;-0.002617
9.624;-0.004097
9.625;-0.003933
9.626;0.009218
9.627;0.023685
9.628;0.037986
9.629;0.052124
9.63;0.061494
9.631;0.070371
9.632;0.071028
9.633;0.068727
9.634;0.057549
9.635;0.046863
9.636;0.029274
9.637;0.014315
9.638;0.00215
9.639;-0.007878
9.64;-0.019221
9.641;-0.012481
9.642;-0.007878
9.643;0.002643
9.644;0.015958
9.645;0.031247
9.646;0.044233
9.647;0.053439
9.648;0.05985
9.649;0.060343
9.65;0.055083
9.651;0.044069
9.652;0.031904
9.653;0.016452
9.654;0.00067
9.655;-0.017248
9.656;-0.019549
9.657;-0.025139
9.658;-0.021851
9.659;-0.015933
9.66;-0.003111
9.661;0.012013
9.662;0.026479
9.663;0.040288
9.664;0.047521
9.665;0.052453
9.666;0.050809
9.667;0.041439
9.668;0.033055
9.669;0.019411
9.67;1.27E-05
9.671;-0.011001
9.672;-0.022508
9.673;-0.028755
9.674;-0.033358
9.675;-0.026618
9.676;-0.017412
9.677;-0.003275
9.678;0.010862
9.679;0.024507
9.68;0.037658
9.681;0.043247
9.682;0.050151
9.683;0.044069
9.684;0.035027
9.685;0.019082
9.686;0.008397
9.687;-0.005576
9.688;-0.019878
9.689;-0.032865
9.69;-0.035166
9.691;-0.035495
9.692;-0.028262
9.693;-0.016919
9.694;-0.003604
9.695;0.012506
9.696;0.025657
9.697;0.036178
9.698;0.042261
9.699;0.043082
9.7;0.035685
9.701;0.028452
9.702;0.015465
9.703;-0.000974
9.704;-0.016919
9.705;-0.026783
9.706;-0.036153
9.707;-0.038619
9.708;-0.036646
9.709;-0.026454
9.71;-0.015111
9.711;-0.002124
9.712;0.015136
9.713;0.027959
9.714;0.037986
9.715;0.03963
9.716;0.041932
9.717;0.030753
9.718;0.022698
9.719;0.005931
9.72;-0.006727
9.721;-0.021029
9.722;-0.030728
9.723;-0.03944
9.724;-0.039769
9.725;-0.035166
9.726;-0.026454
9.727;-0.009357
9.728;0.004122
9.729;0.018917
9.73;0.028945
9.731;0.039302
9.732;0.041767
9.733;0.039466
9.734;0.027794
9.735;0.018095
9.736;0.003465
9.737;-0.012316
9.738;-0.025632
9.739;-0.033851
9.74;-0.040591
9.741;-0.038947
9.742;-0.029906
9.743;-0.021358
9.744;-0.00459
9.745;0.007575
9.746;0.024342
9.747;0.034534
9.748;0.03963
9.749;0.038151
9.75;0.037493
9.751;0.026808
9.752;0.013164
9.753;-0.001796
9.754;-0.016262
9.755;-0.029248
9.756;-0.036153
9.757;-0.038783
9.758;-0.037797
9.759;-0.027605
9.76;-0.018728
9.761;0.000999
9.762;0.013657
9.763;0.027466
9.764;0.033548
9.765;0.040781
9.766;0.039959
9.767;0.030589
9.768;0.022205
9.769;0.01004
9.77;-0.005741
9.771;-0.020043
9.772;-0.03155
9.773;-0.038619
9.774;-0.037961
9.775;-0.036153
9.776;-0.023659
9.777;-0.011823
9.778;0.005931
9.779;0.016287
9.78;0.031411
9.781;0.038973
9.782;0.040781
9.783;0.04111
9.784;0.029767
9.785;0.01826
9.786;0.003958
9.787;-0.011166
9.788;-0.02333
9.789;-0.035331
9.79;-0.041084
9.791;-0.037632
9.792;-0.029742
9.793;-0.016426
9.794;-0.008371
9.795;0.01004
9.796;0.024013
9.797;0.036014
9.798;0.041274
9.799;0.042261
9.8;0.037329
9.801;0.027466
9.802;0.015136
9.803;-0.000152
9.804;-0.015604
9.805;-0.029577
9.806;-0.035166
9.807;-0.039605
9.808;-0.033851
9.809;-0.030235
9.81;-0.015275
9.811;0.000177
9.812;0.016123
9.813;0.028616
9.814;0.038644
9.815;0.042425
9.816;0.041767
9.817;0.035027
9.818;0.022863
9.819;0.009547
9.82;-0.005741
9.821;-0.019221
9.822;-0.03007
9.823;-0.036975
9.824;-0.042235
9.825;-0.033029
9.826;-0.022344
9.827;-0.0087
9.828;0.003629
9.829;0.020068
9.83;0.03174
9.831;0.040123
9.832;0.043247
9.833;0.040123
9.834;0.030589
9.835;0.017274
9.836;0.004616
9.837;-0.010179
9.838;-0.024646
9.839;-0.037139
9.84;-0.036481
9.841;-0.036975
9.842;-0.02892
9.843;-0.023002
9.844;-0.00459
9.845;0.009712
9.846;0.023356
9.847;0.037822
9.848;0.04111
9.849;0.042754
9.85;0.037164
9.851;0.026808
9.852;0.01563
9.853;-0.001467
9.854;-0.016097
9.855;-0.025632
9.856;-0.034838
9.857;-0.036317
9.858;-0.037632
9.859;-0.025303
9.86;-0.013631
9.861;0.001821
9.862;0.018589
9.863;0.030918
9.864;0.039959
9.865;0.043904
9.866;0.045713
9.867;0.035356
9.868;0.025493
9.869;0.009547
9.87;-0.002617
9.871;-0.017412
9.872;-0.028098
9.873;-0.039112
9.874;-0.034509
9.875;-0.031385
9.876;-0.02218
9.877;-0.007549
9.878;0.009218
9.879;0.022863
9.88;0.035356
9.881;0.044069
9.882;0.04637
9.883;0.045713
9.884;0.035849
9.885;0.02352
9.886;0.010205
9.887;-0.005741
9.888;-0.021851
9.889;-0.025961
9.89;-0.032207
9.891;-0.03155
9.892;-0.024152
9.893;-0.014125
9.894;0.002314
9.895;0.017109
9.896;0.031904
9.897;0.042754
9.898;0.049658
9.899;0.048672
9.9;0.047192
9.901;0.036343
9.902;0.024013
9.903;0.005438
9.904;-0.00607
9.905;-0.018234
9.906;-0.025139
9.907;-0.029906
9.908;-0.025303
9.909;-0.017248
9.91;-0.004097
9.911;0.012342
9.912;0.027466
9.913;0.039959
9.914;0.047521
9.915;0.053603
9.916;0.053439
9.917;0.044726
9.918;0.031575
9.919;0.021548
9.92;0.006095
9.921;-0.008864
9.922;-0.021522
9.923;-0.026454
9.924;-0.028755
9.925;-0.02333
9.926;-0.013303
9.927;-0.000645
9.928;0.014972
9.929;0.027466
9.93;0.040617
9.931;0.049165
9.932;0.050644
9.933;0.045713
9.934;0.038644
9.935;0.02763
9.936;0.01152
9.937;-0.003768
9.938;-0.016426
9.939;-0.026947
9.94;-0.030563
9.941;-0.030563
9.942;-0.024152
9.943;-0.012645
9.944;-0.001302
9.945;0.01678
9.946;0.030096
9.947;0.040945
9.948;0.042754
9.949;0.04637
9.95;0.042096
9.951;0.032233
9.952;0.017438
9.953;0.002479
9.954;-0.010837
9.955;-0.022837
9.956;-0.032043
9.957;-0.035495
9.958;-0.031714
9.959;-0.026289
9.96;-0.011166
9.961;0.003301
9.962;0.019411
9.963;0.028781
9.964;0.040452
9.965;0.043576
9.966;0.045055
9.967;0.033712
9.968;0.024178
9.969;0.011027
9.97;-0.003768
9.971;-0.018892
9.972;-0.027605
9.973;-0.037139
9.974;-0.038454
9.975;-0.032207
9.976;-0.023166
9.977;-0.007714
9.978;0.003465
9.979;0.021876
9.98;0.032068
9.981;0.040945
9.982;0.03963
9.983;0.040617
9.984;0.029603
9.985;0.018753
9.986;0.004451
9.987;-0.010837
9.988;-0.024152
9.989;-0.03418
9.99;-0.038125
9.991;-0.036975
9.992;-0.03007
9.993;-0.021851
9.994;-0.002617
9.995;0.010369
9.996;0.024342
9.997;0.031575
9.998;0.041603
9.999;0.042425
