0;0.009547
0.001;0.009876
0.002;0.008725
0.003;0.008561
0.004;0.009218
0.005;0.007903
0.006;0.008397
0.007;0.009054
0.008;0.009383
0.009;0.009547
0.01;0.009712
0.011;0.010862
0.012;0.013328
0.013;0.012999
0.014;0.013328
0.015;0.014972
0.016;0.016123
0.017;0.015301
0.018;0.015301
0.019;0.015465
0.02;0.01563
0.021;0.014643
0.022;0.015794
0.023;0.014808
0.024;0.01678
0.025;0.017109
0.026;0.018424
0.027;0.018753
0.028;0.019575
0.029;0.020232
0.03;0.022041
0.031;0.024178
0.032;0.024671
0.033;0.023849
0.034;0.025493
0.035;0.025657
0.036;0.025493
0.037;0.026479
0.038;0.026479
0.039;0.025657
0.04;0.026644
0.041;0.027794
0.042;0.029274
0.043;0.028616
0.044;0.029109
0.045;0.030753
0.046;0.034041
0.047;0.034534
0.048;0.035521
0.049;0.036178
0.05;0.036507
0.051;0.037
0.052;0.037493
0.053;0.037658
0.054;0.038315
0.055;0.037493
0.056;0.038151
0.057;0.039137
0.058;0.040617
0.059;0.040452
0.06;0.042589
0.061;0.044726
0.062;0.044398
0.063;0.045548
0.064;0.047685
0.065;0.049329
0.066;0.049658
0.067;0.049494
0.068;0.051138
0.069;0.050151
0.07;0.051631
0.071;0.052124
0.072;0.052946
0.073;0.052288
0.074;0.052946
0.075;0.053768
0.076;0.05574
0.077;0.056398
0.078;0.057549
0.079;0.058864
0.08;0.061987
0.081;0.06248
0.082;0.064289
0.083;0.064617
0.084;0.064289
0.085;0.064617
0.086;0.064453
0.087;0.066097
0.088;0.065604
0.089;0.065604
0.09;0.066919
0.091;0.06807
0.092;0.068727
0.093;0.068563
0.094;0.070207
0.095;0.071686
0.096;0.071686
0.097;0.073987
0.098;0.075796
0.099;0.076782
0.1;0.076125
0.101;0.076946
0.102;0.07744
0.103;0.077604
0.104;0.076782
0.105;0.077933
0.106;0.078755
0.107;0.079248
0.108;0.078426
0.109;0.080399
0.11;0.080727
0.111;0.080399
0.112;0.080563
0.113;0.082207
0.114;0.083358
0.115;0.082864
0.116;0.08533
0.117;0.083029
0.118;0.082371
0.119;0.081714
0.12;0.080234
0.121;0.08007
0.122;0.078262
0.123;0.07744
0.124;0.078097
0.125;0.078097
0.126;0.077933
0.127;0.07744
0.128;0.077604
0.129;0.076946
0.13;0.076453
0.131;0.076453
0.132;0.076289
0.133;0.075467
0.134;0.072672
0.135;0.072179
0.136;0.070207
0.137;0.067412
0.138;0.065275
0.139;0.064946
0.14;0.06396
0.141;0.062809
0.142;0.060672
0.143;0.060836
0.144;0.059521
0.145;0.058535
0.146;0.057055
0.147;0.057713
0.148;0.056398
0.149;0.056234
0.15;0.053768
0.151;0.051466
0.152;0.049329
0.153;0.047028
0.154;0.046041
0.155;0.044233
0.156;0.042425
0.157;0.04111
0.158;0.039959
0.159;0.038315
0.16;0.037329
0.161;0.036507
0.162;0.036343
0.163;0.034699
0.164;0.034863
0.165;0.033548
0.166;0.033055
0.167;0.031411
0.168;0.030425
0.169;0.029274
0.17;0.027794
0.171;0.024178
0.172;0.023027
0.173;0.021219
0.174;0.021712
0.175;0.019246
0.176;0.019411
0.177;0.019411
0.178;0.019246
0.179;0.01826
0.18;0.017602
0.181;0.018095
0.182;0.017274
0.183;0.016452
0.184;0.014643
0.185;0.013657
0.186;0.011849
0.187;0.010862
0.188;0.01004
0.189;0.009054
0.19;0.007575
0.191;0.007246
0.192;0.005931
0.193;0.006095
0.194;0.005766
0.195;0.006424
0.196;0.007903
0.197;0.005109
0.198;0.005602
0.199;0.006095
0.2;0.005931
0.201;0.004287
0.202;0.002643
0.203;0.001821
0.204;0.001492
0.205;1.27E-05
0.206;-0.001302
0.207;-0.001302
0.208;-0.001302
0.209;-0.002782
0.21;-0.001796
0.211;-0.000809
0.212;-0.000152
0.213;-0.001302
0.214;-0.000974
0.215;-0.001138
0.216;-0.001138
0.217;-0.002124
0.218;-0.002782
0.219;-0.004097
0.22;-0.004755
0.221;-0.005412
0.222;-0.005741
0.223;-0.006398
0.224;-0.006563
0.225;-0.007385
0.226;-0.007056
0.227;-0.006398
0.228;-0.00459
0.229;-0.004097
0.23;-0.003768
0.231;-0.005083
0.232;-0.005412
0.233;-0.005412
0.234;-0.00607
0.235;-0.005905
0.236;-0.00722
0.237;-0.007056
0.238;-0.008207
0.239;-0.009193
0.24;-0.009522
0.241;-0.007056
0.242;-0.007878
0.243;-0.009029
0.244;-0.008371
0.245;-0.006892
0.246;-0.00722
0.247;-0.005576
0.248;-0.005576
0.249;-0.005412
0.25;-0.006563
0.251;-0.007056
0.252;-0.007385
0.253;-0.007878
0.254;-0.008042
0.255;-0.009029
0.256;-0.008864
0.257;-0.009686
0.258;-0.009686
0.259;-0.0087
0.26;-0.008042
0.261;-0.008042
0.262;-0.00722
0.263;-0.006727
0.264;-0.005248
0.265;-0.004755
0.266;-0.006234
0.267;-0.00607
0.268;-0.006727
0.269;-0.00722
0.27;-0.007385
0.271;-0.008042
0.272;-0.008535
0.273;-0.009357
0.274;-0.008864
0.275;-0.007878
0.276;-0.009193
0.277;-0.009357
0.278;-0.007878
0.279;-0.006563
0.28;-0.005083
0.281;-0.005248
0.282;-0.005576
0.283;-0.005412
0.284;-0.005905
0.285;-0.005741
0.286;-0.006398
0.287;-0.006727
0.288;-0.00722
0.289;-0.007549
0.29;-0.007549
0.291;-0.007878
0.292;-0.007878
0.293;-0.006563
0.294;-0.007056
0.295;-0.006563
0.296;-0.006234
0.297;-0.006563
0.298;-0.004097
0.299;-0.004097
0.3;-0.005741
0.301;-0.00607
0.302;-0.00459
0.303;-0.006234
0.304;-0.006563
0.305;-0.00607
0.306;-0.007385
0.307;-0.007385
0.308;-0.008207
0.309;-0.00722
0.31;-0.005741
0.311;-0.005741
0.312;-0.004919
0.313;-0.00459
0.314;-0.003768
0.315;-0.003275
0.316;-0.003439
0.317;-0.003768
0.318;-0.003768
0.319;-0.003768
0.32;-0.005083
0.321;-0.005083
0.322;-0.006234
0.323;-0.00607
0.324;-0.005741
0.325;-0.006892
0.326;-0.005083
0.327;-0.005576
0.328;-0.005576
0.329;-0.00459
0.33;-0.004426
0.331;-0.003111
0.332;-0.002782
0.333;-0.003111
0.334;-0.004261
0.335;-0.003933
0.336;-0.005083
0.337;-0.005248
0.338;-0.005412
0.339;-0.005741
0.34;-0.006727
0.341;-0.006234
0.342;-0.00607
0.343;-0.006234
0.344;-0.005905
0.345;-0.004755
0.346;-0.003439
0.347;-0.004097
0.348;-0.002782
0.349;-0.002782
0.35;-0.003275
0.351;-0.003439
0.352;-0.003768
0.353;-0.004261
0.354;-0.004261
0.355;-0.005248
0.356;-0.006234
0.357;-0.007385
0.358;-0.006398
0.359;-0.005905
0.36;-0.006563
0.361;-0.004919
0.362;-0.004426
0.363;-0.004426
0.364;-0.004261
0.365;-0.003604
0.366;-0.002289
0.367;-0.003111
0.368;-0.003439
0.369;-0.003933
0.37;-0.00459
0.371;-0.004919
0.372;-0.00607
0.373;-0.005083
0.374;-0.005576
0.375;-0.006398
0.376;-0.00607
0.377;-0.005905
0.378;-0.004261
0.379;-0.004919
0.38;-0.003768
0.381;-0.002453
0.382;-0.002782
0.383;-0.002946
0.384;-0.003604
0.385;-0.003768
0.386;-0.004919
0.387;-0.004755
0.388;-0.005412
0.389;-0.00607
0.39;-0.006563
0.391;-0.006398
0.392;-0.005412
0.393;-0.005412
0.394;-0.006398
0.395;-0.004919
0.396;-0.003768
0.397;-0.003111
0.398;-0.003275
0.399;-0.003111
0.4;-0.003111
0.401;-0.003275
0.402;-0.003933
0.403;-0.004261
0.404;-0.005412
0.405;-0.005576
0.406;-0.00607
0.407;-0.007385
0.408;-0.005248
0.409;-0.006398
0.41;-0.00607
0.411;-0.005905
0.412;-0.004755
0.413;-0.004755
0.414;-0.003604
0.415;-0.003275
0.416;-0.003439
0.417;-0.003111
0.418;-0.003768
0.419;-0.003768
0.42;-0.005741
0.421;-0.005412
0.422;-0.006727
0.423;-0.00607
0.424;-0.006727
0.425;-0.00607
0.426;-0.006234
0.427;-0.005576
0.428;-0.004426
0.429;-0.004097
0.43;-0.004097
0.431;-0.003604
0.432;-0.002617
0.433;-0.002453
0.434;-0.004097
0.435;-0.004097
0.436;-0.005248
0.437;-0.00459
0.438;-0.005905
0.439;-0.006563
0.44;-0.006234
0.441;-0.005741
0.442;-0.00607
0.443;-0.005741
0.444;-0.005905
0.445;-0.004755
0.446;-0.004919
0.447;-0.002946
0.448;-0.002782
0.449;-0.002782
0.45;-0.003604
0.451;-0.003768
0.452;-0.003933
0.453;-0.005083
0.454;-0.004919
0.455;-0.00607
0.456;-0.006398
0.457;-0.006892
0.458;-0.007385
0.459;-0.005741
0.46;-0.006398
0.461;-0.006398
0.462;-0.003604
0.463;-0.003439
0.464;-0.003604
0.465;-0.002453
0.466;-0.002453
0.467;-0.003439
0.468;-0.003933
0.469;-0.004261
0.47;-0.005412
0.471;-0.005412
0.472;-0.005741
0.473;-0.006398
0.474;-0.005741
0.475;-0.006563
0.476;-0.006563
0.477;-0.005905
0.478;-0.004261
0.479;-0.004097
0.48;-0.003933
0.481;-0.003111
0.482;-0.002617
0.483;-0.003275
0.484;-0.004261
0.485;-0.003768
0.486;-0.004426
0.487;-0.004755
0.488;-0.005412
0.489;-0.006234
0.49;-0.007385
0.491;-0.006234
0.492;-0.006398
0.493;-0.004919
0.494;-0.006398
0.495;-0.00459
0.496;-0.004755
0.497;-0.003768
0.498;-0.002617
0.499;-0.003933
0.5;-0.004097
0.501;-0.003768
0.502;-0.004097
0.503;-0.004426
0.504;-0.005083
0.505;-0.005248
0.506;-0.00607
0.507;-0.006727
0.508;-0.005905
0.509;-0.005741
0.51;-0.005412
0.511;-0.004755
0.512;-0.004097
0.513;-0.004097
0.514;-0.003111
0.515;-0.003439
0.516;-0.002617
0.517;-0.004097
0.518;-0.004261
0.519;-0.004097
0.52;-0.003275
0.521;-0.003111
0.522;-0.005083
0.523;-0.003933
0.524;-0.004426
0.525;-0.004097
0.526;-0.004755
0.527;-0.005083
0.528;-0.004097
0.529;-0.003111
0.53;-0.004261
0.531;-0.003604
0.532;-0.002289
0.533;-0.002782
0.534;-0.003439
0.535;-0.003768
0.536;-0.003933
0.537;-0.004426
0.538;-0.004755
0.539;-0.00607
0.54;-0.006727
0.541;-0.005741
0.542;-0.005248
0.543;-0.005083
0.544;-0.005083
0.545;-0.005083
0.546;-0.003604
0.547;-0.003111
0.548;-0.002782
0.549;-0.002946
0.55;-0.003604
0.551;-0.00459
0.552;-0.004097
0.553;-0.004097
0.554;-0.00459
0.555;-0.005412
0.556;-0.006727
0.557;-0.006234
0.558;-0.00607
0.559;-0.005083
0.56;-0.004426
0.561;-0.004919
0.562;-0.002782
0.563;-0.002946
0.564;-0.000645
0.565;-0.000645
0.566;-0.001467
0.567;-0.001138
0.568;-0.001138
0.569;-0.000809
0.57;-0.002124
0.571;-0.00196
0.572;-0.000809
0.573;-0.001796
0.574;-0.001302
0.575;-0.000809
0.576;-0.000809
0.577;0.00067
0.578;0.000506
0.579;0.001328
0.58;0.002643
0.581;0.002479
0.582;0.002479
0.583;0.003301
0.584;0.002643
0.585;0.003136
0.586;0.002479
0.587;0.003301
0.588;0.003136
0.589;0.002479
0.59;0.002479
0.591;0.002479
0.592;0.002479
0.593;0.003794
0.594;0.005273
0.595;0.005602
0.596;0.006917
0.597;0.007575
0.598;0.009712
0.599;0.009054
0.6;0.010369
0.601;0.009712
0.602;0.011356
0.603;0.01004
0.604;0.011027
0.605;0.010205
0.606;0.010698
0.607;0.011849
0.608;0.011191
0.609;0.012013
0.61;0.013328
0.611;0.012999
0.612;0.014808
0.613;0.016616
0.614;0.017767
0.615;0.017931
0.616;0.01826
0.617;0.019739
0.618;0.019904
0.619;0.018095
0.62;0.018424
0.621;0.018095
0.622;0.017931
0.623;0.017602
0.624;0.017767
0.625;0.017274
0.626;0.017274
0.627;0.017274
0.628;0.017767
0.629;0.01678
0.63;0.017602
0.631;0.017274
0.632;0.018095
0.633;0.016945
0.634;0.015794
0.635;0.014643
0.636;0.014315
0.637;0.012671
0.638;0.013164
0.639;0.011684
0.64;0.011027
0.641;0.010698
0.642;0.01004
0.643;0.009218
0.644;0.009383
0.645;0.010205
0.646;0.009876
0.647;0.010698
0.648;0.010698
0.649;0.011027
0.65;0.008725
0.651;0.007903
0.652;0.006095
0.653;0.005766
0.654;0.00478
0.655;0.004944
0.656;0.004287
0.657;0.003301
0.658;0.003301
0.659;0.003136
0.66;0.001985
0.661;0.001821
0.662;0.003136
0.663;0.003301
0.664;0.003629
0.665;0.003794
0.666;0.003301
0.667;0.001163
0.668;0.001492
0.669;0.000177
0.67;0.000835
0.671;-0.000316
0.672;-0.001467
0.673;-0.002617
0.674;-0.002946
0.675;-0.003111
0.676;-0.003111
0.677;-0.002617
0.678;-0.002946
0.679;-0.001302
0.68;-0.002617
0.681;1.27E-05
0.682;-0.000152
0.683;-0.000809
0.684;-0.002453
0.685;-0.002124
0.686;-0.004261
0.687;-0.004261
0.688;-0.005248
0.689;-0.005083
0.69;-0.005905
0.691;-0.005248
0.692;-0.005412
0.693;-0.005248
0.694;-0.005248
0.695;-0.004426
0.696;-0.003439
0.697;-0.003768
0.698;-0.003933
0.699;-0.002782
0.7;-0.003604
0.701;-0.004426
0.702;-0.00459
0.703;-0.005083
0.704;-0.005412
0.705;-0.005905
0.706;-0.007714
0.707;-0.007714
0.708;-0.008864
0.709;-0.008042
0.71;-0.00722
0.711;-0.006892
0.712;-0.007385
0.713;-0.007878
0.714;-0.007878
0.715;-0.006234
0.716;-0.007549
0.717;-0.008371
0.718;-0.009193
0.719;-0.011166
0.72;-0.012974
0.721;-0.013631
0.722;-0.015111
0.723;-0.017577
0.724;-0.020536
0.725;-0.022015
0.726;-0.022673
0.727;-0.025467
0.728;-0.027111
0.729;-0.029084
0.73;-0.029248
0.731;-0.031385
0.732;-0.032701
0.733;-0.034509
0.734;-0.036153
0.735;-0.037139
0.736;-0.037303
0.737;-0.037139
0.738;-0.036153
0.739;-0.032865
0.74;-0.028591
0.741;-0.023495
0.742;-0.018399
0.743;-0.010344
0.744;-0.000809
0.745;0.009712
0.746;0.020068
0.747;0.031082
0.748;0.044726
0.749;0.056891
0.75;0.069878
0.751;0.082043
0.752;0.095358
0.753;0.106536
0.754;0.118537
0.755;0.129715
0.756;0.143524
0.757;0.154209
0.758;0.164237
0.759;0.171634
0.76;0.181333
0.761;0.186593
0.762;0.189717
0.763;0.189552
0.764;0.186922
0.765;0.180511
0.766;0.168018
0.767;0.156017
0.768;0.140236
0.769;0.12429
0.77;0.10818
0.771;0.09355
0.772;0.081385
0.773;0.069056
0.774;0.059028
0.775;0.050973
0.776;0.042096
0.777;0.034041
0.778;0.027137
0.779;0.021383
0.78;0.016287
0.781;0.012013
0.782;0.008068
0.783;0.003958
0.784;0.00067
0.785;-0.003439
0.786;-0.005412
0.787;-0.007714
0.788;-0.008371
0.789;-0.010837
0.79;-0.011988
0.791;-0.011988
0.792;-0.01281
0.793;-0.01281
0.794;-0.01281
0.795;-0.012481
0.796;-0.011494
0.797;-0.010015
0.798;-0.007714
0.799;-0.006234
0.8;-0.004426
0.801;-0.003111
0.802;-0.002289
0.803;-0.001796
0.804;-0.00048
0.805;0.000835
0.806;0.001657
0.807;0.003794
0.808;0.004451
0.809;0.005602
0.81;0.006095
0.811;0.007575
0.812;0.008725
0.813;0.008561
0.814;0.009054
0.815;0.010369
0.816;0.01152
0.817;0.009383
0.818;0.008561
0.819;0.006753
0.82;0.007246
0.821;0.005931
0.822;0.005273
0.823;0.002807
0.824;0.002314
0.825;0.003629
0.826;0.003629
0.827;0.002807
0.828;0.004451
0.829;0.004287
0.83;0.00478
0.831;0.005766
0.832;0.005602
0.833;0.006095
0.834;0.004287
0.835;0.004122
0.836;0.004122
0.837;0.003958
0.838;0.001985
0.839;0.002314
0.84;0.002479
0.841;0.002807
0.842;0.002643
0.843;0.003465
0.844;0.004616
0.845;0.004287
0.846;0.005931
0.847;0.006917
0.848;0.007739
0.849;0.008232
0.85;0.009218
0.851;0.006424
0.852;0.007081
0.853;0.006259
0.854;0.007081
0.855;0.006588
0.856;0.006917
0.857;0.006588
0.858;0.006753
0.859;0.007739
0.86;0.008397
0.861;0.008397
0.862;0.010534
0.863;0.011356
0.864;0.01152
0.865;0.012671
0.866;0.012013
0.867;0.012177
0.868;0.012506
0.869;0.013328
0.87;0.013164
0.871;0.012342
0.872;0.012671
0.873;0.012177
0.874;0.013164
0.875;0.013493
0.876;0.014643
0.877;0.01563
0.878;0.015958
0.879;0.016123
0.88;0.018753
0.881;0.020068
0.882;0.020726
0.883;0.020232
0.884;0.02089
0.885;0.021712
0.886;0.022041
0.887;0.021876
0.888;0.022698
0.889;0.02237
0.89;0.02237
0.891;0.024671
0.892;0.024342
0.893;0.025
0.894;0.025657
0.895;0.027466
0.896;0.029274
0.897;0.029767
0.898;0.030753
0.899;0.032562
0.9;0.031575
0.901;0.031904
0.902;0.033384
0.903;0.033384
0.904;0.033877
0.905;0.03437
0.906;0.032726
0.907;0.03437
0.908;0.037
0.909;0.037
0.91;0.037986
0.911;0.038808
0.912;0.040288
0.913;0.040945
0.914;0.043247
0.915;0.044726
0.916;0.04522
0.917;0.045548
0.918;0.044726
0.919;0.04637
0.92;0.046535
0.921;0.046206
0.922;0.046206
0.923;0.046699
0.924;0.048507
0.925;0.049822
0.926;0.050151
0.927;0.051795
0.928;0.052946
0.929;0.055247
0.93;0.056727
0.931;0.057549
0.932;0.057384
0.933;0.058371
0.934;0.059357
0.935;0.059521
0.936;0.060343
0.937;0.060672
0.938;0.06248
0.939;0.061823
0.94;0.061987
0.941;0.062809
0.942;0.063795
0.943;0.063795
0.944;0.066097
0.945;0.067083
0.946;0.068891
0.947;0.070042
0.948;0.070371
0.949;0.072015
0.95;0.072344
0.951;0.072015
0.952;0.073659
0.953;0.073823
0.954;0.073001
0.955;0.073987
0.956;0.074481
0.957;0.074481
0.958;0.076289
0.959;0.076618
0.96;0.078097
0.961;0.07744
0.962;0.078919
0.963;0.080234
0.964;0.081221
0.965;0.082207
0.966;0.081878
0.967;0.083193
0.968;0.082043
0.969;0.081549
0.97;0.081549
0.971;0.081056
0.972;0.081056
0.973;0.08007
0.974;0.08007
0.975;0.080727
0.976;0.08007
0.977;0.079412
0.978;0.079741
0.979;0.080399
0.98;0.080234
0.981;0.08007
0.982;0.081056
0.983;0.08007
0.984;0.078755
0.985;0.078426
0.986;0.075631
0.987;0.073659
0.988;0.073494
0.989;0.073001
0.99;0.071686
0.991;0.070371
0.992;0.067576
0.993;0.067083
0.994;0.06659
0.995;0.066261
0.996;0.065111
0.997;0.064782
0.998;0.064289
0.999;0.062973
1;0.06133
1.001;0.059193
1.002;0.058371
1.003;0.055576
1.004;0.054425
1.005;0.053439
1.006;0.051138
1.007;0.049
1.008;0.048507
1.009;0.04637
1.01;0.045384
1.011;0.043247
1.012;0.044562
1.013;0.043576
1.014;0.042425
1.015;0.041603
1.016;0.040452
1.017;0.038808
1.018;0.037658
1.019;0.036178
1.02;0.033877
1.021;0.032726
1.022;0.03026
1.023;0.03026
1.024;0.028452
1.025;0.027466
1.026;0.025822
1.027;0.025329
1.028;0.025164
1.029;0.024507
1.03;0.022863
1.031;0.022863
1.032;0.02352
1.033;0.022041
1.034;0.020726
1.035;0.019904
1.036;0.01826
1.037;0.017109
1.038;0.015465
1.039;0.013657
1.04;0.012835
1.041;0.010698
1.042;0.01152
1.043;0.010534
1.044;0.01004
1.045;0.009876
1.046;0.009876
1.047;0.009547
1.048;0.009054
1.049;0.009876
1.05;0.009218
1.051;0.007739
1.052;0.006424
1.053;0.007081
1.054;0.004451
1.055;0.004287
1.056;0.002643
1.057;0.001657
1.058;0.002807
1.059;0.001657
1.06;0.001163
1.061;0.000342
1.062;0.00067
1.063;0.00067
1.064;0.000999
1.065;0.001492
1.066;0.001492
1.067;0.000835
1.068;0.001163
1.069;-0.000152
1.07;-0.001796
1.071;-0.002289
1.072;-0.003275
1.073;-0.004755
1.074;-0.005248
1.075;-0.005248
1.076;-0.004919
1.077;-0.005248
1.078;-0.005905
1.079;-0.005248
1.08;-0.004755
1.081;-0.004426
1.082;-0.003604
1.083;-0.002453
1.084;-0.004755
1.085;-0.004261
1.086;-0.005412
1.087;-0.006563
1.088;-0.006234
1.089;-0.008042
1.09;-0.009193
1.091;-0.008042
1.092;-0.008042
1.093;-0.008042
1.094;-0.008042
1.095;-0.007714
1.096;-0.005905
1.097;-0.004919
1.098;-0.004919
1.099;-0.005412
1.1;-0.005905
1.101;-0.00607
1.102;-0.005412
1.103;-0.006234
1.104;-0.007385
1.105;-0.008371
1.106;-0.009357
1.107;-0.009851
1.108;-0.008535
1.109;-0.009357
1.11;-0.0087
1.111;-0.008864
1.112;-0.007385
1.113;-0.005905
1.114;-0.005905
1.115;-0.005741
1.116;-0.005248
1.117;-0.005576
1.118;-0.00607
1.119;-0.006234
1.12;-0.00722
1.121;-0.008042
1.122;-0.007878
1.123;-0.009522
1.124;-0.008371
1.125;-0.008535
1.126;-0.008864
1.127;-0.008042
1.128;-0.008371
1.129;-0.008042
1.13;-0.005741
1.131;-0.006234
1.132;-0.004426
1.133;-0.005905
1.134;-0.005412
1.135;-0.004755
1.136;-0.004919
1.137;-0.007056
1.138;-0.007714
1.139;-0.007549
1.14;-0.00722
1.141;-0.00722
1.142;-0.008371
1.143;-0.007385
1.144;-0.006563
1.145;-0.007056
1.146;-0.004919
1.147;-0.003933
1.148;-0.004919
1.149;-0.003933
1.15;-0.005083
1.151;-0.004426
1.152;-0.005576
1.153;-0.005905
1.154;-0.00722
1.155;-0.006727
1.156;-0.007714
1.157;-0.008042
1.158;-0.00722
1.159;-0.007549
1.16;-0.006892
1.161;-0.006727
1.162;-0.005083
1.163;-0.005412
1.164;-0.005083
1.165;-0.005083
1.166;-0.003604
1.167;-0.003275
1.168;-0.003604
1.169;-0.00459
1.17;-0.005412
1.171;-0.005576
1.172;-0.005576
1.173;-0.005248
1.174;-0.005741
1.175;-0.005576
1.176;-0.005412
1.177;-0.00459
1.178;-0.005248
1.179;-0.004261
1.18;-0.004097
1.181;-0.003111
1.182;-0.002289
1.183;-0.002782
1.184;-0.002453
1.185;-0.002453
1.186;-0.003439
1.187;-0.003604
1.188;-0.004755
1.189;-0.005248
1.19;-0.004426
1.191;-0.005741
1.192;-0.005905
1.193;-0.00607
1.194;-0.005083
1.195;-0.003768
1.196;-0.004426
1.197;-0.003111
1.198;-0.003111
1.199;-0.00196
1.2;-0.002453
1.201;-0.003439
1.202;-0.003275
1.203;-0.003933
1.204;-0.004426
1.205;-0.005083
1.206;-0.005905
1.207;-0.004919
1.208;-0.005412
1.209;-0.005412
1.21;-0.006398
1.211;-0.005248
1.212;-0.004097
1.213;-0.002946
1.214;-0.003604
1.215;-0.002289
1.216;-0.002617
1.217;-0.002289
1.218;-0.003275
1.219;-0.003768
1.22;-0.003768
1.221;-0.005576
1.222;-0.005083
1.223;-0.005083
1.224;-0.00607
1.225;-0.00607
1.226;-0.005741
1.227;-0.005248
1.228;-0.003933
1.229;-0.00459
1.23;-0.002946
1.231;-0.003439
1.232;-0.002453
1.233;-0.002782
1.234;-0.002782
1.235;-0.003439
1.236;-0.002617
1.237;-0.003768
1.238;-0.005412
1.239;-0.005248
1.24;-0.005083
1.241;-0.005576
1.242;-0.004919
1.243;-0.004919
1.244;-0.004755
1.245;-0.004755
1.246;-0.004755
1.247;-0.004097
1.248;-0.001467
1.249;-0.001302
1.25;-0.002617
1.251;-0.003768
1.252;-0.00196
1.253;-0.004426
1.254;-0.003768
1.255;-0.004261
1.256;-0.005083
1.257;-0.005412
1.258;-0.005576
1.259;-0.004919
1.26;-0.004755
1.261;-0.004755
1.262;-0.004919
1.263;-0.003604
1.264;-0.002782
1.265;-0.002453
1.266;-0.00196
1.267;-0.002453
1.268;-0.002782
1.269;-0.003439
1.27;-0.003604
1.271;-0.003933
1.272;-0.005083
1.273;-0.005248
1.274;-0.006727
1.275;-0.006234
1.276;-0.005412
1.277;-0.004755
1.278;-0.003604
1.279;-0.002946
1.28;-0.003604
1.281;-0.003111
1.282;-0.001302
1.283;-0.00196
1.284;-0.002289
1.285;-0.003604
1.286;-0.002617
1.287;-0.003768
1.288;-0.003933
1.289;-0.005412
1.29;-0.005741
1.291;-0.00607
1.292;-0.004755
1.293;-0.005412
1.294;-0.005741
1.295;-0.00459
1.296;-0.004261
1.297;-0.002124
1.298;-0.002617
1.299;-0.001796
1.3;-0.002289
1.301;-0.003275
1.302;-0.003439
1.303;-0.003604
1.304;-0.003768
1.305;-0.00459
1.306;-0.005083
1.307;-0.005741
1.308;-0.004097
1.309;-0.004919
1.31;-0.004919
1.311;-0.005083
1.312;-0.002617
1.313;-0.003275
1.314;-0.002289
1.315;-0.002289
1.316;-0.000809
1.317;-0.002453
1.318;-0.002946
1.319;-0.002782
1.32;-0.004426
1.321;-0.005083
1.322;-0.005248
1.323;-0.005248
1.324;-0.005576
1.325;-0.004097
1.326;-0.004919
1.327;-0.004426
1.328;-0.004426
1.329;-0.003111
1.33;-0.003933
1.331;-0.002946
1.332;-0.001796
1.333;-0.002782
1.334;-0.003275
1.335;-0.002782
1.336;-0.002617
1.337;-0.003275
1.338;-0.004261
1.339;-0.004261
1.34;-0.004755
1.341;-0.005576
1.342;-0.00459
1.343;-0.005083
1.344;-0.004261
1.345;-0.005741
1.346;-0.002289
1.347;-0.002453
1.348;-0.002124
1.349;-0.002617
1.35;-0.002453
1.351;-0.002124
1.352;-0.002617
1.353;-0.002617
1.354;-0.004755
1.355;-0.00459
1.356;-0.005248
1.357;-0.004755
1.358;-0.005412
1.359;-0.004919
1.36;-0.005248
1.361;-0.004426
1.362;-0.00459
1.363;-0.002946
1.364;-0.003275
1.365;-0.00196
1.366;-0.002782
1.367;-0.002124
1.368;-0.003439
1.369;-0.003604
1.37;-0.003604
1.371;-0.004426
1.372;-0.004755
1.373;-0.004097
1.374;-0.00459
1.375;-0.003604
1.376;-0.004261
1.377;-0.003439
1.378;-0.003933
1.379;-0.002124
1.38;-0.002124
1.381;-0.000809
1.382;-0.001796
1.383;-0.002946
1.384;-0.003111
1.385;-0.001796
1.386;-0.002617
1.387;-0.002617
1.388;-0.004755
1.389;-0.004261
1.39;-0.005083
1.391;-0.004426
1.392;-0.005083
1.393;-0.004755
1.394;-0.003933
1.395;-0.003933
1.396;-0.002946
1.397;-0.002617
1.398;-0.002617
1.399;-0.001796
1.4;-0.002124
1.401;-0.002782
1.402;-0.002289
1.403;-0.003275
1.404;-0.004755
1.405;-0.004919
1.406;-0.004919
1.407;-0.005412
1.408;-0.00459
1.409;-0.004261
1.41;-0.004426
1.411;-0.003933
1.412;-0.005083
1.413;-0.004097
1.414;-0.003275
1.415;-0.001302
1.416;-0.001138
1.417;-0.000645
1.418;-0.001796
1.419;-0.00048
1.42;-0.002124
1.421;-0.000974
1.422;-0.001467
1.423;-0.002124
1.424;-0.00196
1.425;-0.001796
1.426;-0.001467
1.427;-0.001138
1.428;0.000342
1.429;-0.000316
1.43;0.002479
1.431;0.00215
1.432;0.002972
1.433;0.003465
1.434;0.002479
1.435;0.002643
1.436;0.002479
1.437;0.002314
1.438;0.002479
1.439;0.001657
1.44;0.001492
1.441;0.001821
1.442;0.003301
1.443;0.001985
1.444;0.002972
1.445;0.004616
1.446;0.004616
1.447;0.005438
1.448;0.005766
1.449;0.008232
1.45;0.008232
1.451;0.008561
1.452;0.007575
1.453;0.008232
1.454;0.008068
1.455;0.009547
1.456;0.007903
1.457;0.008068
1.458;0.008397
1.459;0.010862
1.46;0.010369
1.461;0.010862
1.462;0.013164
1.463;0.013493
1.464;0.01563
1.465;0.015465
1.466;0.016452
1.467;0.017109
1.468;0.017602
1.469;0.017438
1.47;0.017931
1.471;0.016452
1.472;0.017109
1.473;0.017438
1.474;0.017602
1.475;0.018095
1.476;0.018753
1.477;0.018917
1.478;0.018589
1.479;0.019082
1.48;0.020397
1.481;0.022205
1.482;0.02237
1.483;0.020561
1.484;0.020397
1.485;0.020068
1.486;0.019082
1.487;0.016616
1.488;0.016616
1.489;0.016123
1.49;0.014972
1.491;0.013986
1.492;0.013657
1.493;0.013164
1.494;0.013493
1.495;0.013328
1.496;0.013986
1.497;0.012835
1.498;0.012999
1.499;0.013328
1.5;0.013493
1.501;0.011684
1.502;0.011849
1.503;0.010534
1.504;0.010534
1.505;0.008725
1.506;0.007081
1.507;0.006259
1.508;0.006588
1.509;0.006095
1.51;0.005766
1.511;0.006588
1.512;0.005438
1.513;0.006424
1.514;0.006424
1.515;0.006588
1.516;0.00741
1.517;0.006095
1.518;0.005438
1.519;0.005438
1.52;0.002972
1.521;0.001492
1.522;0.001163
1.523;0.000342
1.524;0.000506
1.525;0.000177
1.526;0.000506
1.527;-0.001302
1.528;-0.001302
1.529;-0.000152
1.53;-0.000152
1.531;0.000177
1.532;0.001328
1.533;0.000835
1.534;0.00067
1.535;-0.000152
1.536;0.000342
1.537;-0.001796
1.538;-0.00196
1.539;-0.002617
1.54;-0.002946
1.541;-0.003275
1.542;-0.003933
1.543;-0.004919
1.544;-0.004097
1.545;-0.002124
1.546;-0.002453
1.547;-0.002289
1.548;-0.001631
1.549;-0.001631
1.55;-0.001467
1.551;-0.002782
1.552;-0.002289
1.553;-0.003275
1.554;-0.003439
1.555;-0.004426
1.556;-0.00459
1.557;-0.005905
1.558;-0.005741
1.559;-0.00607
1.56;-0.004919
1.561;-0.005412
1.562;-0.005248
1.563;-0.004755
1.564;-0.004755
1.565;-0.004261
1.566;-0.005248
1.567;-0.003604
1.568;-0.004755
1.569;-0.005741
1.57;-0.007385
1.571;-0.007878
1.572;-0.009686
1.573;-0.009193
1.574;-0.011659
1.575;-0.011494
1.576;-0.012152
1.577;-0.013631
1.578;-0.014453
1.579;-0.014453
1.58;-0.016919
1.581;-0.018728
1.582;-0.020536
1.583;-0.02218
1.584;-0.024152
1.585;-0.026947
1.586;-0.029084
1.587;-0.033029
1.588;-0.034016
1.589;-0.03566
1.59;-0.036975
1.591;-0.037303
1.592;-0.037468
1.593;-0.037797
1.594;-0.034016
1.595;-0.031057
1.596;-0.026454
1.597;-0.020371
1.598;-0.013796
1.599;-0.005905
1.6;0.002972
1.601;0.011849
1.602;0.022534
1.603;0.033055
1.604;0.043247
1.605;0.055905
1.606;0.068398
1.607;0.080563
1.608;0.09355
1.609;0.106865
1.61;0.11903
1.611;0.132345
1.612;0.145496
1.613;0.156675
1.614;0.167524
1.615;0.176073
1.616;0.184128
1.617;0.190046
1.618;0.192676
1.619;0.191854
1.62;0.187251
1.621;0.178703
1.622;0.167196
1.623;0.154867
1.624;0.139414
1.625;0.123468
1.626;0.109331
1.627;0.09355
1.628;0.082864
1.629;0.072344
1.63;0.060836
1.631;0.052288
1.632;0.04637
1.633;0.037658
1.634;0.029767
1.635;0.023191
1.636;0.017274
1.637;0.010698
1.638;0.006588
1.639;0.003958
1.64;0.000342
1.641;-0.003768
1.642;-0.005248
1.643;-0.006398
1.644;-0.009029
1.645;-0.009686
1.646;-0.010673
1.647;-0.010179
1.648;-0.010179
1.649;-0.008535
1.65;-0.009357
1.651;-0.010508
1.652;-0.008864
1.653;-0.008535
1.654;-0.00722
1.655;-0.007714
1.656;-0.006398
1.657;-0.005248
1.658;-0.002782
1.659;-0.00048
1.66;0.000342
1.661;0.001657
1.662;0.004287
1.663;0.006424
1.664;0.00741
1.665;0.008397
1.666;0.01004
1.667;0.010369
1.668;0.010205
1.669;0.010862
1.67;0.01004
1.671;0.00889
1.672;0.009712
1.673;0.009054
1.674;0.006917
1.675;0.006917
1.676;0.006753
1.677;0.006095
1.678;0.006259
1.679;0.006753
1.68;0.005273
1.681;0.006917
1.682;0.008068
1.683;0.00741
1.684;0.007246
1.685;0.005931
1.686;0.005931
1.687;0.004451
1.688;0.005766
1.689;0.004122
1.69;0.003465
1.691;0.00215
1.692;0.003136
1.693;0.003465
1.694;0.003465
1.695;0.005109
1.696;0.00478
1.697;0.005602
1.698;0.007246
1.699;0.009054
1.7;0.007739
1.701;0.00741
1.702;0.006588
1.703;0.007575
1.704;0.006259
1.705;0.006753
1.706;0.005766
1.707;0.005931
1.708;0.005273
1.709;0.006095
1.71;0.006095
1.711;0.007081
1.712;0.00741
1.713;0.009383
1.714;0.011027
1.715;0.011849
1.716;0.011849
1.717;0.011849
1.718;0.012342
1.719;0.011356
1.72;0.011849
1.721;0.010862
1.722;0.011356
1.723;0.010369
1.724;0.011356
1.725;0.012342
1.726;0.012506
1.727;0.013328
1.728;0.012835
1.729;0.015136
1.73;0.015958
1.731;0.017602
1.732;0.018424
1.733;0.019575
1.734;0.018753
1.735;0.019575
1.736;0.019739
1.737;0.020068
1.738;0.019246
1.739;0.018753
1.74;0.018753
1.741;0.020068
1.742;0.022534
1.743;0.021876
1.744;0.022863
1.745;0.022698
1.746;0.025493
1.747;0.026808
1.748;0.028452
1.749;0.028616
1.75;0.029109
1.751;0.029109
1.752;0.030753
1.753;0.030425
1.754;0.030425
1.755;0.031247
1.756;0.030753
1.757;0.030753
1.758;0.032397
1.759;0.03289
1.76;0.032233
1.761;0.03437
1.762;0.035356
1.763;0.038315
1.764;0.038808
1.765;0.03963
1.766;0.040781
1.767;0.042754
1.768;0.042754
1.769;0.041932
1.77;0.042425
1.771;0.043082
1.772;0.042261
1.773;0.043576
1.774;0.044562
1.775;0.044891
1.776;0.04637
1.777;0.045384
1.778;0.049822
1.779;0.049
1.78;0.050973
1.781;0.051466
1.782;0.054425
1.783;0.05574
1.784;0.055412
1.785;0.056234
1.786;0.057055
1.787;0.056727
1.788;0.056562
1.789;0.057055
1.79;0.058371
1.791;0.058699
1.792;0.060672
1.793;0.061494
1.794;0.06133
1.795;0.063795
1.796;0.064124
1.797;0.066261
1.798;0.066097
1.799;0.068727
1.8;0.068891
1.801;0.068891
1.802;0.069549
1.803;0.070371
1.804;0.070535
1.805;0.070207
1.806;0.070535
1.807;0.070371
1.808;0.072672
1.809;0.072179
1.81;0.073659
1.811;0.074481
1.812;0.077768
1.813;0.077933
1.814;0.078426
1.815;0.080399
1.816;0.079741
1.817;0.081549
1.818;0.081549
1.819;0.081714
1.82;0.081549
1.821;0.081221
1.822;0.081878
1.823;0.081056
1.824;0.080234
1.825;0.081714
1.826;0.081221
1.827;0.082371
1.828;0.082371
1.829;0.081878
1.83;0.082043
1.831;0.082207
1.832;0.082864
1.833;0.083358
1.834;0.081878
1.835;0.081549
1.836;0.082043
1.837;0.080727
1.838;0.08007
1.839;0.078262
1.84;0.07744
1.841;0.076618
1.842;0.07596
1.843;0.074809
1.844;0.074152
1.845;0.073659
1.846;0.072672
1.847;0.073166
1.848;0.071522
1.849;0.071357
1.85;0.069549
1.851;0.069713
1.852;0.066097
1.853;0.066261
1.854;0.06396
1.855;0.061658
1.856;0.061165
1.857;0.059193
1.858;0.055905
1.859;0.056398
1.86;0.054261
1.861;0.054096
1.862;0.05311
1.863;0.051959
1.864;0.050809
1.865;0.050151
1.866;0.048672
1.867;0.04785
1.868;0.046041
1.869;0.045055
1.87;0.042918
1.871;0.040781
1.872;0.039959
1.873;0.037164
1.874;0.035849
1.875;0.034534
1.876;0.03437
1.877;0.032233
1.878;0.031082
1.879;0.031247
1.88;0.03026
1.881;0.030753
1.882;0.029767
1.883;0.029274
1.884;0.027137
1.885;0.025493
1.886;0.024178
1.887;0.024342
1.888;0.021054
1.889;0.019904
1.89;0.018917
1.891;0.018424
1.892;0.017274
1.893;0.017602
1.894;0.014972
1.895;0.015136
1.896;0.015301
1.897;0.014808
1.898;0.01563
1.899;0.014479
1.9;0.013657
1.901;0.012999
1.902;0.012671
1.903;0.010534
1.904;0.008397
1.905;0.00741
1.906;0.008561
1.907;0.006259
1.908;0.005273
1.909;0.005109
1.91;0.004616
1.911;0.004944
1.912;0.005109
1.913;0.004451
1.914;0.005273
1.915;0.004451
1.916;0.00478
1.917;0.00478
1.918;0.003136
1.919;0.00215
1.92;0.002314
1.921;0.001163
1.922;-0.00048
1.923;-0.000809
1.924;-0.001631
1.925;-0.000974
1.926;-0.00196
1.927;-0.002782
1.928;-0.002617
1.929;-0.002124
1.93;-0.002617
1.931;-0.001796
1.932;-0.000974
1.933;-0.000974
1.934;-0.002617
1.935;-0.002782
1.936;-0.002946
1.937;-0.004755
1.938;-0.004919
1.939;-0.005083
1.94;-0.005741
1.941;-0.005741
1.942;-0.005905
1.943;-0.005083
1.944;-0.007056
1.945;-0.005905
1.946;-0.005576
1.947;-0.00459
1.948;-0.005248
1.949;-0.004426
1.95;-0.003439
1.951;-0.003604
1.952;-0.00459
1.953;-0.00459
1.954;-0.004426
1.955;-0.006398
1.956;-0.007549
1.957;-0.006234
1.958;-0.007549
1.959;-0.006727
1.96;-0.006892
1.961;-0.00722
1.962;-0.00607
1.963;-0.006727
1.964;-0.005412
1.965;-0.005248
1.966;-0.003933
1.967;-0.004755
1.968;-0.005576
1.969;-0.006398
1.97;-0.005248
1.971;-0.006234
1.972;-0.006892
1.973;-0.00722
1.974;-0.008207
1.975;-0.007549
1.976;-0.006563
1.977;-0.006234
1.978;-0.007385
1.979;-0.006563
1.98;-0.006398
1.981;-0.00459
1.982;-0.004426
1.983;-0.005412
1.984;-0.005083
1.985;-0.00459
1.986;-0.00607
1.987;-0.005741
1.988;-0.006727
1.989;-0.007878
1.99;-0.006892
1.991;-0.006234
1.992;-0.00607
1.993;-0.006563
1.994;-0.006892
1.995;-0.006727
1.996;-0.004426
1.997;-0.003933
1.998;-0.003604
1.999;-0.003604
2;-0.003933
2.001;-0.004097
2.002;-0.003933
2.003;-0.004097
2.004;-0.005905
2.005;-0.006234
2.006;-0.006234
2.007;-0.005905
2.008;-0.006727
2.009;-0.005741
2.01;-0.006234
2.011;-0.005741
2.012;-0.006892
2.013;-0.004919
2.014;-0.004097
2.015;-0.002782
2.016;-0.003111
2.017;-0.003604
2.018;-0.003439
2.019;-0.005083
2.02;-0.005412
2.021;-0.005248
2.022;-0.003111
2.023;-0.005083
2.024;-0.004919
2.025;-0.005741
2.026;-0.004755
2.027;-0.005905
2.028;-0.005083
2.029;-0.004426
2.03;-0.00196
2.031;-0.002289
2.032;-0.002289
2.033;-0.00196
2.034;-0.002453
2.035;-0.002289
2.036;-0.002617
2.037;-0.002124
2.038;-0.003604
2.039;-0.003768
2.04;-0.004097
2.041;-0.003933
2.042;-0.004426
2.043;-0.005083
2.044;-0.004426
2.045;-0.003933
2.046;-0.004261
2.047;-0.002782
2.048;-0.002289
2.049;-0.001796
2.05;-0.001467
2.051;-0.001631
2.052;-0.002782
2.053;-0.003768
2.054;-0.004755
2.055;-0.004097
2.056;-0.003275
2.057;-0.004755
2.058;-0.00459
2.059;-0.003439
2.06;-0.003604
2.061;-0.004426
2.062;-0.00459
2.063;-0.004426
2.064;-0.003111
2.065;-0.002946
2.066;-0.001467
2.067;-0.001138
2.068;-0.002782
2.069;-0.002617
2.07;-0.003439
2.071;-0.002289
2.072;-0.004426
2.073;-0.005083
2.074;-0.005083
2.075;-0.004426
2.076;-0.004426
2.077;-0.004755
2.078;-0.003933
2.079;-0.004097
2.08;-0.004426
2.081;-0.003604
2.082;-0.002289
2.083;-0.00196
2.084;-0.001796
2.085;-0.00196
2.086;-0.00196
2.087;-0.002617
2.088;-0.003933
2.089;-0.004426
2.09;-0.004097
2.091;-0.006234
2.092;-0.004097
2.093;-0.003933
2.094;-0.003768
2.095;-0.005248
2.096;-0.004426
2.097;-0.003275
2.098;-0.002124
2.099;-0.001631
2.1;-0.00196
2.101;-0.002782
2.102;-0.002782
2.103;-0.002453
2.104;-0.002782
2.105;-0.002782
2.106;-0.00459
2.107;-0.004097
2.108;-0.004919
2.109;-0.003768
2.11;-0.003933
2.111;-0.005248
2.112;-0.004755
2.113;-0.003439
2.114;-0.003275
2.115;-0.002289
2.116;-0.000974
2.117;-0.001302
2.118;-0.001796
2.119;-0.002289
2.12;-0.001138
2.121;-0.00459
2.122;-0.004919
2.123;-0.005248
2.124;-0.00459
2.125;-0.005576
2.126;-0.004426
2.127;-0.004261
2.128;-0.003604
2.129;-0.004261
2.13;-0.003768
2.131;-0.00196
2.132;-0.001138
2.133;-0.002289
2.134;-0.002289
2.135;-0.001796
2.136;-0.002289
2.137;-0.003439
2.138;-0.004097
2.139;-0.002946
2.14;-0.005741
2.141;-0.004426
2.142;-0.005083
2.143;-0.004919
2.144;-0.006563
2.145;-0.004919
2.146;-0.002946
2.147;-0.003275
2.148;-0.002289
2.149;-0.002617
2.15;-0.000645
2.151;-0.001796
2.152;-0.001796
2.153;-0.002946
2.154;-0.002617
2.155;-0.004426
2.156;-0.003768
2.157;-0.00459
2.158;-0.003933
2.159;-0.004261
2.16;-0.004426
2.161;-0.004426
2.162;-0.004426
2.163;-0.003604
2.164;-0.00196
2.165;-0.002289
2.166;-0.002289
2.167;-0.002124
2.168;-0.00196
2.169;-0.00196
2.17;-0.003111
2.171;-0.003604
2.172;-0.003439
2.173;-0.00459
2.174;-0.004755
2.175;-0.004919
2.176;-0.004919
2.177;-0.005248
2.178;-0.005083
2.179;-0.003111
2.18;-0.002289
2.181;-0.002289
2.182;-0.001467
2.183;-0.00196
2.184;-0.000809
2.185;-0.002289
2.186;-0.003439
2.187;-0.003768
2.188;-0.003933
2.189;-0.00459
2.19;-0.004755
2.191;-0.005576
2.192;-0.00459
2.193;-0.004261
2.194;-0.00459
2.195;-0.003933
2.196;-0.003768
2.197;-0.00196
2.198;-0.002289
2.199;-0.001302
2.2;-0.001631
2.201;-0.00196
2.202;-0.002782
2.203;-0.003275
2.204;-0.003275
2.205;-0.004755
2.206;-0.004426
2.207;-0.003768
2.208;-0.004919
2.209;-0.004261
2.21;-0.004097
2.211;-0.003604
2.212;-0.004426
2.213;-0.004097
2.214;-0.002453
2.215;-0.002453
2.216;-0.002782
2.217;-0.002289
2.218;-0.002453
2.219;-0.003439
2.22;-0.002124
2.221;-0.003439
2.222;-0.003933
2.223;-0.004426
2.224;-0.004755
2.225;-0.003768
2.226;-0.004426
2.227;-0.005905
2.228;-0.004261
2.229;-0.002946
2.23;-0.003604
2.231;-0.002782
2.232;-0.001302
2.233;0.000342
2.234;-0.000645
2.235;-0.002124
2.236;-0.00196
2.237;-0.001796
2.238;-0.002782
2.239;-0.003275
2.24;-0.003768
2.241;-0.00459
2.242;-0.00459
2.243;-0.004097
2.244;-0.003275
2.245;-0.003604
2.246;-0.003604
2.247;-0.002782
2.248;-0.001631
2.249;-0.001631
2.25;-0.001796
2.251;-0.002782
2.252;-0.002946
2.253;-0.003111
2.254;-0.002782
2.255;-0.003111
2.256;-0.004919
2.257;-0.004755
2.258;-0.005083
2.259;-0.003933
2.26;-0.004097
2.261;-0.00459
2.262;-0.004426
2.263;-0.003439
2.264;-0.004261
2.265;-0.002289
2.266;-0.002289
2.267;-0.001796
2.268;-0.002124
2.269;-0.002617
2.27;-0.003439
2.271;-0.004097
2.272;-0.003933
2.273;-0.003275
2.274;-0.002453
2.275;-0.002946
2.276;-0.002289
2.277;-0.002782
2.278;-0.001302
2.279;-0.001138
2.28;-0.000974
2.281;-0.000316
2.282;0.001985
2.283;0.001492
2.284;0.00215
2.285;0.001985
2.286;0.001163
2.287;0.00215
2.288;0.000999
2.289;0.002643
2.29;0.001163
2.291;-0.000152
2.292;0.000835
2.293;0.002479
2.294;0.00067
2.295;0.00067
2.296;0.001657
2.297;0.004287
2.298;0.00478
2.299;0.00478
2.3;0.006588
2.301;0.006424
2.302;0.005109
2.303;0.006259
2.304;0.006917
2.305;0.005109
2.306;0.00478
2.307;0.005438
2.308;0.006588
2.309;0.007246
2.31;0.007739
2.311;0.007739
2.312;0.009383
2.313;0.009054
2.314;0.011356
2.315;0.011356
2.316;0.01415
2.317;0.013493
2.318;0.013986
2.319;0.014315
2.32;0.014972
2.321;0.013986
2.322;0.015136
2.323;0.014972
2.324;0.014315
2.325;0.015136
2.326;0.017274
2.327;0.016123
2.328;0.018095
2.329;0.017931
2.33;0.019411
2.331;0.019575
2.332;0.021054
2.333;0.021219
2.334;0.02237
2.335;0.021054
2.336;0.02089
2.337;0.020726
2.338;0.020232
2.339;0.017274
2.34;0.018095
2.341;0.016616
2.342;0.016287
2.343;0.015301
2.344;0.016123
2.345;0.015136
2.346;0.015465
2.347;0.015301
2.348;0.016616
2.349;0.016123
2.35;0.016287
2.351;0.015136
2.352;0.014643
2.353;0.01415
2.354;0.011684
2.355;0.011191
2.356;0.009383
2.357;0.009547
2.358;0.009547
2.359;0.008397
2.36;0.008561
2.361;0.007903
2.362;0.007081
2.363;0.006917
2.364;0.008068
2.365;0.009054
2.366;0.007739
2.367;0.009054
2.368;0.008232
2.369;0.006424
2.37;0.006588
2.371;0.005109
2.372;0.004944
2.373;0.003958
2.374;0.002479
2.375;0.00215
2.376;0.001657
2.377;0.000999
2.378;0.000835
2.379;0.001821
2.38;0.001328
2.381;0.001163
2.382;0.001821
2.383;0.003794
2.384;0.002314
2.385;0.001163
2.386;0.000177
2.387;-0.000152
2.388;-0.000974
2.389;-0.001796
2.39;-0.001138
2.391;-0.002289
2.392;-0.002782
2.393;-0.002617
2.394;-0.002289
2.395;-0.002617
2.396;-0.002782
2.397;-0.002124
2.398;0.000177
2.399;-0.002124
2.4;-0.001631
2.401;-0.00196
2.402;-0.000645
2.403;-0.001796
2.404;-0.003439
2.405;-0.003604
2.406;-0.003604
2.407;-0.005576
2.408;-0.006234
2.409;-0.004097
2.41;-0.004919
2.411;-0.005083
2.412;-0.005412
2.413;-0.003111
2.414;-0.004261
2.415;-0.003439
2.416;-0.002946
2.417;-0.001467
2.418;-0.003111
2.419;-0.004755
2.42;-0.004919
2.421;-0.006398
2.422;-0.005741
2.423;-0.006727
2.424;-0.007714
2.425;-0.008864
2.426;-0.008864
2.427;-0.008864
2.428;-0.008371
2.429;-0.008535
2.43;-0.010673
2.431;-0.009851
2.432;-0.009522
2.433;-0.010837
2.434;-0.012481
2.435;-0.014453
2.436;-0.016262
2.437;-0.019221
2.438;-0.02218
2.439;-0.023824
2.44;-0.026289
2.441;-0.02892
2.442;-0.031879
2.443;-0.032865
2.444;-0.035331
2.445;-0.03681
2.446;-0.036481
2.447;-0.036481
2.448;-0.035002
2.449;-0.033851
2.45;-0.032207
2.451;-0.029906
2.452;-0.025303
2.453;-0.020536
2.454;-0.013796
2.455;-0.007549
2.456;1.27E-05
2.457;0.009383
2.458;0.020068
2.459;0.031247
2.46;0.042096
2.461;0.055412
2.462;0.070042
2.463;0.082536
2.464;0.0947
2.465;0.109331
2.466;0.12314
2.467;0.134647
2.468;0.147633
2.469;0.15799
2.47;0.167689
2.471;0.174922
2.472;0.182155
2.473;0.18758
2.474;0.189881
2.475;0.188895
2.476;0.185278
2.477;0.17821
2.478;0.166703
2.479;0.152729
2.48;0.139085
2.481;0.124948
2.482;0.110975
2.483;0.095522
2.484;0.083193
2.485;0.072508
2.486;0.06133
2.487;0.052781
2.488;0.043904
2.489;0.036014
2.49;0.026808
2.491;0.019904
2.492;0.014808
2.493;0.009712
2.494;0.004944
2.495;0.002314
2.496;1.27E-05
2.497;-0.001467
2.498;-0.005248
2.499;-0.004919
2.5;-0.005083
2.501;-0.006398
2.502;-0.008371
2.503;-0.009193
2.504;-0.011001
2.505;-0.011823
2.506;-0.011823
2.507;-0.010673
2.508;-0.010015
2.509;-0.010837
2.51;-0.010015
2.511;-0.0087
2.512;-0.006234
2.513;-0.004919
2.514;-0.00048
2.515;0.001163
2.516;0.002972
2.517;0.004287
2.518;0.006424
2.519;0.006424
2.52;0.006588
2.521;0.006917
2.522;0.007903
2.523;0.008397
2.524;0.006917
2.525;0.007903
2.526;0.009547
2.527;0.008725
2.528;0.007739
2.529;0.009054
2.53;0.009876
2.531;0.008725
2.532;0.008397
2.533;0.01004
2.534;0.008232
2.535;0.006917
2.536;0.00741
2.537;0.006753
2.538;0.004451
2.539;0.00478
2.54;0.003301
2.541;0.003958
2.542;0.003958
2.543;0.003136
2.544;0.003465
2.545;0.003629
2.546;0.003136
2.547;0.003958
2.548;0.005602
2.549;0.006095
2.55;0.005602
2.551;0.004944
2.552;0.006753
2.553;0.005109
2.554;0.005766
2.555;0.004287
2.556;0.005602
2.557;0.004451
2.558;0.003629
2.559;0.004122
2.56;0.004616
2.561;0.005438
2.562;0.005602
2.563;0.006424
2.564;0.007903
2.565;0.007575
2.566;0.009218
2.567;0.011191
2.568;0.009547
2.569;0.009712
2.57;0.01004
2.571;0.011027
2.572;0.00889
2.573;0.007739
2.574;0.008561
2.575;0.009383
2.576;0.011027
2.577;0.01004
2.578;0.011027
2.579;0.010698
2.58;0.012013
2.581;0.013657
2.582;0.015465
2.583;0.014972
2.584;0.015136
2.585;0.015465
2.586;0.01678
2.587;0.01678
2.588;0.016123
2.589;0.017109
2.59;0.017931
2.591;0.016123
2.592;0.017274
2.593;0.018589
2.594;0.018095
2.595;0.01826
2.596;0.020397
2.597;0.021712
2.598;0.023027
2.599;0.023849
2.6;0.025
2.601;0.026644
2.602;0.025822
2.603;0.026479
2.604;0.026808
2.605;0.026808
2.606;0.026315
2.607;0.027137
2.608;0.027794
2.609;0.028781
2.61;0.028781
2.611;0.028945
2.612;0.030918
2.613;0.032068
2.614;0.032068
2.615;0.035521
2.616;0.037164
2.617;0.037164
2.618;0.037164
2.619;0.037986
2.62;0.03963
2.621;0.03963
2.622;0.03848
2.623;0.039137
2.624;0.039302
2.625;0.039302
2.626;0.040452
2.627;0.041932
2.628;0.042754
2.629;0.044398
2.63;0.044891
2.631;0.047685
2.632;0.048343
2.633;0.048507
2.634;0.050316
2.635;0.050644
2.636;0.051959
2.637;0.051466
2.638;0.052288
2.639;0.052781
2.64;0.053439
2.641;0.05311
2.642;0.054754
2.643;0.054918
2.644;0.054918
2.645;0.056562
2.646;0.059193
2.647;0.059028
2.648;0.06248
2.649;0.064124
2.65;0.064289
2.651;0.064946
2.652;0.065111
2.653;0.066097
2.654;0.066097
2.655;0.065604
2.656;0.06659
2.657;0.066919
2.658;0.067741
2.659;0.06807
2.66;0.068563
2.661;0.071193
2.662;0.070042
2.663;0.07185
2.664;0.07333
2.665;0.075467
2.666;0.076125
2.667;0.077111
2.668;0.077275
2.669;0.077933
2.67;0.077933
2.671;0.077933
2.672;0.079577
2.673;0.079248
2.674;0.080234
2.675;0.078919
2.676;0.080563
2.677;0.081056
2.678;0.081056
2.679;0.080892
2.68;0.0827
2.681;0.0827
2.682;0.083686
2.683;0.084508
2.684;0.08418
2.685;0.0827
2.686;0.083193
2.687;0.084508
2.688;0.081714
2.689;0.079741
2.69;0.079412
2.691;0.079905
2.692;0.079412
2.693;0.079741
2.694;0.078426
2.695;0.078426
2.696;0.077111
2.697;0.077604
2.698;0.077111
2.699;0.077111
2.7;0.076618
2.701;0.075138
2.702;0.073987
2.703;0.072837
2.704;0.070207
2.705;0.068398
2.706;0.067576
2.707;0.065111
2.708;0.064124
2.709;0.063138
2.71;0.062809
2.711;0.060179
2.712;0.060014
2.713;0.058371
2.714;0.057055
2.715;0.057384
2.716;0.055576
2.717;0.055905
2.718;0.053932
2.719;0.053275
2.72;0.051302
2.721;0.049329
2.722;0.045713
2.723;0.044233
2.724;0.042918
2.725;0.042918
2.726;0.040617
2.727;0.039795
2.728;0.03848
2.729;0.036836
2.73;0.036836
2.731;0.034863
2.732;0.036178
2.733;0.034863
2.734;0.034041
2.735;0.032726
2.736;0.03174
2.737;0.029274
2.738;0.028123
2.739;0.025822
2.74;0.025493
2.741;0.023191
2.742;0.02089
2.743;0.021383
2.744;0.021712
2.745;0.019082
2.746;0.019082
2.747;0.019082
2.748;0.018589
2.749;0.018589
2.75;0.017767
2.751;0.018589
2.752;0.014808
2.753;0.013657
2.754;0.012835
2.755;0.013986
2.756;0.012013
2.757;0.009876
2.758;0.009383
2.759;0.00889
2.76;0.008068
2.761;0.005766
2.762;0.007903
2.763;0.007575
2.764;0.006588
2.765;0.005766
2.766;0.007739
2.767;0.006753
2.768;0.006095
2.769;0.004616
2.77;0.003301
2.771;0.001657
2.772;0.001328
2.773;0.001328
2.774;0.001492
2.775;1.27E-05
2.776;-0.000645
2.777;-0.000645
2.778;-0.000645
2.779;0.000342
2.78;-0.000974
2.781;-0.000809
2.782;1.27E-05
2.783;-0.000809
2.784;-0.000316
2.785;0.000177
2.786;-0.002453
2.787;-0.002946
2.788;-0.003439
2.789;-0.002289
2.79;-0.004919
2.791;-0.005412
2.792;-0.006398
2.793;-0.006398
2.794;-0.005412
2.795;-0.007056
2.796;-0.005741
2.797;-0.003933
2.798;-0.004097
2.799;-0.004097
2.8;-0.003111
2.801;-0.003604
2.802;-0.004426
2.803;-0.00459
2.804;-0.005083
2.805;-0.006234
2.806;-0.007385
2.807;-0.008042
2.808;-0.006727
2.809;-0.007385
2.81;-0.007056
2.811;-0.007714
2.812;-0.006727
2.813;-0.00722
2.814;-0.00607
2.815;-0.005083
2.816;-0.005083
2.817;-0.005905
2.818;-0.004919
2.819;-0.005741
2.82;-0.006892
2.821;-0.006892
2.822;-0.007714
2.823;-0.007878
2.824;-0.008535
2.825;-0.008864
2.826;-0.007878
2.827;-0.006398
2.828;-0.007878
2.829;-0.008535
2.83;-0.006234
2.831;-0.005576
2.832;-0.005412
2.833;-0.004919
2.834;-0.004755
2.835;-0.005248
2.836;-0.005412
2.837;-0.005576
2.838;-0.006398
2.839;-0.008042
2.84;-0.007714
2.841;-0.007714
2.842;-0.007056
2.843;-0.00722
2.844;-0.008535
2.845;-0.007385
2.846;-0.006234
2.847;-0.005412
2.848;-0.005083
2.849;-0.004426
2.85;-0.003933
2.851;-0.004097
2.852;-0.004261
2.853;-0.005412
2.854;-0.004919
2.855;-0.006234
2.856;-0.005741
2.857;-0.006563
2.858;-0.007714
2.859;-0.008207
2.86;-0.007056
2.861;-0.006727
2.862;-0.00607
2.863;-0.006892
2.864;-0.00459
2.865;-0.004919
2.866;-0.00459
2.867;-0.00459
2.868;-0.003933
2.869;-0.00459
2.87;-0.004426
2.871;-0.00459
2.872;-0.00607
2.873;-0.005905
2.874;-0.006563
2.875;-0.00607
2.876;-0.006727
2.877;-0.00607
2.878;-0.006892
2.879;-0.002782
2.88;-0.003933
2.881;-0.003604
2.882;-0.002946
2.883;-0.002946
2.884;-0.00196
2.885;-0.002782
2.886;-0.003111
2.887;-0.003439
2.888;-0.003933
2.889;-0.005576
2.89;-0.004261
2.891;-0.00459
2.892;-0.004755
2.893;-0.005248
2.894;-0.004261
2.895;-0.004755
2.896;-0.004919
2.897;-0.00459
2.898;-0.002617
2.899;-0.002782
2.9;-0.002617
2.901;-0.001467
2.902;-0.003768
2.903;-0.002782
2.904;-0.003439
2.905;-0.003439
2.906;-0.004919
2.907;-0.004755
2.908;-0.005741
2.909;-0.004261
2.91;-0.004426
2.911;-0.005412
2.912;-0.005248
2.913;-0.003604
2.914;-0.003439
2.915;-0.003439
2.916;-0.002946
2.917;-0.001467
2.918;-0.003439
2.919;-0.002453
2.92;-0.002782
2.921;-0.004261
2.922;-0.004426
2.923;-0.005083
2.924;-0.003933
2.925;-0.005248
2.926;-0.006234
2.927;-0.004919
2.928;-0.00459
2.929;-0.005083
2.93;-0.004097
2.931;-0.002946
2.932;-0.002946
2.933;-0.001631
2.934;-0.002617
2.935;-0.002453
2.936;-0.002782
2.937;-0.002453
2.938;-0.004097
2.939;-0.004097
2.94;-0.005412
2.941;-0.00459
2.942;-0.004755
2.943;-0.004426
2.944;-0.004426
2.945;-0.005576
2.946;-0.004261
2.947;-0.003604
2.948;-0.002289
2.949;-0.002453
2.95;-0.00196
2.951;-0.001302
2.952;-0.002289
2.953;-0.002782
2.954;-0.002946
2.955;-0.004426
2.956;-0.004426
2.957;-0.004426
2.958;-0.005083
2.959;-0.004919
2.96;-0.004426
2.961;-0.005248
2.962;-0.00459
2.963;-0.004097
2.964;-0.003111
2.965;-0.002453
2.966;-0.001796
2.967;-0.001631
2.968;-0.002289
2.969;-0.002782
2.97;-0.002289
2.971;-0.002782
2.972;-0.00459
2.973;-0.004426
2.974;-0.005576
2.975;-0.00459
2.976;-0.005412
2.977;-0.004755
2.978;-0.004919
2.979;-0.005248
2.98;-0.004919
2.981;-0.002946
2.982;-0.002782
2.983;-0.002617
2.984;-0.00196
2.985;-0.001631
2.986;-0.002453
2.987;-0.003439
2.988;-0.002453
2.989;-0.003933
2.99;-0.004426
2.991;-0.005083
2.992;-0.004097
2.993;-0.005741
2.994;-0.004097
2.995;-0.004261
2.996;-0.004755
2.997;-0.003604
2.998;-0.004426
2.999;-0.002782
3;-0.002124
3.001;-0.001796
3.002;-0.003275
3.003;-0.001796
3.004;-0.003111
3.005;-0.004097
3.006;-0.004097
3.007;-0.005083
3.008;-0.00459
3.009;-0.004426
3.01;-0.00459
3.011;-0.00459
3.012;-0.005412
3.013;-0.00459
3.014;-0.002782
3.015;-0.002782
3.016;-0.00196
3.017;-0.002124
3.018;-0.001467
3.019;-0.002946
3.02;-0.002782
3.021;-0.003111
3.022;-0.004261
3.023;-0.00459
3.024;-0.005083
3.025;-0.005741
3.026;-0.005083
3.027;-0.003933
3.028;-0.004755
3.029;-0.004426
3.03;-0.002782
3.031;-0.003439
3.032;-0.003604
3.033;-0.001467
3.034;-0.002782
3.035;-0.002782
3.036;-0.002946
3.037;-0.002124
3.038;-0.003768
3.039;-0.003933
3.04;-0.004919
3.041;-0.005412
3.042;-0.004919
3.043;-0.005412
3.044;-0.00459
3.045;-0.005741
3.046;-0.00459
3.047;-0.003604
3.048;-0.001796
3.049;-0.002124
3.05;-0.002124
3.051;-0.00196
3.052;-0.002782
3.053;-0.002946
3.054;-0.003275
3.055;-0.00459
3.056;-0.004919
3.057;-0.005248
3.058;-0.005248
3.059;-0.003933
3.06;-0.004426
3.061;-0.00459
3.062;-0.00607
3.063;-0.003439
3.064;-0.004097
3.065;-0.002946
3.066;-0.003111
3.067;-0.000645
3.068;-0.00196
3.069;-0.002782
3.07;-0.003604
3.071;-0.003933
3.072;-0.003439
3.073;-0.004097
3.074;-0.004426
3.075;-0.005248
3.076;-0.006234
3.077;-0.004426
3.078;-0.00459
3.079;-0.00459
3.08;-0.003933
3.081;-0.003933
3.082;-0.001302
3.083;-0.002289
3.084;-0.002617
3.085;-0.002782
3.086;-0.002782
3.087;-0.003439
3.088;-0.002946
3.089;-0.003275
3.09;-0.002946
3.091;-0.004261
3.092;-0.00459
3.093;-0.003439
3.094;-0.004097
3.095;-0.005083
3.096;-0.004755
3.097;-0.002946
3.098;-0.003275
3.099;-0.002617
3.1;-0.002782
3.101;-0.001467
3.102;-0.002453
3.103;-0.003111
3.104;-0.002453
3.105;-0.003275
3.106;-0.004919
3.107;-0.004426
3.108;-0.00459
3.109;-0.005576
3.11;-0.00607
3.111;-0.004919
3.112;-0.003768
3.113;-0.00459
3.114;-0.00459
3.115;-0.003439
3.116;-0.002124
3.117;-0.002289
3.118;-0.002782
3.119;-0.002782
3.12;-0.002453
3.121;-0.003604
3.122;-0.005083
3.123;-0.003111
3.124;-0.005576
3.125;-0.005412
3.126;-0.00607
3.127;-0.003768
3.128;-0.004755
3.129;-0.003604
3.13;-0.003439
3.131;-0.001467
3.132;-0.000809
3.133;-0.000809
3.134;0.000177
3.135;1.27E-05
3.136;-0.000152
3.137;-0.000152
3.138;0.000835
3.139;-0.000316
3.14;-0.001467
3.141;-0.001138
3.142;-0.000645
3.143;0.000342
3.144;-0.000316
3.145;-0.000809
3.146;0.000506
3.147;0.001163
3.148;0.001821
3.149;0.003465
3.15;0.004122
3.151;0.003958
3.152;0.003794
3.153;0.004287
3.154;0.004616
3.155;0.003465
3.156;0.002643
3.157;0.004122
3.158;0.004122
3.159;0.004122
3.16;0.003629
3.161;0.003958
3.162;0.00478
3.163;0.005931
3.164;0.007081
3.165;0.008068
3.166;0.01004
3.167;0.009383
3.168;0.011191
3.169;0.011027
3.17;0.012013
3.171;0.010534
3.172;0.011191
3.173;0.011191
3.174;0.011684
3.175;0.011027
3.176;0.012999
3.177;0.012999
3.178;0.012506
3.179;0.012999
3.18;0.015136
3.181;0.016123
3.182;0.017767
3.183;0.019411
3.184;0.020397
3.185;0.019411
3.186;0.018917
3.187;0.019575
3.188;0.019575
3.189;0.019082
3.19;0.01826
3.191;0.018424
3.192;0.018589
3.193;0.017767
3.194;0.017109
3.195;0.017767
3.196;0.019082
3.197;0.017931
3.198;0.017931
3.199;0.017767
3.2;0.018095
3.201;0.017602
3.202;0.01826
3.203;0.016452
3.204;0.014808
3.205;0.013493
3.206;0.014479
3.207;0.012835
3.208;0.011027
3.209;0.01004
3.21;0.010534
3.211;0.010534
3.212;0.010369
3.213;0.01004
3.214;0.009876
3.215;0.010205
3.216;0.011356
3.217;0.011356
3.218;0.010534
3.219;0.008725
3.22;0.008397
3.221;0.009054
3.222;0.005766
3.223;0.005438
3.224;0.005109
3.225;0.00478
3.226;0.004616
3.227;0.003794
3.228;0.001821
3.229;0.002643
3.23;0.003794
3.231;0.003794
3.232;0.004122
3.233;0.003465
3.234;0.003794
3.235;0.003629
3.236;0.003794
3.237;0.001328
3.238;0.001492
3.239;0.001328
3.24;-0.000152
3.241;-0.001796
3.242;-0.00196
3.243;-0.002782
3.244;-0.001631
3.245;-0.001467
3.246;-0.001138
3.247;-0.000645
3.248;-0.00196
3.249;0.000177
3.25;-0.000152
3.251;0.00067
3.252;-0.000809
3.253;-0.001631
3.254;-0.001467
3.255;-0.00196
3.256;-0.003933
3.257;-0.005083
3.258;-0.005083
3.259;-0.004426
3.26;-0.003933
3.261;-0.004919
3.262;-0.003604
3.263;-0.004097
3.264;-0.003768
3.265;-0.002782
3.266;-0.001796
3.267;-0.002289
3.268;-0.002124
3.269;-0.003604
3.27;-0.002782
3.271;-0.003933
3.272;-0.005248
3.273;-0.005412
3.274;-0.006398
3.275;-0.00722
3.276;-0.007385
3.277;-0.007878
3.278;-0.007056
3.279;-0.005741
3.28;-0.007714
3.281;-0.005741
3.282;-0.008207
3.283;-0.006727
3.284;-0.007056
3.285;-0.006892
3.286;-0.009193
3.287;-0.009851
3.288;-0.011166
3.289;-0.013138
3.29;-0.01544
3.291;-0.017248
3.292;-0.018728
3.293;-0.021193
3.294;-0.022673
3.295;-0.025796
3.296;-0.025796
3.297;-0.028591
3.298;-0.030563
3.299;-0.033029
3.3;-0.032372
3.301;-0.033687
3.302;-0.034838
3.303;-0.035495
3.304;-0.036153
3.305;-0.03681
3.306;-0.033522
3.307;-0.031714
3.308;-0.026947
3.309;-0.022508
3.31;-0.016262
3.311;-0.007549
3.312;0.000506
3.313;0.010534
3.314;0.022041
3.315;0.034206
3.316;0.046206
3.317;0.058206
3.318;0.07185
3.319;0.083193
3.32;0.096016
3.321;0.109824
3.322;0.121496
3.323;0.133167
3.324;0.143853
3.325;0.156182
3.326;0.166703
3.327;0.175086
3.328;0.180347
3.329;0.186922
3.33;0.192183
3.331;0.190868
3.332;0.187087
3.333;0.179525
3.334;0.16884
3.335;0.155031
3.336;0.139743
3.337;0.124783
3.338;0.108345
3.339;0.092563
3.34;0.080892
3.341;0.070042
3.342;0.060508
3.343;0.050316
3.344;0.042425
3.345;0.035356
3.346;0.02763
3.347;0.021054
3.348;0.016123
3.349;0.012177
3.35;0.008397
3.351;0.004287
3.352;0.000835
3.353;-0.001631
3.354;-0.004755
3.355;-0.007385
3.356;-0.0087
3.357;-0.010837
3.358;-0.011494
3.359;-0.011988
3.36;-0.011823
3.361;-0.011001
3.362;-0.013303
3.363;-0.013467
3.364;-0.009851
3.365;-0.008207
3.366;-0.00722
3.367;-0.005248
3.368;-0.003768
3.369;-0.001796
3.37;-0.000809
3.371;0.00067
3.372;0.000506
3.373;0.001163
3.374;0.002972
3.375;0.005273
3.376;0.005109
3.377;0.006588
3.378;0.005438
3.379;0.008725
3.38;0.007903
3.381;0.009547
3.382;0.009547
3.383;0.012013
3.384;0.011684
3.385;0.011191
3.386;0.010369
3.387;0.008561
3.388;0.007575
3.389;0.006588
3.39;0.006753
3.391;0.005109
3.392;0.004616
3.393;0.002807
3.394;0.003629
3.395;0.003794
3.396;0.003301
3.397;0.004287
3.398;0.005766
3.399;0.006424
3.4;0.006753
3.401;0.006753
3.402;0.005766
3.403;0.005273
3.404;0.005438
3.405;0.005273
3.406;0.003629
3.407;0.003629
3.408;0.003136
3.409;0.004616
3.41;0.004616
3.411;0.003629
3.412;0.004616
3.413;0.00478
3.414;0.006095
3.415;0.006424
3.416;0.006588
3.417;0.008725
3.418;0.008397
3.419;0.008397
3.42;0.008397
3.421;0.006917
3.422;0.00741
3.423;0.007081
3.424;0.008068
3.425;0.007246
3.426;0.00741
3.427;0.007739
3.428;0.009054
3.429;0.008725
3.43;0.010369
3.431;0.010698
3.432;0.012177
3.433;0.012506
3.434;0.013657
3.435;0.013328
3.436;0.014808
3.437;0.014315
3.438;0.014315
3.439;0.013164
3.44;0.012835
3.441;0.013493
3.442;0.014479
3.443;0.01563
3.444;0.016123
3.445;0.015794
3.446;0.01678
3.447;0.017109
3.448;0.019904
3.449;0.020232
3.45;0.021383
3.451;0.021548
3.452;0.021876
3.453;0.022041
3.454;0.024342
3.455;0.023027
3.456;0.023356
3.457;0.023685
3.458;0.025164
3.459;0.025
3.46;0.025164
3.461;0.026972
3.462;0.02763
3.463;0.027137
3.464;0.029109
3.465;0.030753
3.466;0.032562
3.467;0.033055
3.468;0.032233
3.469;0.033548
3.47;0.034206
3.471;0.035027
3.472;0.035192
3.473;0.034041
3.474;0.035027
3.475;0.035027
3.476;0.036343
3.477;0.038973
3.478;0.037493
3.479;0.03848
3.48;0.040945
3.481;0.041767
3.482;0.042754
3.483;0.044562
3.484;0.046206
3.485;0.046041
3.486;0.046699
3.487;0.047685
3.488;0.046863
3.489;0.047685
3.49;0.047357
3.491;0.048672
3.492;0.048507
3.493;0.049
3.494;0.051302
3.495;0.052453
3.496;0.052946
3.497;0.055083
3.498;0.055083
3.499;0.057384
3.5;0.058535
3.501;0.059521
3.502;0.059521
3.503;0.060836
3.504;0.061823
3.505;0.061987
3.506;0.062152
3.507;0.063302
3.508;0.062809
3.509;0.063467
3.51;0.06396
3.511;0.065275
3.512;0.066919
3.513;0.067905
3.514;0.069878
3.515;0.070535
3.516;0.071357
3.517;0.071028
3.518;0.073823
3.519;0.074152
3.52;0.074152
3.521;0.074974
3.522;0.074316
3.523;0.074974
3.524;0.074645
3.525;0.075631
3.526;0.075303
3.527;0.076782
3.528;0.077275
3.529;0.078755
3.53;0.080234
3.531;0.081056
3.532;0.081385
3.533;0.083358
3.534;0.083686
3.535;0.083029
3.536;0.082864
3.537;0.083193
3.538;0.083029
3.539;0.0827
3.54;0.082371
3.541;0.081878
3.542;0.080563
3.543;0.081056
3.544;0.080234
3.545;0.080399
3.546;0.079084
3.547;0.08007
3.548;0.081714
3.549;0.081385
3.55;0.080399
3.551;0.079741
3.552;0.080234
3.553;0.078919
3.554;0.077933
3.555;0.076125
3.556;0.074152
3.557;0.072015
3.558;0.071686
3.559;0.071522
3.56;0.068398
3.561;0.067248
3.562;0.066261
3.563;0.066754
3.564;0.066754
3.565;0.064124
3.566;0.064453
3.567;0.06396
3.568;0.062973
3.569;0.060014
3.57;0.058042
3.571;0.056562
3.572;0.054096
3.573;0.053439
3.574;0.052453
3.575;0.049822
3.576;0.048014
3.577;0.047028
3.578;0.045055
3.579;0.043904
3.58;0.044398
3.581;0.044069
3.582;0.043247
3.583;0.042261
3.584;0.040123
3.585;0.040288
3.586;0.03848
3.587;0.035521
3.588;0.03437
3.589;0.033712
3.59;0.03174
3.591;0.03026
3.592;0.029109
3.593;0.028123
3.594;0.027466
3.595;0.025164
3.596;0.023685
3.597;0.024507
3.598;0.023849
3.599;0.022863
3.6;0.022534
3.601;0.022863
3.602;0.021219
3.603;0.019575
3.604;0.019411
3.605;0.017438
3.606;0.015794
3.607;0.015136
3.608;0.013328
3.609;0.012999
3.61;0.011849
3.611;0.011684
3.612;0.010862
3.613;0.010862
3.614;0.009054
3.615;0.009383
3.616;0.010369
3.617;0.009876
3.618;0.009876
3.619;0.009054
3.62;0.00741
3.621;0.006588
3.622;0.005109
3.623;0.005438
3.624;0.003794
3.625;0.002807
3.626;0.001328
3.627;0.001492
3.628;0.001657
3.629;0.000506
3.63;0.000835
3.631;0.001163
3.632;0.000999
3.633;0.00067
3.634;0.002314
3.635;0.002807
3.636;0.000835
3.637;0.000177
3.638;-0.000809
3.639;-0.002453
3.64;-0.002289
3.641;-0.003275
3.642;-0.004261
3.643;-0.004426
3.644;-0.004919
3.645;-0.005248
3.646;-0.005412
3.647;-0.004919
3.648;-0.005248
3.649;-0.003439
3.65;-0.002782
3.651;-0.002946
3.652;-0.002946
3.653;-0.002946
3.654;-0.004755
3.655;-0.004755
3.656;-0.006563
3.657;-0.006398
3.658;-0.00722
3.659;-0.007878
3.66;-0.007549
3.661;-0.007056
3.662;-0.007878
3.663;-0.008042
3.664;-0.00459
3.665;-0.004919
3.666;-0.005083
3.667;-0.005412
3.668;-0.003111
3.669;-0.004426
3.67;-0.005412
3.671;-0.005083
3.672;-0.006563
3.673;-0.006892
3.674;-0.007385
3.675;-0.007714
3.676;-0.008535
3.677;-0.008042
3.678;-0.008042
3.679;-0.007878
3.68;-0.007714
3.681;-0.007385
3.682;-0.00607
3.683;-0.00459
3.684;-0.00459
3.685;-0.005083
3.686;-0.005248
3.687;-0.006234
3.688;-0.005905
3.689;-0.007385
3.69;-0.00722
3.691;-0.006398
3.692;-0.007549
3.693;-0.009029
3.694;-0.007714
3.695;-0.007549
3.696;-0.00722
3.697;-0.007385
3.698;-0.005741
3.699;-0.00722
3.7;-0.005083
3.701;-0.004261
3.702;-0.00459
3.703;-0.00459
3.704;-0.005248
3.705;-0.004919
3.706;-0.006398
3.707;-0.006727
3.708;-0.008042
3.709;-0.006727
3.71;-0.006563
3.711;-0.006398
3.712;-0.006398
3.713;-0.005576
3.714;-0.005576
3.715;-0.005741
3.716;-0.004426
3.717;-0.002782
3.718;-0.004919
3.719;-0.005412
3.72;-0.00607
3.721;-0.005905
3.722;-0.004755
3.723;-0.006398
3.724;-0.006398
3.725;-0.008535
3.726;-0.006398
3.727;-0.007714
3.728;-0.006563
3.729;-0.006398
3.73;-0.006727
3.731;-0.005576
3.732;-0.004097
3.733;-0.004097
3.734;-0.003768
3.735;-0.002124
3.736;-0.003275
3.737;-0.002289
3.738;-0.005576
3.739;-0.005576
3.74;-0.00607
3.741;-0.005412
3.742;-0.004755
3.743;-0.005248
3.744;-0.005905
3.745;-0.004097
3.746;-0.005083
3.747;-0.003933
3.748;-0.003933
3.749;-0.003275
3.75;-0.002453
3.751;-0.002289
3.752;-0.002946
3.753;-0.002782
3.754;-0.003439
3.755;-0.003933
3.756;-0.004755
3.757;-0.005576
3.758;-0.004919
3.759;-0.005576
3.76;-0.005576
3.761;-0.00459
3.762;-0.004097
3.763;-0.004097
3.764;-0.003439
3.765;-0.002946
3.766;-0.003275
3.767;-0.002453
3.768;-0.002453
3.769;-0.002289
3.77;-0.003111
3.771;-0.003111
3.772;-0.003768
3.773;-0.003604
3.774;-0.004755
3.775;-0.005248
3.776;-0.005083
3.777;-0.004097
3.778;-0.004919
3.779;-0.005083
3.78;-0.004426
3.781;-0.003275
3.782;-0.003604
3.783;-0.002289
3.784;-0.002453
3.785;-0.001796
3.786;-0.002782
3.787;-0.002782
3.788;-0.002453
3.789;-0.003768
3.79;-0.005083
3.791;-0.005248
3.792;-0.004755
3.793;-0.005741
3.794;-0.00459
3.795;-0.004755
3.796;-0.00459
3.797;-0.004919
3.798;-0.003439
3.799;-0.003111
3.8;-0.003439
3.801;-0.001631
3.802;-0.00196
3.803;-0.001631
3.804;-0.002782
3.805;-0.003933
3.806;-0.004426
3.807;-0.003933
3.808;-0.005248
3.809;-0.004919
3.81;-0.005741
3.811;-0.004919
3.812;-0.005248
3.813;-0.004755
3.814;-0.004426
3.815;-0.004097
3.816;-0.002946
3.817;-0.002617
3.818;-0.00196
3.819;-0.002617
3.82;-0.003275
3.821;-0.003111
3.822;-0.002782
3.823;-0.005083
3.824;-0.005083
3.825;-0.004755
3.826;-0.003933
3.827;-0.005248
3.828;-0.004919
3.829;-0.005576
3.83;-0.005248
3.831;-0.003275
3.832;-0.002617
3.833;-0.002289
3.834;-0.001467
3.835;-0.002453
3.836;-0.002124
3.837;-0.002782
3.838;-0.002124
3.839;-0.004097
3.84;-0.004755
3.841;-0.004261
3.842;-0.005741
3.843;-0.006234
3.844;-0.004755
3.845;-0.004919
3.846;-0.005248
3.847;-0.004426
3.848;-0.003933
3.849;-0.003439
3.85;-0.002453
3.851;-0.001796
3.852;-0.001631
3.853;-0.003111
3.854;-0.003768
3.855;-0.004097
3.856;-0.003933
3.857;-0.005412
3.858;-0.004919
3.859;-0.00459
3.86;-0.005083
3.861;-0.004919
3.862;-0.005083
3.863;-0.004755
3.864;-0.003604
3.865;-0.003768
3.866;-0.003604
3.867;-0.001467
3.868;-0.002289
3.869;-0.00196
3.87;-0.002617
3.871;-0.002453
3.872;-0.003933
3.873;-0.004755
3.874;-0.003768
3.875;-0.004755
3.876;-0.005083
3.877;-0.005083
3.878;-0.004919
3.879;-0.004919
3.88;-0.003768
3.881;-0.003768
3.882;-0.002782
3.883;-0.002946
3.884;-0.003111
3.885;-0.002453
3.886;-0.002124
3.887;-0.002617
3.888;-0.003768
3.889;-0.003768
3.89;-0.005248
3.891;-0.00459
3.892;-0.005248
3.893;-0.005905
3.894;-0.00459
3.895;-0.004097
3.896;-0.005083
3.897;-0.003439
3.898;-0.003768
3.899;-0.003604
3.9;-0.002453
3.901;-0.00048
3.902;-0.002289
3.903;-0.002782
3.904;-0.002782
3.905;-0.003111
3.906;-0.004426
3.907;-0.003439
3.908;-0.005576
3.909;-0.005905
3.91;-0.004426
3.911;-0.005248
3.912;-0.004755
3.913;-0.005412
3.914;-0.004097
3.915;-0.003439
3.916;-0.001467
3.917;-0.002946
3.918;-0.002124
3.919;-0.00196
3.92;-0.003275
3.921;-0.003933
3.922;-0.003604
3.923;-0.003111
3.924;-0.004097
3.925;-0.005083
3.926;-0.004919
3.927;-0.005741
3.928;-0.005248
3.929;-0.005083
3.93;-0.005083
3.931;-0.003275
3.932;-0.003768
3.933;-0.002289
3.934;-0.002617
3.935;-0.00196
3.936;-0.003439
3.937;-0.003275
3.938;-0.003111
3.939;-0.003604
3.94;-0.004919
3.941;-0.005083
3.942;-0.005741
3.943;-0.005741
3.944;-0.004097
3.945;-0.003604
3.946;-0.003604
3.947;-0.002946
3.948;-0.002289
3.949;-0.00196
3.95;-0.001631
3.951;-0.001631
3.952;-0.00196
3.953;-0.002617
3.954;-0.002782
3.955;-0.002946
3.956;-0.005905
3.957;-0.003933
3.958;-0.005412
3.959;-0.004755
3.96;-0.003933
3.961;-0.003933
3.962;-0.00459
3.963;-0.00459
3.964;-0.004755
3.965;-0.003604
3.966;-0.003111
3.967;-0.002617
3.968;-0.00196
3.969;-0.003275
3.97;-0.002453
3.971;-0.003933
3.972;-0.003604
3.973;-0.004755
3.974;-0.004261
3.975;-0.006234
3.976;-0.004919
3.977;-0.004919
3.978;-0.004919
3.979;-0.005576
3.98;-0.004919
3.981;-0.004426
3.982;-0.003604
3.983;-0.002124
3.984;-0.001302
3.985;-0.001467
3.986;-0.002453
3.987;-0.002289
3.988;-0.002124
3.989;-0.00196
3.99;-0.002289
3.991;-0.000809
3.992;-0.002124
3.993;-0.002124
3.994;-0.002289
3.995;-0.000645
3.996;-0.000809
3.997;-0.000974
3.998;0.000835
3.999;0.001657
4;0.002314
4.001;0.002643
4.002;0.00215
4.003;0.001985
4.004;0.001985
4.005;0.002314
4.006;0.001657
4.007;0.00067
4.008;0.001492
4.009;0.000835
4.01;0.002479
4.011;0.002972
4.012;0.002643
4.013;0.003136
4.014;0.003629
4.015;0.004616
4.016;0.005602
4.017;0.007081
4.018;0.007739
4.019;0.008397
4.02;0.007903
4.021;0.008397
4.022;0.008068
4.023;0.007739
4.024;0.00889
4.025;0.009054
4.026;0.008725
4.027;0.00889
4.028;0.009054
4.029;0.011027
4.03;0.012506
4.031;0.013164
4.032;0.013821
4.033;0.015136
4.034;0.016123
4.035;0.01563
4.036;0.017274
4.037;0.016945
4.038;0.017438
4.039;0.016452
4.04;0.017602
4.041;0.017274
4.042;0.017438
4.043;0.016452
4.044;0.018753
4.045;0.019082
4.046;0.018753
4.047;0.018424
4.048;0.020068
4.049;0.018917
4.05;0.020397
4.051;0.02089
4.052;0.019739
4.053;0.018753
4.054;0.017602
4.055;0.017767
4.056;0.015301
4.057;0.015136
4.058;0.013986
4.059;0.01415
4.06;0.013821
4.061;0.012999
4.062;0.012999
4.063;0.011849
4.064;0.012013
4.065;0.011027
4.066;0.013328
4.067;0.012999
4.068;0.012506
4.069;0.011191
4.07;0.011027
4.071;0.009712
4.072;0.01004
4.073;0.008561
4.074;0.007739
4.075;0.006917
4.076;0.005273
4.077;0.00478
4.078;0.004944
4.079;0.005438
4.08;0.004944
4.081;0.006424
4.082;0.005766
4.083;0.005602
4.084;0.006095
4.085;0.006259
4.086;0.004287
4.087;0.004451
4.088;0.003301
4.089;0.002972
4.09;0.000506
4.091;0.000506
4.092;0.000999
4.093;-0.000645
4.094;0.000342
4.095;1.27E-05
4.096;-0.000645
4.097;-0.001796
4.098;-0.001631
4.099;-0.000316
4.1;0.00067
4.101;-0.000316
4.102;0.000506
4.103;-0.000645
4.104;1.27E-05
4.105;-0.001631
4.106;-0.00196
4.107;-0.003275
4.108;-0.003768
4.109;-0.00459
4.11;-0.00459
4.111;-0.004919
4.112;-0.004755
4.113;-0.005083
4.114;-0.003439
4.115;-0.003111
4.116;-0.003768
4.117;-0.002289
4.118;-0.001631
4.119;-0.002289
4.12;-0.002617
4.121;-0.003768
4.122;-0.004261
4.123;-0.004261
4.124;-0.005248
4.125;-0.006563
4.126;-0.006398
4.127;-0.006892
4.128;-0.005412
4.129;-0.006398
4.13;-0.004755
4.131;-0.005412
4.132;-0.004919
4.133;-0.005412
4.134;-0.004097
4.135;-0.004919
4.136;-0.00607
4.137;-0.006892
4.138;-0.007878
4.139;-0.007878
4.14;-0.010344
4.141;-0.011001
4.142;-0.011494
4.143;-0.010673
4.144;-0.013138
4.145;-0.013138
4.146;-0.014289
4.147;-0.016426
4.148;-0.017906
4.149;-0.018563
4.15;-0.021687
4.151;-0.022837
4.152;-0.025467
4.153;-0.02744
4.154;-0.029906
4.155;-0.032865
4.156;-0.03418
4.157;-0.036646
4.158;-0.038125
4.159;-0.03829
4.16;-0.037468
4.161;-0.036975
4.162;-0.035002
4.163;-0.032536
4.164;-0.026125
4.165;-0.021522
4.166;-0.01396
4.167;-0.005412
4.168;0.004616
4.169;0.012835
4.17;0.023027
4.171;0.03437
4.172;0.045713
4.173;0.056891
4.174;0.070207
4.175;0.081714
4.176;0.094207
4.177;0.107851
4.178;0.120838
4.179;0.133496
4.18;0.144181
4.181;0.15536
4.182;0.167524
4.183;0.17673
4.184;0.184621
4.185;0.190539
4.186;0.193005
4.187;0.19021
4.188;0.186922
4.189;0.178374
4.19;0.166703
4.191;0.152894
4.192;0.137606
4.193;0.121331
4.194;0.10703
4.195;0.093385
4.196;0.081385
4.197;0.070371
4.198;0.060836
4.199;0.051795
4.2;0.043411
4.201;0.035849
4.202;0.028945
4.203;0.022698
4.204;0.015465
4.205;0.012342
4.206;0.006424
4.207;0.002807
4.208;-0.000809
4.209;-0.00459
4.21;-0.007714
4.211;-0.008042
4.212;-0.009029
4.213;-0.009851
4.214;-0.010837
4.215;-0.009851
4.216;-0.011166
4.217;-0.0087
4.218;-0.009193
4.219;-0.009357
4.22;-0.009851
4.221;-0.009193
4.222;-0.008042
4.223;-0.008042
4.224;-0.005248
4.225;-0.005248
4.226;-0.002782
4.227;-0.002453
4.228;0.000835
4.229;0.000835
4.23;0.003301
4.231;0.006095
4.232;0.007739
4.233;0.007739
4.234;0.008725
4.235;0.010369
4.236;0.010205
4.237;0.010534
4.238;0.009218
4.239;0.010369
4.24;0.008397
4.241;0.008561
4.242;0.006917
4.243;0.007575
4.244;0.006424
4.245;0.005273
4.246;0.005109
4.247;0.005766
4.248;0.006588
4.249;0.005766
4.25;0.005438
4.251;0.006753
4.252;0.007081
4.253;0.00478
4.254;0.005766
4.255;0.005109
4.256;0.004451
4.257;0.003301
4.258;0.003465
4.259;0.002643
4.26;0.003136
4.261;0.003136
4.262;0.003794
4.263;0.002479
4.264;0.005109
4.265;0.005109
4.266;0.006753
4.267;0.007903
4.268;0.007081
4.269;0.007739
4.27;0.007246
4.271;0.006917
4.272;0.005931
4.273;0.005931
4.274;0.004287
4.275;0.005602
4.276;0.005766
4.277;0.005766
4.278;0.00741
4.279;0.006095
4.28;0.008397
4.281;0.008232
4.282;0.01004
4.283;0.01004
4.284;0.01152
4.285;0.011191
4.286;0.011191
4.287;0.012506
4.288;0.012177
4.289;0.011684
4.29;0.010698
4.291;0.01004
4.292;0.012177
4.293;0.011027
4.294;0.012835
4.295;0.012999
4.296;0.012342
4.297;0.012835
4.298;0.01678
4.299;0.016616
4.3;0.018095
4.301;0.018917
4.302;0.019411
4.303;0.019082
4.304;0.019246
4.305;0.020397
4.306;0.020068
4.307;0.019739
4.308;0.018917
4.309;0.019082
4.31;0.021054
4.311;0.022205
4.312;0.023356
4.313;0.023191
4.314;0.025164
4.315;0.026808
4.316;0.026479
4.317;0.028781
4.318;0.03026
4.319;0.029603
4.32;0.030096
4.321;0.03174
4.322;0.03174
4.323;0.030753
4.324;0.030753
4.325;0.030589
4.326;0.032726
4.327;0.032562
4.328;0.03437
4.329;0.035356
4.33;0.035356
4.331;0.036836
4.332;0.037986
4.333;0.040288
4.334;0.040288
4.335;0.042261
4.336;0.042096
4.337;0.043082
4.338;0.041932
4.339;0.04374
4.34;0.04374
4.341;0.045055
4.342;0.044562
4.343;0.044891
4.344;0.045877
4.345;0.047028
4.346;0.046699
4.347;0.048507
4.348;0.051138
4.349;0.051959
4.35;0.05311
4.351;0.055247
4.352;0.057384
4.353;0.056069
4.354;0.056398
4.355;0.056727
4.356;0.056562
4.357;0.056069
4.358;0.057877
4.359;0.058699
4.36;0.060014
4.361;0.061658
4.362;0.063138
4.363;0.063795
4.364;0.064124
4.365;0.064453
4.366;0.065768
4.367;0.068891
4.368;0.069713
4.369;0.070207
4.37;0.070042
4.371;0.071028
4.372;0.069878
4.373;0.071028
4.374;0.071686
4.375;0.071193
4.376;0.07185
4.377;0.072837
4.378;0.074152
4.379;0.074152
4.38;0.075138
4.381;0.076618
4.382;0.079741
4.383;0.079577
4.384;0.079905
4.385;0.080399
4.386;0.081878
4.387;0.081385
4.388;0.082207
4.389;0.082536
4.39;0.079741
4.391;0.080234
4.392;0.080727
4.393;0.081878
4.394;0.082043
4.395;0.081549
4.396;0.080399
4.397;0.082536
4.398;0.082864
4.399;0.082207
4.4;0.081878
4.401;0.084015
4.402;0.082207
4.403;0.081221
4.404;0.081385
4.405;0.080563
4.406;0.079412
4.407;0.077933
4.408;0.077275
4.409;0.075303
4.41;0.075138
4.411;0.074152
4.412;0.074809
4.413;0.072179
4.414;0.072344
4.415;0.071522
4.416;0.07185
4.417;0.070371
4.418;0.069713
4.419;0.067741
4.42;0.067412
4.421;0.065111
4.422;0.064782
4.423;0.062152
4.424;0.059686
4.425;0.057549
4.426;0.05574
4.427;0.056069
4.428;0.054918
4.429;0.052617
4.43;0.052124
4.431;0.051795
4.432;0.050316
4.433;0.049329
4.434;0.047521
4.435;0.047192
4.436;0.045877
4.437;0.045055
4.438;0.043576
4.439;0.040617
4.44;0.038808
4.441;0.037986
4.442;0.036671
4.443;0.03289
4.444;0.03289
4.445;0.033219
4.446;0.031575
4.447;0.03026
4.448;0.030096
4.449;0.029931
4.45;0.029603
4.451;0.028123
4.452;0.025986
4.453;0.026479
4.454;0.025
4.455;0.022863
4.456;0.021548
4.457;0.020232
4.458;0.018917
4.459;0.017602
4.46;0.016616
4.461;0.016616
4.462;0.01563
4.463;0.014808
4.464;0.013986
4.465;0.013821
4.466;0.012999
4.467;0.013493
4.468;0.013493
4.469;0.012671
4.47;0.011684
4.471;0.010369
4.472;0.009218
4.473;0.008068
4.474;0.00741
4.475;0.006917
4.476;0.005931
4.477;0.003465
4.478;0.004122
4.479;0.00478
4.48;0.003465
4.481;0.002972
4.482;0.004287
4.483;0.003629
4.484;0.004287
4.485;0.004122
4.486;0.002972
4.487;0.002479
4.488;0.001821
4.489;-0.000152
4.49;-0.001138
4.491;0.00067
4.492;-0.002289
4.493;-0.002782
4.494;-0.002946
4.495;-0.003439
4.496;-0.003768
4.497;-0.002617
4.498;-0.003439
4.499;-0.002782
4.5;-0.003111
4.501;-0.002453
4.502;-0.001467
4.503;-0.002946
4.504;-0.004426
4.505;-0.004755
4.506;-0.00459
4.507;-0.005412
4.508;-0.005741
4.509;-0.00607
4.51;-0.006563
4.511;-0.006727
4.512;-0.006563
4.513;-0.006234
4.514;-0.006563
4.515;-0.006398
4.516;-0.006727
4.517;-0.00459
4.518;-0.004097
4.519;-0.004426
4.52;-0.004097
4.521;-0.002946
4.522;-0.006563
4.523;-0.006892
4.524;-0.007549
4.525;-0.00607
4.526;-0.007549
4.527;-0.009029
4.528;-0.007878
4.529;-0.0087
4.53;-0.0087
4.531;-0.007056
4.532;-0.005741
4.533;-0.006234
4.534;-0.006563
4.535;-0.005412
4.536;-0.005412
4.537;-0.006234
4.538;-0.005412
4.539;-0.006398
4.54;-0.007056
4.541;-0.0087
4.542;-0.00722
4.543;-0.007385
4.544;-0.009193
4.545;-0.008371
4.546;-0.009029
4.547;-0.00722
4.548;-0.006563
4.549;-0.006234
4.55;-0.006563
4.551;-0.004426
4.552;-0.005741
4.553;-0.005248
4.554;-0.005248
4.555;-0.005248
4.556;-0.006892
4.557;-0.008371
4.558;-0.007714
4.559;-0.006727
4.56;-0.007878
4.561;-0.007549
4.562;-0.006398
4.563;-0.008864
4.564;-0.007385
4.565;-0.00607
4.566;-0.004097
4.567;-0.004097
4.568;-0.004426
4.569;-0.004261
4.57;-0.005083
4.571;-0.005576
4.572;-0.005412
4.573;-0.006892
4.574;-0.005905
4.575;-0.007056
4.576;-0.007056
4.577;-0.007056
4.578;-0.007385
4.579;-0.00722
4.58;-0.00722
4.581;-0.006398
4.582;-0.004919
4.583;-0.004261
4.584;-0.004261
4.585;-0.002289
4.586;-0.003933
4.587;-0.005083
4.588;-0.003439
4.589;-0.005248
4.59;-0.005248
4.591;-0.006727
4.592;-0.006398
4.593;-0.005741
4.594;-0.00607
4.595;-0.004426
4.596;-0.003933
4.597;-0.00607
4.598;-0.00459
4.599;-0.002782
4.6;-0.00196
4.601;-0.00196
4.602;-0.002782
4.603;-0.003604
4.604;-0.002453
4.605;-0.003604
4.606;-0.003111
4.607;-0.003768
4.608;-0.004755
4.609;-0.005905
4.61;-0.005576
4.611;-0.005083
4.612;-0.004919
4.613;-0.005741
4.614;-0.004261
4.615;-0.002782
4.616;-0.003768
4.617;-0.002617
4.618;-0.002124
4.619;-0.00196
4.62;-0.003111
4.621;-0.003604
4.622;-0.002453
4.623;-0.004261
4.624;-0.005576
4.625;-0.004919
4.626;-0.003933
4.627;-0.005248
4.628;-0.005741
4.629;-0.004755
4.63;-0.004097
4.631;-0.003604
4.632;-0.003768
4.633;-0.003604
4.634;-0.002289
4.635;-0.001631
4.636;-0.001796
4.637;-0.002782
4.638;-0.003439
4.639;-0.00459
4.64;-0.005248
4.641;-0.003604
4.642;-0.004261
4.643;-0.007056
4.644;-0.005248
4.645;-0.004919
4.646;-0.004919
4.647;-0.004755
4.648;-0.003933
4.649;-0.003439
4.65;-0.003439
4.651;-0.002289
4.652;-0.002124
4.653;-0.002946
4.654;-0.003111
4.655;-0.003439
4.656;-0.003275
4.657;-0.004097
4.658;-0.005576
4.659;-0.005576
4.66;-0.004426
4.661;-0.005412
4.662;-0.005741
4.663;-0.00459
4.664;-0.004261
4.665;-0.003275
4.666;-0.003439
4.667;-0.003111
4.668;-0.002124
4.669;-0.003439
4.67;-0.002289
4.671;-0.002453
4.672;-0.003275
4.673;-0.005412
4.674;-0.004919
4.675;-0.004097
4.676;-0.004919
4.677;-0.005741
4.678;-0.005741
4.679;-0.004426
4.68;-0.004755
4.681;-0.004097
4.682;-0.003275
4.683;-0.002453
4.684;-0.003275
4.685;-0.002289
4.686;-0.00196
4.687;-0.002124
4.688;-0.003933
4.689;-0.003933
4.69;-0.003439
4.691;-0.005083
4.692;-0.005083
4.693;-0.005248
4.694;-0.004755
4.695;-0.004919
4.696;-0.005412
4.697;-0.005248
4.698;-0.004261
4.699;-0.002617
4.7;-0.002453
4.701;-0.002124
4.702;-0.002289
4.703;-0.003111
4.704;-0.003275
4.705;-0.002453
4.706;-0.003275
4.707;-0.005576
4.708;-0.004097
4.709;-0.005248
4.71;-0.005248
4.711;-0.004426
4.712;-0.004755
4.713;-0.005741
4.714;-0.005083
4.715;-0.003275
4.716;-0.003275
4.717;-0.003604
4.718;-0.001467
4.719;-0.002617
4.72;-0.002617
4.721;-0.003275
4.722;-0.003439
4.723;-0.003439
4.724;-0.003275
4.725;-0.005083
4.726;-0.00607
4.727;-0.005248
4.728;-0.00459
4.729;-0.004261
4.73;-0.005576
4.731;-0.00459
4.732;-0.003275
4.733;-0.003275
4.734;-0.002946
4.735;-0.001796
4.736;-0.002289
4.737;-0.003439
4.738;-0.003111
4.739;-0.003275
4.74;-0.003933
4.741;-0.005248
4.742;-0.00607
4.743;-0.004919
4.744;-0.005083
4.745;-0.005083
4.746;-0.005905
4.747;-0.004097
4.748;-0.004261
4.749;-0.003933
4.75;-0.001796
4.751;-0.001631
4.752;-0.002782
4.753;-0.002124
4.754;-0.002946
4.755;-0.002617
4.756;-0.004426
4.757;-0.003768
4.758;-0.004426
4.759;-0.004919
4.76;-0.00607
4.761;-0.005576
4.762;-0.004919
4.763;-0.005741
4.764;-0.004755
4.765;-0.003604
4.766;-0.002617
4.767;-0.003275
4.768;-0.002289
4.769;-0.000974
4.77;-0.003604
4.771;-0.003439
4.772;-0.003768
4.773;-0.003439
4.774;-0.004919
4.775;-0.005248
4.776;-0.00607
4.777;-0.005412
4.778;-0.006563
4.779;-0.004919
4.78;-0.003439
4.781;-0.004261
4.782;-0.003768
4.783;-0.003439
4.784;-0.00196
4.785;-0.001796
4.786;-0.002617
4.787;-0.002946
4.788;-0.003275
4.789;-0.004426
4.79;-0.005248
4.791;-0.004426
4.792;-0.003933
4.793;-0.006234
4.794;-0.006398
4.795;-0.004097
4.796;-0.005083
4.797;-0.004426
4.798;-0.004097
4.799;-0.002946
4.8;-0.001796
4.801;-0.001631
4.802;-0.000645
4.803;-0.001467
4.804;-0.00196
4.805;-0.001631
4.806;-0.003111
4.807;-0.004426
4.808;-0.00459
4.809;-0.00459
4.81;-0.00459
4.811;-0.004097
4.812;-0.004919
4.813;-0.005083
4.814;-0.003768
4.815;-0.002782
4.816;-0.003275
4.817;-0.002124
4.818;-0.000645
4.819;-0.002289
4.82;-0.00196
4.821;-0.002782
4.822;-0.004097
4.823;-0.003768
4.824;-0.004919
4.825;-0.003933
4.826;-0.004755
4.827;-0.005248
4.828;-0.006563
4.829;-0.004097
4.83;-0.006398
4.831;-0.005412
4.832;-0.003439
4.833;-0.003604
4.834;-0.002124
4.835;-0.002946
4.836;-0.002124
4.837;-0.004097
4.838;-0.001796
4.839;-0.003275
4.84;-0.003439
4.841;-0.004097
4.842;-0.00459
4.843;-0.002617
4.844;-0.002782
4.845;-0.002289
4.846;-0.002617
4.847;-0.002124
4.848;-0.000974
4.849;1.27E-05
4.85;-0.000645
4.851;0.001163
4.852;0.001821
4.853;0.001657
4.854;0.001985
4.855;0.002314
4.856;0.000342
4.857;-0.000316
4.858;0.000177
4.859;0.000999
4.86;1.27E-05
4.861;0.000342
4.862;0.001657
4.863;0.001821
4.864;0.000835
4.865;0.00215
4.866;0.004287
4.867;0.005273
4.868;0.006259
4.869;0.005931
4.87;0.007081
4.871;0.004944
4.872;0.006095
4.873;0.006095
4.874;0.005602
4.875;0.005109
4.876;0.005438
4.877;0.006753
4.878;0.007739
4.879;0.008725
4.88;0.006424
4.881;0.009218
4.882;0.009712
4.883;0.011684
4.884;0.012835
4.885;0.013657
4.886;0.014479
4.887;0.014315
4.888;0.015301
4.889;0.015465
4.89;0.013821
4.891;0.012999
4.892;0.014643
4.893;0.015301
4.894;0.015301
4.895;0.015958
4.896;0.017602
4.897;0.017767
4.898;0.018424
4.899;0.018589
4.9;0.020397
4.901;0.02089
4.902;0.021712
4.903;0.020726
4.904;0.020726
4.905;0.019739
4.906;0.019739
4.907;0.016945
4.908;0.018424
4.909;0.01678
4.91;0.01563
4.911;0.014643
4.912;0.015958
4.913;0.014808
4.914;0.014808
4.915;0.015136
4.916;0.015465
4.917;0.015301
4.918;0.015958
4.919;0.015958
4.92;0.013821
4.921;0.012177
4.922;0.012342
4.923;0.01152
4.924;0.010205
4.925;0.010369
4.926;0.009383
4.927;0.00889
4.928;0.008397
4.929;0.007903
4.93;0.007575
4.931;0.007246
4.932;0.006588
4.933;0.007739
4.934;0.007739
4.935;0.008068
4.936;0.008068
4.937;0.006588
4.938;0.006424
4.939;0.004287
4.94;0.004287
4.941;0.002479
4.942;0.003136
4.943;0.001821
4.944;0.000506
4.945;1.27E-05
4.946;0.001163
4.947;0.000835
4.948;-0.000152
4.949;0.00215
4.95;0.00215
4.951;0.002972
4.952;0.001985
4.953;0.001821
4.954;0.000177
4.955;-0.000645
4.956;-0.000152
4.957;-0.001467
4.958;-0.002453
4.959;-0.002782
4.96;-0.002453
4.961;-0.002946
4.962;-0.002289
4.963;-0.003768
4.964;-0.002453
4.965;-0.002289
4.966;-0.002782
4.967;-0.003111
4.968;-0.001631
4.969;-0.001796
4.97;-0.002453
4.971;-0.001796
4.972;-0.002289
4.973;-0.003933
4.974;-0.004919
4.975;-0.004097
4.976;-0.003933
4.977;-0.004919
4.978;-0.005741
4.979;-0.005412
4.98;-0.005576
4.981;-0.005741
4.982;-0.005248
4.983;-0.003111
4.984;-0.003275
4.985;-0.003439
4.986;-0.003604
4.987;-0.003275
4.988;-0.005248
4.989;-0.005741
4.99;-0.006563
4.991;-0.007056
4.992;-0.008207
4.993;-0.009686
4.994;-0.009029
4.995;-0.0087
4.996;-0.009686
4.997;-0.010837
4.998;-0.009193
4.999;-0.009522
5;-0.010508
5.001;-0.010508
5.002;-0.011494
5.003;-0.01396
5.004;-0.017248
5.005;-0.018892
5.006;-0.022344
5.007;-0.024646
5.008;-0.027605
5.009;-0.029906
5.01;-0.031385
5.011;-0.034673
5.012;-0.034838
5.013;-0.035988
5.014;-0.037303
5.015;-0.037632
5.016;-0.036646
5.017;-0.034016
5.018;-0.032043
5.019;-0.028591
5.02;-0.025796
5.021;-0.020207
5.022;-0.014453
5.023;-0.006727
5.024;0.001657
5.025;0.010862
5.026;0.020561
5.027;0.030753
5.028;0.044398
5.029;0.056727
5.03;0.070042
5.031;0.082207
5.032;0.097659
5.033;0.108509
5.034;0.122975
5.035;0.136619
5.036;0.148455
5.037;0.159305
5.038;0.168018
5.039;0.17673
5.04;0.181826
5.041;0.188237
5.042;0.189388
5.043;0.189224
5.044;0.184128
5.045;0.17673
5.046;0.165881
5.047;0.153716
5.048;0.137277
5.049;0.122318
5.05;0.107687
5.051;0.095358
5.052;0.083522
5.053;0.071686
5.054;0.061165
5.055;0.051959
5.056;0.043411
5.057;0.034041
5.058;0.027137
5.059;0.019904
5.06;0.014808
5.061;0.008725
5.062;0.006588
5.063;0.001985
5.064;-0.000974
5.065;-0.003604
5.066;-0.004261
5.067;-0.005576
5.068;-0.00722
5.069;-0.007878
5.07;-0.008864
5.071;-0.010344
5.072;-0.011001
5.073;-0.010179
5.074;-0.011659
5.075;-0.011659
5.076;-0.01133
5.077;-0.008535
5.078;-0.010837
5.079;-0.007385
5.08;-0.006892
5.081;-0.003111
5.082;-0.000974
5.083;-0.000316
5.084;0.001657
5.085;0.004616
5.086;0.007081
5.087;0.00741
5.088;0.007903
5.089;0.006753
5.09;0.008068
5.091;0.007903
5.092;0.008232
5.093;0.008232
5.094;0.007739
5.095;0.00741
5.096;0.008232
5.097;0.007903
5.098;0.007903
5.099;0.007739
5.1;0.008068
5.101;0.009218
5.102;0.006753
5.103;0.00741
5.104;0.006424
5.105;0.005766
5.106;0.005602
5.107;0.004944
5.108;0.003301
5.109;0.003301
5.11;0.003794
5.111;0.004616
5.112;0.003958
5.113;0.003629
5.114;0.003136
5.115;0.004122
5.116;0.00478
5.117;0.004287
5.118;0.006424
5.119;0.006753
5.12;0.006424
5.121;0.005438
5.122;0.006753
5.123;0.005766
5.124;0.004122
5.125;0.005602
5.126;0.005109
5.127;0.004122
5.128;0.004616
5.129;0.005438
5.13;0.006424
5.131;0.006588
5.132;0.006259
5.133;0.00741
5.134;0.009218
5.135;0.009712
5.136;0.01004
5.137;0.010534
5.138;0.011027
5.139;0.010205
5.14;0.009383
5.141;0.01004
5.142;0.009054
5.143;0.009547
5.144;0.009547
5.145;0.010369
5.146;0.010205
5.147;0.010534
5.148;0.012506
5.149;0.013164
5.15;0.014643
5.151;0.014972
5.152;0.016123
5.153;0.016616
5.154;0.017274
5.155;0.01678
5.156;0.018753
5.157;0.016945
5.158;0.016452
5.159;0.01678
5.16;0.017274
5.161;0.017931
5.162;0.019411
5.163;0.019575
5.164;0.019246
5.165;0.020232
5.166;0.022205
5.167;0.024671
5.168;0.024507
5.169;0.025822
5.17;0.026644
5.171;0.028288
5.172;0.027301
5.173;0.027794
5.174;0.026808
5.175;0.027301
5.176;0.027794
5.177;0.027959
5.178;0.029438
5.179;0.031082
5.18;0.029603
5.181;0.031082
5.182;0.033712
5.183;0.035027
5.184;0.036836
5.185;0.037164
5.186;0.038808
5.187;0.037986
5.188;0.038151
5.189;0.039795
5.19;0.039959
5.191;0.039302
5.192;0.040123
5.193;0.039466
5.194;0.039959
5.195;0.042425
5.196;0.042918
5.197;0.043576
5.198;0.043904
5.199;0.046535
5.2;0.046699
5.201;0.050151
5.202;0.049987
5.203;0.050316
5.204;0.051631
5.205;0.05311
5.206;0.052781
5.207;0.052946
5.208;0.053603
5.209;0.052781
5.21;0.054425
5.211;0.054918
5.212;0.055412
5.213;0.056562
5.214;0.058699
5.215;0.059521
5.216;0.062316
5.217;0.063302
5.218;0.064617
5.219;0.064946
5.22;0.066261
5.221;0.066426
5.222;0.066097
5.223;0.067083
5.224;0.067083
5.225;0.067741
5.226;0.066919
5.227;0.06807
5.228;0.069549
5.229;0.070371
5.23;0.070535
5.231;0.072508
5.232;0.073823
5.233;0.074316
5.234;0.075467
5.235;0.078097
5.236;0.078097
5.237;0.07859
5.238;0.078097
5.239;0.078755
5.24;0.079412
5.241;0.079412
5.242;0.079412
5.243;0.079741
5.244;0.081221
5.245;0.079905
5.246;0.080727
5.247;0.080234
5.248;0.081549
5.249;0.081714
5.25;0.08418
5.251;0.084344
5.252;0.083358
5.253;0.083358
5.254;0.083358
5.255;0.083193
5.256;0.081385
5.257;0.081221
5.258;0.079412
5.259;0.080234
5.26;0.079084
5.261;0.078919
5.262;0.078097
5.263;0.078426
5.264;0.076946
5.265;0.078426
5.266;0.076946
5.267;0.076125
5.268;0.076782
5.269;0.075796
5.27;0.075631
5.271;0.072837
5.272;0.071028
5.273;0.069385
5.274;0.065932
5.275;0.065604
5.276;0.064617
5.277;0.063302
5.278;0.06248
5.279;0.06133
5.28;0.060179
5.281;0.058699
5.282;0.05722
5.283;0.057384
5.284;0.056398
5.285;0.056562
5.286;0.054096
5.287;0.052946
5.288;0.051631
5.289;0.049165
5.29;0.046863
5.291;0.044726
5.292;0.043247
5.293;0.042096
5.294;0.040123
5.295;0.040288
5.296;0.037493
5.297;0.037
5.298;0.036178
5.299;0.036178
5.3;0.035192
5.301;0.034699
5.302;0.033548
5.303;0.033548
5.304;0.030918
5.305;0.030753
5.306;0.029438
5.307;0.025986
5.308;0.025
5.309;0.023027
5.31;0.022863
5.311;0.021712
5.312;0.020561
5.313;0.019411
5.314;0.018753
5.315;0.018753
5.316;0.01826
5.317;0.017767
5.318;0.018589
5.319;0.018589
5.32;0.015794
5.321;0.01563
5.322;0.013657
5.323;0.012999
5.324;0.011356
5.325;0.010698
5.326;0.007903
5.327;0.007903
5.328;0.007575
5.329;0.007575
5.33;0.006917
5.331;0.006424
5.332;0.006588
5.333;0.006753
5.334;0.006259
5.335;0.006917
5.336;0.007081
5.337;0.005602
5.338;0.004287
5.339;0.003629
5.34;0.003136
5.341;0.001328
5.342;0.000177
5.343;-0.001138
5.344;-0.000809
5.345;-0.000316
5.346;-0.000152
5.347;-0.001302
5.348;-0.001467
5.349;-0.000974
5.35;-0.000316
5.351;-0.000152
5.352;0.000342
5.353;1.27E-05
5.354;-0.001138
5.355;-0.001796
5.356;-0.002453
5.357;-0.003439
5.358;-0.005083
5.359;-0.005248
5.36;-0.006892
5.361;-0.006727
5.362;-0.005905
5.363;-0.005412
5.364;-0.005576
5.365;-0.005248
5.366;-0.005741
5.367;-0.004919
5.368;-0.003439
5.369;-0.004755
5.37;-0.003604
5.371;-0.00459
5.372;-0.005741
5.373;-0.005905
5.374;-0.005576
5.375;-0.008207
5.376;-0.007549
5.377;-0.006727
5.378;-0.007056
5.379;-0.006727
5.38;-0.00722
5.381;-0.006563
5.382;-0.007056
5.383;-0.006234
5.384;-0.005412
5.385;-0.004097
5.386;-0.004097
5.387;-0.005412
5.388;-0.006892
5.389;-0.006234
5.39;-0.007714
5.391;-0.007714
5.392;-0.0087
5.393;-0.007549
5.394;-0.006892
5.395;-0.007878
5.396;-0.007714
5.397;-0.007385
5.398;-0.006234
5.399;-0.006234
5.4;-0.005248
5.401;-0.005905
5.402;-0.005083
5.403;-0.005248
5.404;-0.004426
5.405;-0.005741
5.406;-0.00607
5.407;-0.007714
5.408;-0.007549
5.409;-0.007056
5.41;-0.007878
5.411;-0.008371
5.412;-0.008535
5.413;-0.007714
5.414;-0.006563
5.415;-0.004919
5.416;-0.005248
5.417;-0.004426
5.418;-0.004755
5.419;-0.003604
5.42;-0.003933
5.421;-0.003768
5.422;-0.00459
5.423;-0.00459
5.424;-0.007056
5.425;-0.007385
5.426;-0.005741
5.427;-0.007056
5.428;-0.005905
5.429;-0.006727
5.43;-0.005905
5.431;-0.006398
5.432;-0.005576
5.433;-0.005412
5.434;-0.003604
5.435;-0.004097
5.436;-0.004097
5.437;-0.00459
5.438;-0.004097
5.439;-0.003933
5.44;-0.005248
5.441;-0.00607
5.442;-0.005741
5.443;-0.006892
5.444;-0.005905
5.445;-0.005576
5.446;-0.005248
5.447;-0.006234
5.448;-0.005741
5.449;-0.002946
5.45;-0.003111
5.451;-0.002617
5.452;-0.003111
5.453;-0.001631
5.454;-0.001631
5.455;-0.002782
5.456;-0.002453
5.457;-0.004097
5.458;-0.004755
5.459;-0.005576
5.46;-0.00459
5.461;-0.00459
5.462;-0.00459
5.463;-0.004919
5.464;-0.003439
5.465;-0.004426
5.466;-0.003275
5.467;-0.003111
5.468;-0.001467
5.469;-0.00196
5.47;-0.001796
5.471;-0.003111
5.472;-0.003439
5.473;-0.002453
5.474;-0.003275
5.475;-0.00459
5.476;-0.004919
5.477;-0.004426
5.478;-0.004919
5.479;-0.004755
5.48;-0.003933
5.481;-0.004261
5.482;-0.004097
5.483;-0.002946
5.484;-0.00196
5.485;-0.002617
5.486;-0.002453
5.487;-0.002453
5.488;-0.001631
5.489;-0.003111
5.49;-0.003111
5.491;-0.005083
5.492;-0.00459
5.493;-0.005741
5.494;-0.005412
5.495;-0.004261
5.496;-0.003768
5.497;-0.005576
5.498;-0.003768
5.499;-0.003275
5.5;-0.003439
5.501;-0.002453
5.502;-0.001138
5.503;-0.00196
5.504;-0.002289
5.505;-0.002453
5.506;-0.002946
5.507;-0.004097
5.508;-0.005083
5.509;-0.00459
5.51;-0.003933
5.511;-0.00607
5.512;-0.00459
5.513;-0.003275
5.514;-0.004426
5.515;-0.003933
5.516;-0.003768
5.517;-0.003604
5.518;-0.001302
5.519;-0.001631
5.52;-0.001796
5.521;-0.002124
5.522;-0.001796
5.523;-0.003933
5.524;-0.002453
5.525;-0.004919
5.526;-0.005412
5.527;-0.004919
5.528;-0.003933
5.529;-0.003933
5.53;-0.003768
5.531;-0.005412
5.532;-0.004261
5.533;-0.003768
5.534;-0.00196
5.535;-0.002782
5.536;-0.001467
5.537;-0.001796
5.538;-0.00196
5.539;-0.00196
5.54;-0.00459
5.541;-0.003933
5.542;-0.005083
5.543;-0.00459
5.544;-0.005412
5.545;-0.005248
5.546;-0.003768
5.547;-0.004261
5.548;-0.004755
5.549;-0.003604
5.55;-0.004261
5.551;-0.003111
5.552;-0.001796
5.553;-0.001467
5.554;-0.001796
5.555;-0.002946
5.556;-0.003275
5.557;-0.003933
5.558;-0.003604
5.559;-0.00459
5.56;-0.004261
5.561;-0.00607
5.562;-0.004755
5.563;-0.004755
5.564;-0.004426
5.565;-0.004261
5.566;-0.003604
5.567;-0.003604
5.568;-0.003111
5.569;-0.001138
5.57;-0.001467
5.571;-0.001796
5.572;-0.002453
5.573;-0.002124
5.574;-0.003275
5.575;-0.004097
5.576;-0.005248
5.577;-0.004097
5.578;-0.004261
5.579;-0.004426
5.58;-0.003604
5.581;-0.003604
5.582;-0.004426
5.583;-0.003439
5.584;-0.002946
5.585;-0.002617
5.586;-0.001302
5.587;-0.001796
5.588;-0.001796
5.589;-0.003604
5.59;-0.002617
5.591;-0.005083
5.592;-0.003768
5.593;-0.005083
5.594;-0.005248
5.595;-0.005083
5.596;-0.00459
5.597;-0.004261
5.598;-0.004919
5.599;-0.003439
5.6;-0.003111
5.601;-0.001631
5.602;-0.002782
5.603;-0.001467
5.604;-0.001796
5.605;-0.002782
5.606;-0.002124
5.607;-0.002289
5.608;-0.004097
5.609;-0.004755
5.61;-0.00459
5.611;-0.005741
5.612;-0.00459
5.613;-0.004097
5.614;-0.004755
5.615;-0.004097
5.616;-0.003768
5.617;-0.002617
5.618;-0.001796
5.619;-0.001631
5.62;-0.001467
5.621;-0.002289
5.622;-0.001796
5.623;-0.002946
5.624;-0.003933
5.625;-0.004426
5.626;-0.005905
5.627;-0.004426
5.628;-0.004755
5.629;-0.005412
5.63;-0.005576
5.631;-0.004755
5.632;-0.003275
5.633;-0.00196
5.634;-0.003275
5.635;-0.001467
5.636;-0.002124
5.637;-0.001467
5.638;-0.002289
5.639;-0.002617
5.64;-0.002453
5.641;-0.004097
5.642;-0.004919
5.643;-0.005083
5.644;-0.005576
5.645;-0.005576
5.646;-0.003275
5.647;-0.004261
5.648;-0.004261
5.649;-0.003768
5.65;-0.002617
5.651;-0.002453
5.652;0.000177
5.653;-0.001796
5.654;-0.002617
5.655;-0.003111
5.656;-0.001631
5.657;-0.001796
5.658;-0.003275
5.659;-0.003275
5.66;-0.003275
5.661;-0.004097
5.662;-0.00459
5.663;-0.004426
5.664;-0.004426
5.665;-0.004755
5.666;-0.003933
5.667;-0.001796
5.668;-0.000974
5.669;-0.001302
5.67;-0.002289
5.671;-0.002782
5.672;-0.002453
5.673;-0.002946
5.674;-0.002617
5.675;-0.004426
5.676;-0.005741
5.677;-0.005412
5.678;-0.005576
5.679;-0.004755
5.68;-0.004755
5.681;-0.005576
5.682;-0.003111
5.683;-0.003439
5.684;-0.002289
5.685;-0.002617
5.686;-0.001467
5.687;-0.002782
5.688;-0.002782
5.689;-0.002946
5.69;-0.003768
5.691;-0.004097
5.692;-0.004426
5.693;-0.005412
5.694;-0.005083
5.695;-0.004755
5.696;-0.004261
5.697;-0.002617
5.698;-0.003933
5.699;-0.002124
5.7;-0.001467
5.701;-0.000152
5.702;0.000342
5.703;0.00067
5.704;-0.000152
5.705;-0.000316
5.706;0.000835
5.707;0.000177
5.708;-0.000316
5.709;-0.00048
5.71;0.000177
5.711;-0.000316
5.712;0.000999
5.713;0.000342
5.714;0.000177
5.715;0.001821
5.716;0.004122
5.717;0.003629
5.718;0.004287
5.719;0.004287
5.72;0.004287
5.721;0.004616
5.722;0.004944
5.723;0.004122
5.724;0.003465
5.725;0.003465
5.726;0.003465
5.727;0.003629
5.728;0.003301
5.729;0.004944
5.73;0.006095
5.731;0.007246
5.732;0.006259
5.733;0.007739
5.734;0.01004
5.735;0.011027
5.736;0.012013
5.737;0.011027
5.738;0.011027
5.739;0.011684
5.74;0.012342
5.741;0.010698
5.742;0.012177
5.743;0.012342
5.744;0.013164
5.745;0.013328
5.746;0.013328
5.747;0.01415
5.748;0.014972
5.749;0.015958
5.75;0.017602
5.751;0.018589
5.752;0.020068
5.753;0.020232
5.754;0.02089
5.755;0.020068
5.756;0.021054
5.757;0.019246
5.758;0.018917
5.759;0.018589
5.76;0.018424
5.761;0.019575
5.762;0.018424
5.763;0.018424
5.764;0.01678
5.765;0.01826
5.766;0.017109
5.767;0.017274
5.768;0.017602
5.769;0.018589
5.77;0.017602
5.771;0.01563
5.772;0.016123
5.773;0.013986
5.774;0.014315
5.775;0.012999
5.776;0.011356
5.777;0.010534
5.778;0.010205
5.779;0.010369
5.78;0.010698
5.781;0.009876
5.782;0.00889
5.783;0.009218
5.784;0.010862
5.785;0.011684
5.786;0.01004
5.787;0.009712
5.788;0.007081
5.789;0.007575
5.79;0.008232
5.791;0.008068
5.792;0.005273
5.793;0.00478
5.794;0.003136
5.795;0.003794
5.796;0.004287
5.797;0.005109
5.798;0.003465
5.799;0.002972
5.8;0.00215
5.801;0.002643
5.802;0.005109
5.803;0.004287
5.804;0.002972
5.805;0.001821
5.806;0.001821
5.807;0.001657
5.808;-0.000645
5.809;-0.00048
5.81;-0.001796
5.811;-0.002946
5.812;-0.002782
5.813;-0.00196
5.814;-0.001796
5.815;-0.00196
5.816;-0.001631
5.817;0.001163
5.818;0.000177
5.819;0.000177
5.82;-0.001302
5.821;-0.000809
5.822;-0.001796
5.823;-0.001631
5.824;-0.002782
5.825;-0.003111
5.826;-0.00459
5.827;-0.00459
5.828;-0.005083
5.829;-0.004755
5.83;-0.00459
5.831;-0.005412
5.832;-0.004097
5.833;-0.005248
5.834;-0.003604
5.835;-0.00196
5.836;-0.00196
5.837;-0.002782
5.838;-0.002782
5.839;-0.003439
5.84;-0.003111
5.841;-0.005248
5.842;-0.006563
5.843;-0.006563
5.844;-0.006727
5.845;-0.00722
5.846;-0.005576
5.847;-0.006563
5.848;-0.007549
5.849;-0.00722
5.85;-0.007714
5.851;-0.006234
5.852;-0.006727
5.853;-0.006892
5.854;-0.009029
5.855;-0.0087
5.856;-0.011001
5.857;-0.011988
5.858;-0.015275
5.859;-0.017084
5.86;-0.019056
5.861;-0.021358
5.862;-0.023166
5.863;-0.023824
5.864;-0.028098
5.865;-0.029742
5.866;-0.029413
5.867;-0.030563
5.868;-0.032865
5.869;-0.034838
5.87;-0.03418
5.871;-0.03566
5.872;-0.035331
5.873;-0.034673
5.874;-0.034509
5.875;-0.030892
5.876;-0.025632
5.877;-0.022015
5.878;-0.015604
5.879;-0.007549
5.88;0.000835
5.881;0.011849
5.882;0.022534
5.883;0.033548
5.884;0.04637
5.885;0.059193
5.886;0.072672
5.887;0.084837
5.888;0.097659
5.889;0.110482
5.89;0.122975
5.891;0.134482
5.892;0.146154
5.893;0.156675
5.894;0.166538
5.895;0.174922
5.896;0.181169
5.897;0.18758
5.898;0.190539
5.899;0.189059
5.9;0.186429
5.901;0.179032
5.902;0.167031
5.903;0.155524
5.904;0.139743
5.905;0.122975
5.906;0.107687
5.907;0.093385
5.908;0.079741
5.909;0.070042
5.91;0.058535
5.911;0.049987
5.912;0.040945
5.913;0.033877
5.914;0.026972
5.915;0.021219
5.916;0.015136
5.917;0.01004
5.918;0.007246
5.919;0.005109
5.92;0.000835
5.921;-0.002453
5.922;-0.003933
5.923;-0.006892
5.924;-0.007878
5.925;-0.009357
5.926;-0.010508
5.927;-0.012316
5.928;-0.01133
5.929;-0.012481
5.93;-0.012316
5.931;-0.011659
5.932;-0.010015
5.933;-0.0087
5.934;-0.007549
5.935;-0.00607
5.936;-0.004426
5.937;-0.001796
5.938;-0.000645
5.939;0.000835
5.94;0.002314
5.941;0.003136
5.942;0.003629
5.943;0.00478
5.944;0.005109
5.945;0.006259
5.946;0.006259
5.947;0.00889
5.948;0.008068
5.949;0.010369
5.95;0.009712
5.951;0.009876
5.952;0.011191
5.953;0.010862
5.954;0.010205
5.955;0.009712
5.956;0.008725
5.957;0.006753
5.958;0.006259
5.959;0.005273
5.96;0.005109
5.961;0.004616
5.962;0.005109
5.963;0.00478
5.964;0.003629
5.965;0.003794
5.966;0.004451
5.967;0.005602
5.968;0.005766
5.969;0.006424
5.97;0.006259
5.971;0.005109
5.972;0.005931
5.973;0.004287
5.974;0.005109
5.975;0.004944
5.976;0.003794
5.977;0.003465
5.978;0.003794
5.979;0.003301
5.98;0.005273
5.981;0.00478
5.982;0.005766
5.983;0.004944
5.984;0.006588
5.985;0.007739
5.986;0.009218
5.987;0.009054
5.988;0.007903
5.989;0.007903
5.99;0.008561
5.991;0.007081
5.992;0.008232
5.993;0.008232
5.994;0.008561
5.995;0.008068
5.996;0.008725
5.997;0.00889
5.998;0.009876
5.999;0.009876
6;0.011027
6.001;0.012177
6.002;0.012835
6.003;0.013328
6.004;0.014808
6.005;0.015465
6.006;0.013821
6.007;0.014315
6.008;0.013657
6.009;0.01415
6.01;0.014479
6.011;0.014643
6.012;0.016123
6.013;0.015958
6.014;0.017109
6.015;0.016616
6.016;0.019246
6.017;0.019246
6.018;0.021876
6.019;0.023191
6.02;0.023027
6.021;0.02352
6.022;0.023191
6.023;0.024013
6.024;0.024178
6.025;0.023849
6.026;0.024507
6.027;0.025822
6.028;0.025493
6.029;0.025822
6.03;0.027301
6.031;0.026972
6.032;0.028616
6.033;0.031575
6.034;0.03174
6.035;0.033712
6.036;0.033384
6.037;0.033877
6.038;0.035027
6.039;0.036507
6.04;0.035192
6.041;0.035849
6.042;0.036014
6.043;0.035521
6.044;0.037
6.045;0.037822
6.046;0.038315
6.047;0.03963
6.048;0.039137
6.049;0.04111
6.05;0.043411
6.051;0.044562
6.052;0.045877
6.053;0.046535
6.054;0.047357
6.055;0.046699
6.056;0.048836
6.057;0.048836
6.058;0.048672
6.059;0.047521
6.06;0.048672
6.061;0.049658
6.062;0.051302
6.063;0.052946
6.064;0.053932
6.065;0.055083
6.066;0.055576
6.067;0.05722
6.068;0.057549
6.069;0.060343
6.07;0.061001
6.071;0.061494
6.072;0.06248
6.073;0.064124
6.074;0.063138
6.075;0.063138
6.076;0.062973
6.077;0.064617
6.078;0.065604
6.079;0.065768
6.08;0.066426
6.081;0.066097
6.082;0.067905
6.083;0.069549
6.084;0.072837
6.085;0.072672
6.086;0.073823
6.087;0.074316
6.088;0.074481
6.089;0.075303
6.09;0.075631
6.091;0.075303
6.092;0.074645
6.093;0.075467
6.094;0.076618
6.095;0.07744
6.096;0.077604
6.097;0.079084
6.098;0.079412
6.099;0.0827
6.1;0.083522
6.101;0.083358
6.102;0.083029
6.103;0.083358
6.104;0.08418
6.105;0.083358
6.106;0.084344
6.107;0.083358
6.108;0.081878
6.109;0.080892
6.11;0.081221
6.111;0.081056
6.112;0.081056
6.113;0.081385
6.114;0.08007
6.115;0.080399
6.116;0.079905
6.117;0.081714
6.118;0.082043
6.119;0.080563
6.12;0.079577
6.121;0.079248
6.122;0.07744
6.123;0.075467
6.124;0.074481
6.125;0.073987
6.126;0.071686
6.127;0.070864
6.128;0.068398
6.129;0.068234
6.13;0.066919
6.131;0.064946
6.132;0.064782
6.133;0.065932
6.134;0.063795
6.135;0.06396
6.136;0.062316
6.137;0.05985
6.138;0.058371
6.139;0.05722
6.14;0.055905
6.141;0.052946
6.142;0.052288
6.143;0.050809
6.144;0.050151
6.145;0.046699
6.146;0.044398
6.147;0.044726
6.148;0.04522
6.149;0.043904
6.15;0.042096
6.151;0.041439
6.152;0.040781
6.153;0.039959
6.154;0.038151
6.155;0.036836
6.156;0.034699
6.157;0.033055
6.158;0.031904
6.159;0.030425
6.16;0.028781
6.161;0.027794
6.162;0.02615
6.163;0.025657
6.164;0.024013
6.165;0.024013
6.166;0.023027
6.167;0.02237
6.168;0.022041
6.169;0.02237
6.17;0.021876
6.171;0.021054
6.172;0.019739
6.173;0.017274
6.174;0.017274
6.175;0.014479
6.176;0.013821
6.177;0.012671
6.178;0.012506
6.179;0.010862
6.18;0.01152
6.181;0.009876
6.182;0.009876
6.183;0.009054
6.184;0.008561
6.185;0.009547
6.186;0.009876
6.187;0.009712
6.188;0.007081
6.189;0.006753
6.19;0.005273
6.191;0.004616
6.192;0.003136
6.193;0.003136
6.194;0.001985
6.195;0.000342
6.196;0.001985
6.197;0.001163
6.198;0.000342
6.199;0.001163
6.2;0.000342
6.201;0.000342
6.202;0.002479
6.203;0.001492
6.204;0.001985
6.205;0.000506
6.206;-0.00048
6.207;-0.001302
6.208;-0.001796
6.209;-0.003604
6.21;-0.003933
6.211;-0.005248
6.212;-0.005412
6.213;-0.004919
6.214;-0.003933
6.215;-0.00459
6.216;-0.005412
6.217;-0.005412
6.218;-0.004261
6.219;-0.002617
6.22;-0.003439
6.221;-0.003439
6.222;-0.00459
6.223;-0.003439
6.224;-0.005576
6.225;-0.007385
6.226;-0.007056
6.227;-0.007714
6.228;-0.008535
6.229;-0.00722
6.23;-0.005741
6.231;-0.008371
6.232;-0.007385
6.233;-0.006398
6.234;-0.004919
6.235;-0.00459
6.236;-0.005248
6.237;-0.004261
6.238;-0.004261
6.239;-0.00607
6.24;-0.006892
6.241;-0.006234
6.242;-0.006892
6.243;-0.007714
6.244;-0.008535
6.245;-0.009029
6.246;-0.009193
6.247;-0.007549
6.248;-0.009193
6.249;-0.007714
6.25;-0.007056
6.251;-0.006234
6.252;-0.004755
6.253;-0.004261
6.254;-0.005412
6.255;-0.00607
6.256;-0.005248
6.257;-0.00459
6.258;-0.007549
6.259;-0.006892
6.26;-0.008371
6.261;-0.0087
6.262;-0.007878
6.263;-0.007549
6.264;-0.00722
6.265;-0.007878
6.266;-0.007549
6.267;-0.006563
6.268;-0.004919
6.269;-0.005412
6.27;-0.004755
6.271;-0.004426
6.272;-0.003604
6.273;-0.005248
6.274;-0.005248
6.275;-0.006892
6.276;-0.006892
6.277;-0.006892
6.278;-0.007549
6.279;-0.006563
6.28;-0.005905
6.281;-0.006563
6.282;-0.008371
6.283;-0.005741
6.284;-0.004755
6.285;-0.003439
6.286;-0.003768
6.287;-0.003439
6.288;-0.003933
6.289;-0.004919
6.29;-0.00459
6.291;-0.006398
6.292;-0.006727
6.293;-0.007549
6.294;-0.006727
6.295;-0.006892
6.296;-0.006234
6.297;-0.006234
6.298;-0.006234
6.299;-0.00607
6.3;-0.004426
6.301;-0.003439
6.302;-0.002782
6.303;-0.002617
6.304;-0.004755
6.305;-0.003768
6.306;-0.002617
6.307;-0.002453
6.308;-0.00459
6.309;-0.005412
6.31;-0.005248
6.311;-0.004919
6.312;-0.005905
6.313;-0.004755
6.314;-0.005083
6.315;-0.004261
6.316;-0.003439
6.317;-0.002453
6.318;-0.002782
6.319;-0.001796
6.32;-0.002617
6.321;-0.001138
6.322;-0.003439
6.323;-0.002124
6.324;-0.004097
6.325;-0.00607
6.326;-0.005576
6.327;-0.004755
6.328;-0.00459
6.329;-0.004919
6.33;-0.004261
6.331;-0.003439
6.332;-0.002782
6.333;-0.003439
6.334;-0.002946
6.335;-0.003275
6.336;-0.000974
6.337;-0.00196
6.338;-0.002617
6.339;-0.002782
6.34;-0.004919
6.341;-0.003768
6.342;-0.004426
6.343;-0.003439
6.344;-0.005576
6.345;-0.005248
6.346;-0.005412
6.347;-0.004919
6.348;-0.005412
6.349;-0.004261
6.35;-0.003439
6.351;-0.001631
6.352;-0.002453
6.353;-0.001796
6.354;-0.002289
6.355;-0.002289
6.356;-0.003439
6.357;-0.003933
6.358;-0.003275
6.359;-0.004755
6.36;-0.004261
6.361;-0.004919
6.362;-0.00459
6.363;-0.005576
6.364;-0.00459
6.365;-0.00459
6.366;-0.002289
6.367;-0.002946
6.368;-0.003604
6.369;-0.002289
6.37;-0.002289
6.371;-0.002289
6.372;-0.002453
6.373;-0.00196
6.374;-0.004261
6.375;-0.004261
6.376;-0.004755
6.377;-0.00459
6.378;-0.005576
6.379;-0.004755
6.38;-0.003933
6.381;-0.003768
6.382;-0.004261
6.383;-0.003933
6.384;-0.003604
6.385;-0.003111
6.386;-0.001796
6.387;-0.002453
6.388;-0.001467
6.389;-0.002617
6.39;-0.004097
6.391;-0.003604
6.392;-0.003604
6.393;-0.005083
6.394;-0.004755
6.395;-0.005248
6.396;-0.003933
6.397;-0.003933
6.398;-0.005083
6.399;-0.003604
6.4;-0.003604
6.401;-0.002782
6.402;-0.002782
6.403;-0.002289
6.404;-0.002782
6.405;-0.003111
6.406;-0.004261
6.407;-0.002289
6.408;-0.004261
6.409;-0.003768
6.41;-0.00459
6.411;-0.004755
6.412;-0.004755
6.413;-0.00459
6.414;-0.003439
6.415;-0.004426
6.416;-0.003933
6.417;-0.002782
6.418;-0.003439
6.419;-0.002124
6.42;-0.001467
6.421;-0.003275
6.422;-0.001467
6.423;-0.003768
6.424;-0.003111
6.425;-0.004755
6.426;-0.002946
6.427;-0.005083
6.428;-0.005248
6.429;-0.005905
6.43;-0.003933
6.431;-0.003275
6.432;-0.005576
6.433;-0.002946
6.434;-0.004097
6.435;-0.001796
6.436;-0.001631
6.437;-0.00196
6.438;-0.002453
6.439;-0.001796
6.44;-0.002782
6.441;-0.003111
6.442;-0.004919
6.443;-0.005905
6.444;-0.005083
6.445;-0.004755
6.446;-0.004261
6.447;-0.003933
6.448;-0.004426
6.449;-0.005083
6.45;-0.003111
6.451;-0.002453
6.452;-0.000152
6.453;-0.001467
6.454;-0.002946
6.455;-0.001467
6.456;-0.001467
6.457;-0.003439
6.458;-0.004755
6.459;-0.004261
6.46;-0.004261
6.461;-0.004755
6.462;-0.005248
6.463;-0.005248
6.464;-0.005576
6.465;-0.005576
6.466;-0.004426
6.467;-0.002946
6.468;-0.002782
6.469;-0.000974
6.47;-0.002782
6.471;-0.001467
6.472;-0.003604
6.473;-0.003439
6.474;-0.003604
6.475;-0.004755
6.476;-0.005576
6.477;-0.00459
6.478;-0.005248
6.479;-0.005083
6.48;-0.005083
6.481;-0.003933
6.482;-0.003111
6.483;-0.004097
6.484;-0.003111
6.485;-0.002617
6.486;-0.00048
6.487;-0.00196
6.488;-0.002617
6.489;-0.002124
6.49;-0.001631
6.491;-0.003604
6.492;-0.004755
6.493;-0.004919
6.494;-0.005412
6.495;-0.005741
6.496;-0.004097
6.497;-0.003768
6.498;-0.004755
6.499;-0.004426
6.5;-0.003604
6.501;-0.002453
6.502;-0.003439
6.503;-0.001302
6.504;-0.002946
6.505;-0.002289
6.506;-0.003604
6.507;-0.004261
6.508;-0.004919
6.509;-0.005576
6.51;-0.00459
6.511;-0.004755
6.512;-0.003933
6.513;-0.004097
6.514;-0.002946
6.515;-0.004097
6.516;-0.001467
6.517;-0.001631
6.518;-0.001796
6.519;-0.000645
6.52;-0.000645
6.521;-0.001467
6.522;-0.002453
6.523;-0.003275
6.524;-0.003275
6.525;-0.003275
6.526;-0.004426
6.527;-0.003768
6.528;-0.00459
6.529;-0.004919
6.53;-0.003604
6.531;-0.004097
6.532;-0.005083
6.533;-0.003604
6.534;-0.003111
6.535;-0.001138
6.536;-0.001631
6.537;-0.002124
6.538;-0.002289
6.539;-0.00196
6.54;-0.002453
6.541;-0.004097
6.542;-0.004755
6.543;-0.004919
6.544;-0.005248
6.545;-0.004919
6.546;-0.003604
6.547;-0.003768
6.548;-0.00607
6.549;-0.004755
6.55;-0.003439
6.551;-0.002453
6.552;-0.00196
6.553;-0.001631
6.554;-0.000316
6.555;-0.001302
6.556;-0.000809
6.557;-0.000974
6.558;-0.00196
6.559;-0.001467
6.56;-0.002124
6.561;-0.001796
6.562;-0.001467
6.563;-0.001302
6.564;-0.000316
6.565;0.001328
6.566;0.000506
6.567;0.000999
6.568;0.001328
6.569;0.003465
6.57;0.003136
6.571;0.002972
6.572;0.003301
6.573;0.003136
6.574;0.001821
6.575;0.00215
6.576;0.002807
6.577;0.002314
6.578;0.002479
6.579;0.00215
6.58;0.003629
6.581;0.004122
6.582;0.003794
6.583;0.00478
6.584;0.006753
6.585;0.006588
6.586;0.007246
6.587;0.007903
6.588;0.008561
6.589;0.008725
6.59;0.009218
6.591;0.01004
6.592;0.007246
6.593;0.008725
6.594;0.008561
6.595;0.01004
6.596;0.010698
6.597;0.011684
6.598;0.011849
6.599;0.013821
6.6;0.01415
6.601;0.015301
6.602;0.015958
6.603;0.01678
6.604;0.017931
6.605;0.01826
6.606;0.018424
6.607;0.016945
6.608;0.018095
6.609;0.01826
6.61;0.018917
6.611;0.017438
6.612;0.017602
6.613;0.017602
6.614;0.019246
6.615;0.018917
6.616;0.019739
6.617;0.019246
6.618;0.020561
6.619;0.019904
6.62;0.020561
6.621;0.020561
6.622;0.017931
6.623;0.017274
6.624;0.01678
6.625;0.01678
6.626;0.016123
6.627;0.014643
6.628;0.013493
6.629;0.012835
6.63;0.013328
6.631;0.012999
6.632;0.012342
6.633;0.012506
6.634;0.01152
6.635;0.012342
6.636;0.012835
6.637;0.012342
6.638;0.012013
6.639;0.010698
6.64;0.011027
6.641;0.010369
6.642;0.007739
6.643;0.006753
6.644;0.006259
6.645;0.004451
6.646;0.005602
6.647;0.006424
6.648;0.005602
6.649;0.005273
6.65;0.00478
6.651;0.005602
6.652;0.006259
6.653;0.006753
6.654;0.006095
6.655;0.005931
6.656;0.003301
6.657;0.002643
6.658;0.002807
6.659;0.00215
6.66;-0.000809
6.661;-0.000645
6.662;-0.00048
6.663;-0.000316
6.664;1.27E-05
6.665;-0.001467
6.666;-0.000809
6.667;-0.000809
6.668;0.000999
6.669;0.000835
6.67;0.000999
6.671;1.27E-05
6.672;-0.000809
6.673;-0.000809
6.674;-0.000645
6.675;-0.001467
6.676;-0.002782
6.677;-0.00459
6.678;-0.004919
6.679;-0.004919
6.68;-0.004261
6.681;-0.00459
6.682;-0.00459
6.683;-0.004097
6.684;-0.003275
6.685;-0.001631
6.686;-0.002453
6.687;-0.002453
6.688;-0.002946
6.689;-0.002617
6.69;-0.002124
6.691;-0.003933
6.692;-0.005412
6.693;-0.00459
6.694;-0.006727
6.695;-0.006892
6.696;-0.00607
6.697;-0.005248
6.698;-0.004755
6.699;-0.006563
6.7;-0.005576
6.701;-0.005741
6.702;-0.004097
6.703;-0.004919
6.704;-0.00459
6.705;-0.005905
6.706;-0.006563
6.707;-0.007056
6.708;-0.007878
6.709;-0.009851
6.71;-0.012152
6.711;-0.012316
6.712;-0.012645
6.713;-0.012974
6.714;-0.014453
6.715;-0.015769
6.716;-0.018728
6.717;-0.020207
6.718;-0.021193
6.719;-0.021522
6.72;-0.02481
6.721;-0.026947
6.722;-0.029248
6.723;-0.030892
6.724;-0.03418
6.725;-0.035824
6.726;-0.036481
6.727;-0.038125
6.728;-0.037797
6.729;-0.036317
6.73;-0.034509
6.731;-0.031879
6.732;-0.028098
6.733;-0.021851
6.734;-0.01281
6.735;-0.004919
6.736;0.004451
6.737;0.013493
6.738;0.025
6.739;0.034699
6.74;0.045384
6.741;0.05722
6.742;0.070864
6.743;0.082371
6.744;0.095522
6.745;0.10818
6.746;0.121167
6.747;0.133332
6.748;0.146318
6.749;0.159141
6.75;0.168182
6.751;0.177059
6.752;0.183635
6.753;0.191032
6.754;0.19284
6.755;0.191525
6.756;0.186593
6.757;0.177717
6.758;0.166703
6.759;0.150428
6.76;0.136455
6.761;0.120345
6.762;0.105221
6.763;0.091577
6.764;0.08007
6.765;0.068398
6.766;0.059357
6.767;0.051302
6.768;0.044069
6.769;0.035521
6.77;0.029767
6.771;0.023356
6.772;0.015794
6.773;0.011356
6.774;0.006424
6.775;0.001985
6.776;-0.001467
6.777;-0.003933
6.778;-0.006727
6.779;-0.00722
6.78;-0.009686
6.781;-0.009193
6.782;-0.011166
6.783;-0.010179
6.784;-0.009851
6.785;-0.010344
6.786;-0.010015
6.787;-0.010179
6.788;-0.008864
6.789;-0.007549
6.79;-0.007549
6.791;-0.007714
6.792;-0.005412
6.793;-0.004755
6.794;-0.00196
6.795;-0.002782
6.796;0.000177
6.797;0.001657
6.798;0.004616
6.799;0.005931
6.8;0.006588
6.801;0.008232
6.802;0.008725
6.803;0.010698
6.804;0.011027
6.805;0.011356
6.806;0.009383
6.807;0.009876
6.808;0.009712
6.809;0.009383
6.81;0.00741
6.811;0.006424
6.812;0.005273
6.813;0.006917
6.814;0.007246
6.815;0.005931
6.816;0.00478
6.817;0.006753
6.818;0.006095
6.819;0.006095
6.82;0.005273
6.821;0.005602
6.822;0.006259
6.823;0.005766
6.824;0.005602
6.825;0.004616
6.826;0.002643
6.827;0.001985
6.828;0.003794
6.829;0.003136
6.83;0.003136
6.831;0.004287
6.832;0.002807
6.833;0.004122
6.834;0.005602
6.835;0.005931
6.836;0.007903
6.837;0.007739
6.838;0.00741
6.839;0.008397
6.84;0.006588
6.841;0.007081
6.842;0.007081
6.843;0.005766
6.844;0.006424
6.845;0.005766
6.846;0.005931
6.847;0.006753
6.848;0.008068
6.849;0.007575
6.85;0.009712
6.851;0.010205
6.852;0.011027
6.853;0.011356
6.854;0.012177
6.855;0.010698
6.856;0.011849
6.857;0.012177
6.858;0.012999
6.859;0.011191
6.86;0.012013
6.861;0.01152
6.862;0.012013
6.863;0.012671
6.864;0.014479
6.865;0.012506
6.866;0.015958
6.867;0.016123
6.868;0.016945
6.869;0.019082
6.87;0.019246
6.871;0.019575
6.872;0.020068
6.873;0.021712
6.874;0.019575
6.875;0.019082
6.876;0.019411
6.877;0.021219
6.878;0.020561
6.879;0.020561
6.88;0.021548
6.881;0.024013
6.882;0.023685
6.883;0.025
6.884;0.02615
6.885;0.027794
6.886;0.029438
6.887;0.029931
6.888;0.031904
6.889;0.030425
6.89;0.032233
6.891;0.031247
6.892;0.031575
6.893;0.031411
6.894;0.031904
6.895;0.032233
6.896;0.033712
6.897;0.034534
6.898;0.035521
6.899;0.036014
6.9;0.037658
6.901;0.039302
6.902;0.040123
6.903;0.042589
6.904;0.041932
6.905;0.042096
6.906;0.042589
6.907;0.045384
6.908;0.044233
6.909;0.044069
6.91;0.044398
6.911;0.04374
6.912;0.045548
6.913;0.046863
6.914;0.047521
6.915;0.047685
6.916;0.049822
6.917;0.052124
6.918;0.054261
6.919;0.054754
6.92;0.056562
6.921;0.056398
6.922;0.058042
6.923;0.056891
6.924;0.056727
6.925;0.057877
6.926;0.058535
6.927;0.058206
6.928;0.059686
6.929;0.060836
6.93;0.061823
6.931;0.063467
6.932;0.063631
6.933;0.065111
6.934;0.066426
6.935;0.067576
6.936;0.06922
6.937;0.07185
6.938;0.070042
6.939;0.07185
6.94;0.070371
6.941;0.071193
6.942;0.070864
6.943;0.071193
6.944;0.072179
6.945;0.072837
6.946;0.073823
6.947;0.073987
6.948;0.075467
6.949;0.076618
6.95;0.077768
6.951;0.078097
6.952;0.082207
6.953;0.082207
6.954;0.080892
6.955;0.081549
6.956;0.083193
6.957;0.0827
6.958;0.080727
6.959;0.080727
6.96;0.080892
6.961;0.081385
6.962;0.081056
6.963;0.081714
6.964;0.082536
6.965;0.081714
6.966;0.082043
6.967;0.08418
6.968;0.082371
6.969;0.082864
6.97;0.080727
6.971;0.082371
6.972;0.081549
6.973;0.081056
6.974;0.079577
6.975;0.077111
6.976;0.076946
6.977;0.07596
6.978;0.075631
6.979;0.073823
6.98;0.072837
6.981;0.072179
6.982;0.073166
6.983;0.071522
6.984;0.071522
6.985;0.06922
6.986;0.069549
6.987;0.068563
6.988;0.066754
6.989;0.064782
6.99;0.063631
6.991;0.062152
6.992;0.058864
6.993;0.058699
6.994;0.056398
6.995;0.054261
6.996;0.054261
6.997;0.053768
6.998;0.052124
6.999;0.05048
7;0.049329
7.001;0.049658
7.002;0.048014
7.003;0.046535
7.004;0.04637
7.005;0.044398
7.006;0.043247
7.007;0.042096
7.008;0.038808
7.009;0.037986
7.01;0.036014
7.011;0.033548
7.012;0.032562
7.013;0.031904
7.014;0.031082
7.015;0.030753
7.016;0.030753
7.017;0.029109
7.018;0.028781
7.019;0.026315
7.02;0.026479
7.021;0.025986
7.022;0.024178
7.023;0.023027
7.024;0.020232
7.025;0.020561
7.026;0.018589
7.027;0.018424
7.028;0.016452
7.029;0.015136
7.03;0.015136
7.031;0.014972
7.032;0.013821
7.033;0.013493
7.034;0.013328
7.035;0.011684
7.036;0.013328
7.037;0.012999
7.038;0.011684
7.039;0.009218
7.04;0.009383
7.041;0.006917
7.042;0.009054
7.043;0.006424
7.044;0.005273
7.045;0.003958
7.046;0.004451
7.047;0.004616
7.048;0.003958
7.049;0.003301
7.05;0.002972
7.051;0.003794
7.052;0.002972
7.053;0.004451
7.054;0.003794
7.055;0.00215
7.056;0.000506
7.057;0.001328
7.058;0.00067
7.059;-0.000152
7.06;-0.002617
7.061;-0.001796
7.062;-0.003275
7.063;-0.003275
7.064;-0.002782
7.065;-0.003111
7.066;-0.004097
7.067;-0.003933
7.068;-0.002946
7.069;-0.003604
7.07;-0.003439
7.071;-0.002617
7.072;-0.003111
7.073;-0.004261
7.074;-0.005083
7.075;-0.004261
7.076;-0.004261
7.077;-0.006727
7.078;-0.008042
7.079;-0.00722
7.08;-0.005576
7.081;-0.00722
7.082;-0.006892
7.083;-0.00722
7.084;-0.005741
7.085;-0.005248
7.086;-0.005576
7.087;-0.004426
7.088;-0.004426
7.089;-0.005412
7.09;-0.005412
7.091;-0.003933
7.092;-0.005905
7.093;-0.006398
7.094;-0.008371
7.095;-0.009029
7.096;-0.007878
7.097;-0.009193
7.098;-0.007385
7.099;-0.008535
7.1;-0.008207
7.101;-0.007385
7.102;-0.005412
7.103;-0.005905
7.104;-0.006234
7.105;-0.006727
7.106;-0.00459
7.107;-0.005576
7.108;-0.007878
7.109;-0.007056
7.11;-0.00722
7.111;-0.008371
7.112;-0.007549
7.113;-0.008535
7.114;-0.008042
7.115;-0.007714
7.116;-0.008042
7.117;-0.005905
7.118;-0.007056
7.119;-0.004755
7.12;-0.00607
7.121;-0.004755
7.122;-0.006234
7.123;-0.005905
7.124;-0.006398
7.125;-0.00607
7.126;-0.006563
7.127;-0.00722
7.128;-0.007714
7.129;-0.00722
7.13;-0.005741
7.131;-0.006727
7.132;-0.006563
7.133;-0.007056
7.134;-0.00607
7.135;-0.004919
7.136;-0.003933
7.137;-0.003933
7.138;-0.004755
7.139;-0.003933
7.14;-0.003439
7.141;-0.00607
7.142;-0.008042
7.143;-0.007549
7.144;-0.007878
7.145;-0.006892
7.146;-0.007056
7.147;-0.007056
7.148;-0.006892
7.149;-0.008371
7.15;-0.005248
7.151;-0.004097
7.152;-0.004261
7.153;-0.003768
7.154;-0.003768
7.155;-0.003933
7.156;-0.004261
7.157;-0.004755
7.158;-0.005083
7.159;-0.006234
7.16;-0.006234
7.161;-0.005576
7.162;-0.006234
7.163;-0.005412
7.164;-0.005576
7.165;-0.005412
7.166;-0.003275
7.167;-0.003604
7.168;-0.002453
7.169;-0.002946
7.17;-0.001302
7.171;-0.002617
7.172;-0.003439
7.173;-0.003111
7.174;-0.003275
7.175;-0.003933
7.176;-0.004919
7.177;-0.005412
7.178;-0.005741
7.179;-0.005741
7.18;-0.00607
7.181;-0.00459
7.182;-0.005412
7.183;-0.00459
7.184;-0.003111
7.185;-0.002289
7.186;-0.002782
7.187;-0.003439
7.188;-0.003604
7.189;-0.002782
7.19;-0.002453
7.191;-0.003768
7.192;-0.004919
7.193;-0.006563
7.194;-0.005905
7.195;-0.004919
7.196;-0.004919
7.197;-0.005741
7.198;-0.005083
7.199;-0.004919
7.2;-0.002782
7.201;-0.003933
7.202;-0.002453
7.203;-0.002782
7.204;-0.001796
7.205;-0.003111
7.206;-0.003275
7.207;-0.003768
7.208;-0.003933
7.209;-0.004097
7.21;-0.005741
7.211;-0.00459
7.212;-0.005576
7.213;-0.005576
7.214;-0.006234
7.215;-0.004755
7.216;-0.005576
7.217;-0.004097
7.218;-0.003275
7.219;-0.002124
7.22;-0.001796
7.221;-0.002617
7.222;-0.003439
7.223;-0.003604
7.224;-0.003604
7.225;-0.004426
7.226;-0.005083
7.227;-0.005248
7.228;-0.005576
7.229;-0.00607
7.23;-0.004261
7.231;-0.004755
7.232;-0.005248
7.233;-0.005248
7.234;-0.002617
7.235;-0.003439
7.236;-0.002453
7.237;-0.002946
7.238;-0.002124
7.239;-0.002289
7.24;-0.003111
7.241;-0.003439
7.242;-0.004097
7.243;-0.005412
7.244;-0.005412
7.245;-0.00459
7.246;-0.005576
7.247;-0.00459
7.248;-0.003768
7.249;-0.004097
7.25;-0.004919
7.251;-0.003933
7.252;-0.003933
7.253;-0.002946
7.254;-0.002617
7.255;-0.003439
7.256;-0.002782
7.257;-0.003111
7.258;-0.003604
7.259;-0.003768
7.26;-0.005083
7.261;-0.005905
7.262;-0.006234
7.263;-0.005248
7.264;-0.004755
7.265;-0.004261
7.266;-0.004919
7.267;-0.003933
7.268;-0.003933
7.269;-0.002124
7.27;-0.002289
7.271;-0.002289
7.272;-0.003439
7.273;-0.003111
7.274;-0.002782
7.275;-0.003275
7.276;-0.00459
7.277;-0.005248
7.278;-0.005248
7.279;-0.005248
7.28;-0.004919
7.281;-0.00459
7.282;-0.004919
7.283;-0.005248
7.284;-0.003604
7.285;-0.002946
7.286;-0.002946
7.287;-0.002782
7.288;-0.003111
7.289;-0.002617
7.29;-0.002453
7.291;-0.004097
7.292;-0.004261
7.293;-0.004426
7.294;-0.00459
7.295;-0.005083
7.296;-0.005412
7.297;-0.005741
7.298;-0.004426
7.299;-0.005412
7.3;-0.005083
7.301;-0.003604
7.302;-0.003768
7.303;-0.002617
7.304;-0.003275
7.305;-0.001467
7.306;-0.002946
7.307;-0.003439
7.308;-0.003439
7.309;-0.004755
7.31;-0.005083
7.311;-0.005576
7.312;-0.004919
7.313;-0.004919
7.314;-0.005083
7.315;-0.005412
7.316;-0.005248
7.317;-0.004426
7.318;-0.002782
7.319;-0.002782
7.32;-0.001796
7.321;-0.002124
7.322;-0.002453
7.323;-0.002124
7.324;-0.002617
7.325;-0.003768
7.326;-0.005248
7.327;-0.004097
7.328;-0.00607
7.329;-0.005741
7.33;-0.00607
7.331;-0.00459
7.332;-0.004919
7.333;-0.005248
7.334;-0.004097
7.335;-0.003275
7.336;-0.003439
7.337;-0.002782
7.338;-0.002453
7.339;-0.001796
7.34;-0.003275
7.341;-0.003933
7.342;-0.00459
7.343;-0.005248
7.344;-0.00607
7.345;-0.006234
7.346;-0.00607
7.347;-0.005576
7.348;-0.004261
7.349;-0.005741
7.35;-0.002946
7.351;-0.003933
7.352;-0.003439
7.353;-0.002453
7.354;-0.001796
7.355;-0.002946
7.356;-0.002289
7.357;-0.003275
7.358;-0.003604
7.359;-0.004097
7.36;-0.005083
7.361;-0.005412
7.362;-0.005248
7.363;-0.004919
7.364;-0.005905
7.365;-0.004426
7.366;-0.004261
7.367;-0.003768
7.368;-0.001796
7.369;-0.000152
7.37;-0.000316
7.371;-0.000645
7.372;-0.000974
7.373;-0.000645
7.374;-0.001467
7.375;-0.004261
7.376;-0.005412
7.377;-0.00459
7.378;-0.005083
7.379;-0.005083
7.38;-0.005083
7.381;-0.00459
7.382;-0.003439
7.383;-0.004261
7.384;-0.003439
7.385;-0.002453
7.386;-0.002289
7.387;-0.002617
7.388;-0.002289
7.389;-0.002782
7.39;-0.003604
7.391;-0.003933
7.392;-0.00459
7.393;-0.005083
7.394;-0.006234
7.395;-0.005741
7.396;-0.005576
7.397;-0.005412
7.398;-0.005412
7.399;-0.004097
7.4;-0.00459
7.401;-0.002617
7.402;-0.002289
7.403;-0.000809
7.404;-0.002946
7.405;-0.003604
7.406;-0.003275
7.407;-0.002946
7.408;-0.003275
7.409;-0.003933
7.41;-0.00459
7.411;-0.003933
7.412;-0.002782
7.413;-0.003275
7.414;-0.002289
7.415;-0.002453
7.416;-0.003275
7.417;-0.000809
7.418;0.000835
7.419;0.001328
7.42;0.001657
7.421;0.001657
7.422;0.000835
7.423;0.001657
7.424;0.000835
7.425;0.001492
7.426;-0.000316
7.427;1.27E-05
7.428;-0.000152
7.429;0.000835
7.43;0.000177
7.431;0.001657
7.432;0.001821
7.433;0.003465
7.434;0.002972
7.435;0.004122
7.436;0.005273
7.437;0.005438
7.438;0.005109
7.439;0.005273
7.44;0.005273
7.441;0.00478
7.442;0.007081
7.443;0.005109
7.444;0.007081
7.445;0.005602
7.446;0.006917
7.447;0.00741
7.448;0.008068
7.449;0.007739
7.45;0.009383
7.451;0.010369
7.452;0.013164
7.453;0.013493
7.454;0.013986
7.455;0.01415
7.456;0.015465
7.457;0.015301
7.458;0.013821
7.459;0.014315
7.46;0.014972
7.461;0.014972
7.462;0.015301
7.463;0.017602
7.464;0.016945
7.465;0.017274
7.466;0.017109
7.467;0.018753
7.468;0.020068
7.469;0.019739
7.47;0.020561
7.471;0.020068
7.472;0.021383
7.473;0.019739
7.474;0.02089
7.475;0.018589
7.476;0.01826
7.477;0.01563
7.478;0.017109
7.479;0.014315
7.48;0.014972
7.481;0.01563
7.482;0.015794
7.483;0.013164
7.484;0.013657
7.485;0.013493
7.486;0.015301
7.487;0.016123
7.488;0.013328
7.489;0.013164
7.49;0.012177
7.491;0.011849
7.492;0.010862
7.493;0.010862
7.494;0.009054
7.495;0.007903
7.496;0.008068
7.497;0.008561
7.498;0.008068
7.499;0.005602
7.5;0.006259
7.501;0.007246
7.502;0.007081
7.503;0.006917
7.504;0.008397
7.505;0.007246
7.506;0.005766
7.507;0.00478
7.508;0.005273
7.509;0.003136
7.51;0.002479
7.511;0.001821
7.512;0.001492
7.513;0.000506
7.514;-0.000152
7.515;0.001328
7.516;0.000342
7.517;0.000835
7.518;0.001328
7.519;0.002643
7.52;0.001328
7.521;0.001328
7.522;-0.000645
7.523;0.000342
7.524;1.27E-05
7.525;-0.000645
7.526;-0.002946
7.527;-0.002289
7.528;-0.003111
7.529;-0.003439
7.53;-0.004426
7.531;-0.003604
7.532;-0.002946
7.533;-0.002617
7.534;-0.003275
7.535;-0.003275
7.536;-0.001302
7.537;-0.002289
7.538;-0.000809
7.539;-0.003439
7.54;-0.00196
7.541;-0.002617
7.542;-0.003275
7.543;-0.005576
7.544;-0.005905
7.545;-0.006398
7.546;-0.005412
7.547;-0.005248
7.548;-0.004755
7.549;-0.006563
7.55;-0.005905
7.551;-0.003604
7.552;-0.004261
7.553;-0.002124
7.554;-0.003933
7.555;-0.004426
7.556;-0.005248
7.557;-0.005248
7.558;-0.005576
7.559;-0.006563
7.56;-0.009193
7.561;-0.009522
7.562;-0.009686
7.563;-0.011494
7.564;-0.010837
7.565;-0.009851
7.566;-0.011494
7.567;-0.010344
7.568;-0.010344
7.569;-0.011988
7.57;-0.013467
7.571;-0.014453
7.572;-0.015769
7.573;-0.020043
7.574;-0.02218
7.575;-0.025139
7.576;-0.027605
7.577;-0.029084
7.578;-0.031714
7.579;-0.035166
7.58;-0.035331
7.581;-0.036481
7.582;-0.037468
7.583;-0.037139
7.584;-0.036646
7.585;-0.034673
7.586;-0.033029
7.587;-0.02744
7.588;-0.023824
7.589;-0.020371
7.59;-0.014125
7.591;-0.005576
7.592;0.003465
7.593;0.01004
7.594;0.021383
7.595;0.03174
7.596;0.04374
7.597;0.056398
7.598;0.070864
7.599;0.083193
7.6;0.096673
7.601;0.108838
7.602;0.12429
7.603;0.136948
7.604;0.14862
7.605;0.157826
7.606;0.170319
7.607;0.177717
7.608;0.183799
7.609;0.187415
7.61;0.189881
7.611;0.189059
7.612;0.183799
7.613;0.175908
7.614;0.16473
7.615;0.151414
7.616;0.135304
7.617;0.122318
7.618;0.107358
7.619;0.094372
7.62;0.081056
7.621;0.071522
7.622;0.06133
7.623;0.051302
7.624;0.043082
7.625;0.033219
7.626;0.026479
7.627;0.018424
7.628;0.013986
7.629;0.009383
7.63;0.004944
7.631;0.000835
7.632;-0.000316
7.633;-0.004755
7.634;-0.005741
7.635;-0.006727
7.636;-0.006234
7.637;-0.00722
7.638;-0.009522
7.639;-0.010015
7.64;-0.010508
7.641;-0.009686
7.642;-0.012645
7.643;-0.011166
7.644;-0.01133
7.645;-0.010508
7.646;-0.01133
7.647;-0.007549
7.648;-0.005412
7.649;-0.003439
7.65;-0.002617
7.651;0.000342
7.652;0.000999
7.653;0.003958
7.654;0.005109
7.655;0.006917
7.656;0.008397
7.657;0.007246
7.658;0.00741
7.659;0.008068
7.66;0.007575
7.661;0.009054
7.662;0.00741
7.663;0.007903
7.664;0.008068
7.665;0.007903
7.666;0.008068
7.667;0.007575
7.668;0.008068
7.669;0.007739
7.67;0.007575
7.671;0.00741
7.672;0.006917
7.673;0.006917
7.674;0.005109
7.675;0.00478
7.676;0.002643
7.677;0.004122
7.678;0.002479
7.679;0.002972
7.68;0.003136
7.681;0.003629
7.682;0.003301
7.683;0.002479
7.684;0.004287
7.685;0.004944
7.686;0.005273
7.687;0.005602
7.688;0.006588
7.689;0.007081
7.69;0.006095
7.691;0.00478
7.692;0.00478
7.693;0.005109
7.694;0.002972
7.695;0.004944
7.696;0.004616
7.697;0.004944
7.698;0.005931
7.699;0.006753
7.7;0.006259
7.701;0.007739
7.702;0.008725
7.703;0.009712
7.704;0.009218
7.705;0.009383
7.706;0.009054
7.707;0.01152
7.708;0.009876
7.709;0.009712
7.71;0.008725
7.711;0.008725
7.712;0.009218
7.713;0.01004
7.714;0.010369
7.715;0.011684
7.716;0.011684
7.717;0.012506
7.718;0.01415
7.719;0.014972
7.72;0.016616
7.721;0.016287
7.722;0.017274
7.723;0.016945
7.724;0.017438
7.725;0.017767
7.726;0.01826
7.727;0.016287
7.728;0.017438
7.729;0.017438
7.73;0.01826
7.731;0.019739
7.732;0.020068
7.733;0.019082
7.734;0.022863
7.735;0.023685
7.736;0.025164
7.737;0.026808
7.738;0.025822
7.739;0.027466
7.74;0.026479
7.741;0.028288
7.742;0.027301
7.743;0.027137
7.744;0.02763
7.745;0.027959
7.746;0.029109
7.747;0.029274
7.748;0.031247
7.749;0.031575
7.75;0.033712
7.751;0.033548
7.752;0.035027
7.753;0.036343
7.754;0.037329
7.755;0.037658
7.756;0.039959
7.757;0.039959
7.758;0.039302
7.759;0.037986
7.76;0.040123
7.761;0.039959
7.762;0.040617
7.763;0.040288
7.764;0.043411
7.765;0.043576
7.766;0.043247
7.767;0.04637
7.768;0.046206
7.769;0.048507
7.77;0.048672
7.771;0.051959
7.772;0.052124
7.773;0.052288
7.774;0.053275
7.775;0.05459
7.776;0.054096
7.777;0.053768
7.778;0.053768
7.779;0.054096
7.78;0.054918
7.781;0.055905
7.782;0.057384
7.783;0.056891
7.784;0.06133
7.785;0.061987
7.786;0.065604
7.787;0.065111
7.788;0.065275
7.789;0.065768
7.79;0.067741
7.791;0.067083
7.792;0.066754
7.793;0.066754
7.794;0.067083
7.795;0.067905
7.796;0.069056
7.797;0.069549
7.798;0.069549
7.799;0.072837
7.8;0.071193
7.801;0.074974
7.802;0.074974
7.803;0.076946
7.804;0.07744
7.805;0.078755
7.806;0.078097
7.807;0.078919
7.808;0.077275
7.809;0.078262
7.81;0.07859
7.811;0.079905
7.812;0.079084
7.813;0.079248
7.814;0.080727
7.815;0.081549
7.816;0.081385
7.817;0.081385
7.818;0.083686
7.819;0.08418
7.82;0.084508
7.821;0.084508
7.822;0.081878
7.823;0.081714
7.824;0.082371
7.825;0.081549
7.826;0.079905
7.827;0.07859
7.828;0.078097
7.829;0.07744
7.83;0.078426
7.831;0.077933
7.832;0.077111
7.833;0.075796
7.834;0.074809
7.835;0.076946
7.836;0.07596
7.837;0.075303
7.838;0.074316
7.839;0.073001
7.84;0.071686
7.841;0.069549
7.842;0.06659
7.843;0.064946
7.844;0.064617
7.845;0.062645
7.846;0.062645
7.847;0.060508
7.848;0.060343
7.849;0.058699
7.85;0.05722
7.851;0.054754
7.852;0.055247
7.853;0.054261
7.854;0.053768
7.855;0.051795
7.856;0.051302
7.857;0.048507
7.858;0.046535
7.859;0.046041
7.86;0.042261
7.861;0.042261
7.862;0.039959
7.863;0.03963
7.864;0.037986
7.865;0.037822
7.866;0.034863
7.867;0.033384
7.868;0.033548
7.869;0.035192
7.87;0.034699
7.871;0.032397
7.872;0.030096
7.873;0.029109
7.874;0.028288
7.875;0.025822
7.876;0.025164
7.877;0.022863
7.878;0.021712
7.879;0.019739
7.88;0.020397
7.881;0.019246
7.882;0.019739
7.883;0.017438
7.884;0.018095
7.885;0.017602
7.886;0.015958
7.887;0.016287
7.888;0.015301
7.889;0.01415
7.89;0.013493
7.891;0.013164
7.892;0.011191
7.893;0.009876
7.894;0.008725
7.895;0.007903
7.896;0.007081
7.897;0.006095
7.898;0.006095
7.899;0.006259
7.9;0.006095
7.901;0.005766
7.902;0.004944
7.903;0.005931
7.904;0.006424
7.905;0.004287
7.906;0.004122
7.907;0.003465
7.908;0.002643
7.909;0.001492
7.91;0.000835
7.911;-0.001138
7.912;-0.001302
7.913;-0.001796
7.914;-0.000809
7.915;-0.000974
7.916;-0.002124
7.917;-0.001467
7.918;-0.001467
7.919;-0.00048
7.92;-0.000316
7.921;-0.001138
7.922;-0.002782
7.923;-0.002453
7.924;-0.003275
7.925;-0.003933
7.926;-0.00459
7.927;-0.005412
7.928;-0.00722
7.929;-0.00607
7.93;-0.007056
7.931;-0.006727
7.932;-0.005576
7.933;-0.005905
7.934;-0.00607
7.935;-0.004919
7.936;-0.004097
7.937;-0.005905
7.938;-0.005083
7.939;-0.005083
7.94;-0.005248
7.941;-0.005248
7.942;-0.006727
7.943;-0.007714
7.944;-0.007714
7.945;-0.007549
7.946;-0.008535
7.947;-0.008371
7.948;-0.008371
7.949;-0.006727
7.95;-0.007714
7.951;-0.006727
7.952;-0.006234
7.953;-0.006398
7.954;-0.006234
7.955;-0.005248
7.956;-0.007878
7.957;-0.006234
7.958;-0.006398
7.959;-0.006727
7.96;-0.008864
7.961;-0.009686
7.962;-0.008207
7.963;-0.008042
7.964;-0.007878
7.965;-0.008371
7.966;-0.006563
7.967;-0.006727
7.968;-0.006398
7.969;-0.007385
7.97;-0.005248
7.971;-0.005576
7.972;-0.005576
7.973;-0.005412
7.974;-0.004919
7.975;-0.006398
7.976;-0.007714
7.977;-0.007878
7.978;-0.008207
7.979;-0.0087
7.98;-0.009193
7.981;-0.008864
7.982;-0.006563
7.983;-0.008042
7.984;-0.006398
7.985;-0.004426
7.986;-0.004755
7.987;-0.003933
7.988;-0.00459
7.989;-0.004097
7.99;-0.005248
7.991;-0.005741
7.992;-0.005905
7.993;-0.00607
7.994;-0.00722
7.995;-0.008535
7.996;-0.008864
7.997;-0.008042
7.998;-0.007056
7.999;-0.006892
8;-0.00607
8.001;-0.00607
8.002;-0.004426
8.003;-0.004919
8.004;-0.003439
8.005;-0.005248
8.006;-0.004261
8.007;-0.004426
8.008;-0.004426
8.009;-0.005741
8.01;-0.006563
8.011;-0.006727
8.012;-0.006892
8.013;-0.006563
8.014;-0.007056
8.015;-0.005741
8.016;-0.005412
8.017;-0.004919
8.018;-0.00459
8.019;-0.002124
8.02;-0.002946
8.021;-0.002617
8.022;-0.004097
8.023;-0.002453
8.024;-0.003604
8.025;-0.003933
8.026;-0.004919
8.027;-0.005905
8.028;-0.006398
8.029;-0.005905
8.03;-0.006563
8.031;-0.005741
8.032;-0.003933
8.033;-0.004919
8.034;-0.004261
8.035;-0.003768
8.036;-0.002782
8.037;-0.002782
8.038;-0.001796
8.039;-0.002617
8.04;-0.003933
8.041;-0.004097
8.042;-0.004261
8.043;-0.004755
8.044;-0.005083
8.045;-0.005741
8.046;-0.005576
8.047;-0.005412
8.048;-0.005905
8.049;-0.005083
8.05;-0.004426
8.051;-0.003439
8.052;-0.003275
8.053;-0.001138
8.054;-0.002946
8.055;-0.001631
8.056;-0.003275
8.057;-0.003275
8.058;-0.003768
8.059;-0.005083
8.06;-0.005741
8.061;-0.005741
8.062;-0.004919
8.063;-0.00607
8.064;-0.005248
8.065;-0.004261
8.066;-0.003604
8.067;-0.005248
8.068;-0.002124
8.069;-0.003111
8.07;-0.002453
8.071;-0.003933
8.072;-0.002782
8.073;-0.003275
8.074;-0.003768
8.075;-0.003275
8.076;-0.005083
8.077;-0.004426
8.078;-0.005905
8.079;-0.005248
8.08;-0.006234
8.081;-0.004261
8.082;-0.004755
8.083;-0.003439
8.084;-0.004919
8.085;-0.002782
8.086;-0.003111
8.087;-0.002617
8.088;-0.003275
8.089;-0.002946
8.09;-0.003275
8.091;-0.004261
8.092;-0.003275
8.093;-0.00459
8.094;-0.005576
8.095;-0.00607
8.096;-0.00459
8.097;-0.005905
8.098;-0.00459
8.099;-0.006398
8.1;-0.004426
8.101;-0.003604
8.102;-0.002453
8.103;-0.00196
8.104;-0.002617
8.105;-0.003604
8.106;-0.003768
8.107;-0.002946
8.108;-0.004426
8.109;-0.003933
8.11;-0.006234
8.111;-0.005412
8.112;-0.006727
8.113;-0.004426
8.114;-0.004755
8.115;-0.004426
8.116;-0.004755
8.117;-0.003439
8.118;-0.002782
8.119;-0.003604
8.12;-0.002289
8.121;-0.003768
8.122;-0.002782
8.123;-0.003275
8.124;-0.002289
8.125;-0.005412
8.126;-0.004097
8.127;-0.006234
8.128;-0.004755
8.129;-0.005248
8.13;-0.005576
8.131;-0.006892
8.132;-0.004919
8.133;-0.005576
8.134;-0.003933
8.135;-0.003439
8.136;-0.003604
8.137;-0.002453
8.138;-0.002946
8.139;-0.003111
8.14;-0.002946
8.141;-0.003439
8.142;-0.004919
8.143;-0.005083
8.144;-0.006398
8.145;-0.00607
8.146;-0.005576
8.147;-0.004755
8.148;-0.005248
8.149;-0.005083
8.15;-0.004426
8.151;-0.003933
8.152;-0.003111
8.153;-0.003604
8.154;-0.002124
8.155;-0.003111
8.156;-0.004097
8.157;-0.003111
8.158;-0.002946
8.159;-0.003604
8.16;-0.005576
8.161;-0.005248
8.162;-0.004755
8.163;-0.006398
8.164;-0.005741
8.165;-0.005248
8.166;-0.005083
8.167;-0.004261
8.168;-0.004261
8.169;-0.003439
8.17;-0.002289
8.171;-0.002453
8.172;-0.003275
8.173;-0.002782
8.174;-0.002782
8.175;-0.003768
8.176;-0.004261
8.177;-0.004755
8.178;-0.006234
8.179;-0.005412
8.18;-0.00607
8.181;-0.006234
8.182;-0.003439
8.183;-0.005412
8.184;-0.004426
8.185;-0.004097
8.186;-0.002617
8.187;-0.00196
8.188;-0.002124
8.189;-0.002453
8.19;-0.003933
8.191;-0.003439
8.192;-0.003768
8.193;-0.005248
8.194;-0.00459
8.195;-0.004919
8.196;-0.005083
8.197;-0.005905
8.198;-0.005576
8.199;-0.004426
8.2;-0.004755
8.201;-0.003275
8.202;-0.003933
8.203;-0.001467
8.204;-0.002946
8.205;-0.002289
8.206;-0.003439
8.207;-0.002289
8.208;-0.003439
8.209;-0.005412
8.21;-0.006727
8.211;-0.004426
8.212;-0.005576
8.213;-0.00607
8.214;-0.004919
8.215;-0.005741
8.216;-0.004261
8.217;-0.00459
8.218;-0.002617
8.219;-0.004261
8.22;-0.003439
8.221;-0.003439
8.222;-0.002124
8.223;-0.003768
8.224;-0.001631
8.225;-0.002124
8.226;-0.003439
8.227;-0.004261
8.228;-0.005083
8.229;-0.005083
8.23;-0.004426
8.231;-0.005576
8.232;-0.003275
8.233;-0.003111
8.234;-0.004919
8.235;-0.002289
8.236;-0.002453
8.237;-0.001467
8.238;-0.00196
8.239;-0.002453
8.24;-0.003111
8.241;-0.002289
8.242;-0.00459
8.243;-0.004755
8.244;-0.005576
8.245;-0.005248
8.246;-0.00607
8.247;-0.005412
8.248;-0.004919
8.249;-0.003933
8.25;-0.00459
8.251;-0.004261
8.252;-0.002124
8.253;-0.003439
8.254;-0.002782
8.255;-0.003768
8.256;-0.003604
8.257;-0.002782
8.258;-0.004919
8.259;-0.004755
8.26;-0.005083
8.261;-0.005576
8.262;-0.00607
8.263;-0.004755
8.264;-0.004755
8.265;-0.003768
8.266;-0.002946
8.267;-0.002289
8.268;-0.00196
8.269;-0.000316
8.27;-0.000809
8.271;0.00067
8.272;-0.000152
8.273;1.27E-05
8.274;-0.001138
8.275;-0.000645
8.276;-0.000152
8.277;-0.000645
8.278;-0.00048
8.279;-0.001302
8.28;-0.000645
8.281;-0.001138
8.282;0.00067
8.283;0.001328
8.284;0.001985
8.285;0.001657
8.286;0.003629
8.287;0.004451
8.288;0.003958
8.289;0.003136
8.29;0.003301
8.291;0.004287
8.292;0.003136
8.293;0.003301
8.294;0.003465
8.295;0.002972
8.296;0.003301
8.297;0.004451
8.298;0.004944
8.299;0.006753
8.3;0.005766
8.301;0.008068
8.302;0.010534
8.303;0.009383
8.304;0.010534
8.305;0.009876
8.306;0.011191
8.307;0.010698
8.308;0.011356
8.309;0.011027
8.31;0.01152
8.311;0.011356
8.312;0.012506
8.313;0.012671
8.314;0.013328
8.315;0.012177
8.316;0.015465
8.317;0.01563
8.318;0.017274
8.319;0.017767
8.32;0.018917
8.321;0.020397
8.322;0.019904
8.323;0.019082
8.324;0.019246
8.325;0.020068
8.326;0.019082
8.327;0.018424
8.328;0.017767
8.329;0.01678
8.33;0.017602
8.331;0.018095
8.332;0.017767
8.333;0.017767
8.334;0.015958
8.335;0.017109
8.336;0.01678
8.337;0.017602
8.338;0.01678
8.339;0.015794
8.34;0.015794
8.341;0.014808
8.342;0.014808
8.343;0.012342
8.344;0.010698
8.345;0.01004
8.346;0.010369
8.347;0.009547
8.348;0.009876
8.349;0.009712
8.35;0.009218
8.351;0.009547
8.352;0.010534
8.353;0.010369
8.354;0.009218
8.355;0.008561
8.356;0.006917
8.357;0.008068
8.358;0.006588
8.359;0.005931
8.36;0.005438
8.361;0.004122
8.362;0.003465
8.363;0.002807
8.364;0.002479
8.365;0.002972
8.366;0.002972
8.367;0.002643
8.368;0.002314
8.369;0.002643
8.37;0.002972
8.371;0.003136
8.372;0.002314
8.373;0.000835
8.374;0.001985
8.375;0.001492
8.376;-0.000316
8.377;-0.001138
8.378;-0.003275
8.379;-0.002617
8.38;-0.001796
8.381;-0.002124
8.382;-0.001631
8.383;-0.001796
8.384;-0.003111
8.385;-0.001796
8.386;-0.001631
8.387;-0.000152
8.388;-0.001631
8.389;-0.001796
8.39;-0.002782
8.391;-0.001631
8.392;-0.003275
8.393;-0.004919
8.394;-0.004261
8.395;-0.005083
8.396;-0.005083
8.397;-0.006563
8.398;-0.005576
8.399;-0.004426
8.4;-0.00459
8.401;-0.004755
8.402;-0.003111
8.403;-0.003275
8.404;-0.002782
8.405;-0.002946
8.406;-0.003933
8.407;-0.004426
8.408;-0.005083
8.409;-0.00459
8.41;-0.005576
8.411;-0.005905
8.412;-0.007714
8.413;-0.008535
8.414;-0.008207
8.415;-0.00722
8.416;-0.007878
8.417;-0.008042
8.418;-0.008042
8.419;-0.007056
8.42;-0.007385
8.421;-0.007385
8.422;-0.009357
8.423;-0.010015
8.424;-0.010837
8.425;-0.011494
8.426;-0.014125
8.427;-0.016755
8.428;-0.019221
8.429;-0.02218
8.43;-0.024317
8.431;-0.025961
8.432;-0.027111
8.433;-0.028755
8.434;-0.031221
8.435;-0.032865
8.436;-0.032207
8.437;-0.034016
8.438;-0.034673
8.439;-0.035824
8.44;-0.035166
8.441;-0.034509
8.442;-0.035495
8.443;-0.03155
8.444;-0.026783
8.445;-0.022673
8.446;-0.01544
8.447;-0.007549
8.448;0.001328
8.449;0.011027
8.45;0.021219
8.451;0.03437
8.452;0.04637
8.453;0.05985
8.454;0.07333
8.455;0.086152
8.456;0.096837
8.457;0.109824
8.458;0.124126
8.459;0.133989
8.46;0.146154
8.461;0.156839
8.462;0.166538
8.463;0.174429
8.464;0.182648
8.465;0.18758
8.466;0.190374
8.467;0.189552
8.468;0.185772
8.469;0.178045
8.47;0.167524
8.471;0.154373
8.472;0.137935
8.473;0.121824
8.474;0.107358
8.475;0.092728
8.476;0.078755
8.477;0.068398
8.478;0.057384
8.479;0.048179
8.48;0.041603
8.481;0.03289
8.482;0.025657
8.483;0.020232
8.484;0.015136
8.485;0.010862
8.486;0.007246
8.487;0.003629
8.488;0.000506
8.489;-0.00196
8.49;-0.003768
8.491;-0.007878
8.492;-0.007878
8.493;-0.01133
8.494;-0.011659
8.495;-0.012481
8.496;-0.012481
8.497;-0.012645
8.498;-0.012481
8.499;-0.011988
8.5;-0.010179
8.501;-0.009357
8.502;-0.007549
8.503;-0.00607
8.504;-0.003111
8.505;-0.001631
8.506;1.27E-05
8.507;1.27E-05
8.508;0.000999
8.509;0.003136
8.51;0.003629
8.511;0.00478
8.512;0.005602
8.513;0.005273
8.514;0.007081
8.515;0.007903
8.516;0.008561
8.517;0.008725
8.518;0.008561
8.519;0.010698
8.52;0.011027
8.521;0.010862
8.522;0.009218
8.523;0.006917
8.524;0.008561
8.525;0.00741
8.526;0.005438
8.527;0.00478
8.528;0.003794
8.529;0.004287
8.53;0.004944
8.531;0.003958
8.532;0.002643
8.533;0.003794
8.534;0.006259
8.535;0.005766
8.536;0.005109
8.537;0.004944
8.538;0.005602
8.539;0.00478
8.54;0.00478
8.541;0.004616
8.542;0.004122
8.543;0.004122
8.544;0.003794
8.545;0.003136
8.546;0.002479
8.547;0.003794
8.548;0.004287
8.549;0.005602
8.55;0.003794
8.551;0.006259
8.552;0.006095
8.553;0.006917
8.554;0.008397
8.555;0.006917
8.556;0.007246
8.557;0.007575
8.558;0.008397
8.559;0.007739
8.56;0.008725
8.561;0.007739
8.562;0.00741
8.563;0.007246
8.564;0.008725
8.565;0.00889
8.566;0.009547
8.567;0.010534
8.568;0.009547
8.569;0.012013
8.57;0.012671
8.571;0.013493
8.572;0.013493
8.573;0.014315
8.574;0.014479
8.575;0.014479
8.576;0.012999
8.577;0.013328
8.578;0.01415
8.579;0.016452
8.58;0.015301
8.581;0.015958
8.582;0.015465
8.583;0.016616
8.584;0.019904
8.585;0.019246
8.586;0.02089
8.587;0.020397
8.588;0.022863
8.589;0.022534
8.59;0.024178
8.591;0.022534
8.592;0.02352
8.593;0.022863
8.594;0.025329
8.595;0.024013
8.596;0.025
8.597;0.024835
8.598;0.026479
8.599;0.027794
8.6;0.030096
8.601;0.029767
8.602;0.030753
8.603;0.031904
8.604;0.031575
8.605;0.034041
8.606;0.033548
8.607;0.035849
8.608;0.035192
8.609;0.034863
8.61;0.035685
8.611;0.034699
8.612;0.035849
8.613;0.035356
8.614;0.037822
8.615;0.037329
8.616;0.040781
8.617;0.040123
8.618;0.042096
8.619;0.04374
8.62;0.046041
8.621;0.045548
8.622;0.046206
8.623;0.04785
8.624;0.048179
8.625;0.047521
8.626;0.049
8.627;0.048836
8.628;0.049658
8.629;0.049987
8.63;0.050151
8.631;0.051466
8.632;0.053932
8.633;0.053932
8.634;0.055247
8.635;0.05722
8.636;0.056562
8.637;0.058699
8.638;0.061001
8.639;0.06133
8.64;0.06133
8.641;0.063467
8.642;0.063795
8.643;0.064124
8.644;0.063795
8.645;0.062316
8.646;0.064617
8.647;0.064946
8.648;0.067412
8.649;0.068398
8.65;0.068727
8.651;0.068234
8.652;0.070535
8.653;0.071686
8.654;0.073659
8.655;0.073987
8.656;0.073823
8.657;0.074481
8.658;0.074974
8.659;0.075796
8.66;0.075631
8.661;0.075138
8.662;0.075796
8.663;0.077275
8.664;0.077275
8.665;0.078426
8.666;0.080563
8.667;0.079741
8.668;0.080727
8.669;0.083029
8.67;0.082207
8.671;0.082864
8.672;0.083851
8.673;0.083686
8.674;0.083851
8.675;0.081878
8.676;0.081056
8.677;0.080892
8.678;0.079741
8.679;0.080234
8.68;0.080234
8.681;0.079577
8.682;0.079577
8.683;0.079741
8.684;0.080727
8.685;0.081056
8.686;0.079741
8.687;0.079741
8.688;0.080399
8.689;0.07859
8.69;0.076782
8.691;0.076125
8.692;0.073659
8.693;0.073494
8.694;0.071193
8.695;0.0707
8.696;0.06922
8.697;0.067248
8.698;0.064946
8.699;0.065932
8.7;0.064453
8.701;0.064946
8.702;0.063302
8.703;0.064617
8.704;0.062152
8.705;0.059193
8.706;0.058206
8.707;0.056727
8.708;0.055083
8.709;0.055083
8.71;0.052124
8.711;0.051138
8.712;0.048179
8.713;0.046041
8.714;0.045055
8.715;0.043904
8.716;0.044726
8.717;0.042589
8.718;0.043411
8.719;0.041767
8.72;0.039466
8.721;0.040781
8.722;0.038151
8.723;0.036671
8.724;0.035685
8.725;0.033219
8.726;0.031411
8.727;0.030753
8.728;0.028945
8.729;0.026972
8.73;0.026644
8.731;0.024013
8.732;0.022863
8.733;0.024835
8.734;0.023027
8.735;0.023191
8.736;0.021712
8.737;0.022205
8.738;0.020232
8.739;0.019082
8.74;0.019082
8.741;0.017767
8.742;0.016616
8.743;0.013986
8.744;0.013164
8.745;0.011849
8.746;0.011027
8.747;0.009876
8.748;0.010698
8.749;0.010534
8.75;0.01004
8.751;0.00889
8.752;0.009383
8.753;0.009054
8.754;0.009547
8.755;0.008068
8.756;0.007575
8.757;0.00741
8.758;0.005438
8.759;0.005438
8.76;0.003301
8.761;0.002479
8.762;0.001328
8.763;0.00215
8.764;0.000835
8.765;0.00067
8.766;0.00215
8.767;0.001985
8.768;0.000999
8.769;0.00067
8.77;0.002479
8.771;0.001328
8.772;0.000177
8.773;0.000342
8.774;0.000342
8.775;-0.001631
8.776;-0.002782
8.777;-0.003768
8.778;-0.003275
8.779;-0.004426
8.78;-0.005741
8.781;-0.005905
8.782;-0.003604
8.783;-0.004755
8.784;-0.005576
8.785;-0.00607
8.786;-0.004426
8.787;-0.003111
8.788;-0.003111
8.789;-0.003933
8.79;-0.005083
8.791;-0.003933
8.792;-0.00607
8.793;-0.005412
8.794;-0.007714
8.795;-0.007878
8.796;-0.009357
8.797;-0.007385
8.798;-0.007714
8.799;-0.00722
8.8;-0.006727
8.801;-0.006892
8.802;-0.00459
8.803;-0.004755
8.804;-0.004755
8.805;-0.005741
8.806;-0.004919
8.807;-0.00607
8.808;-0.005248
8.809;-0.00722
8.81;-0.008371
8.811;-0.009029
8.812;-0.008371
8.813;-0.009522
8.814;-0.008864
8.815;-0.0087
8.816;-0.006892
8.817;-0.007056
8.818;-0.005741
8.819;-0.006563
8.82;-0.005576
8.821;-0.006234
8.822;-0.005576
8.823;-0.005412
8.824;-0.005248
8.825;-0.006398
8.826;-0.00722
8.827;-0.006892
8.828;-0.009029
8.829;-0.008864
8.83;-0.008535
8.831;-0.007714
8.832;-0.007714
8.833;-0.008042
8.834;-0.007385
8.835;-0.006563
8.836;-0.005905
8.837;-0.004755
8.838;-0.002782
8.839;-0.005576
8.84;-0.004919
8.841;-0.004426
8.842;-0.004755
8.843;-0.006398
8.844;-0.007549
8.845;-0.007714
8.846;-0.007385
8.847;-0.007385
8.848;-0.007385
8.849;-0.00607
8.85;-0.005248
8.851;-0.005905
8.852;-0.006234
8.853;-0.004097
8.854;-0.004097
8.855;-0.004426
8.856;-0.004261
8.857;-0.004426
8.858;-0.006563
8.859;-0.006398
8.86;-0.005741
8.861;-0.006727
8.862;-0.007056
8.863;-0.006727
8.864;-0.007385
8.865;-0.005576
8.866;-0.004755
8.867;-0.006234
8.868;-0.004097
8.869;-0.005412
8.87;-0.003111
8.871;-0.00196
8.872;-0.002617
8.873;-0.004261
8.874;-0.004261
8.875;-0.00459
8.876;-0.005083
8.877;-0.005083
8.878;-0.005412
8.879;-0.006234
8.88;-0.005248
8.881;-0.005083
8.882;-0.004919
8.883;-0.004426
8.884;-0.005248
8.885;-0.003275
8.886;-0.003439
8.887;-0.002289
8.888;-0.003111
8.889;-0.00196
8.89;-0.002124
8.891;-0.002453
8.892;-0.002946
8.893;-0.005576
8.894;-0.005741
8.895;-0.006234
8.896;-0.005083
8.897;-0.005576
8.898;-0.00459
8.899;-0.003933
8.9;-0.003439
8.901;-0.004261
8.902;-0.002782
8.903;-0.002617
8.904;-0.001631
8.905;-0.002289
8.906;-0.001796
8.907;-0.004097
8.908;-0.003439
8.909;-0.003439
8.91;-0.005576
8.911;-0.004919
8.912;-0.004755
8.913;-0.005248
8.914;-0.005741
8.915;-0.004261
8.916;-0.003933
8.917;-0.004097
8.918;-0.003604
8.919;-0.002124
8.92;-0.003604
8.921;-0.000645
8.922;-0.003933
8.923;-0.002617
8.924;-0.002617
8.925;-0.004261
8.926;-0.004755
8.927;-0.00459
8.928;-0.003439
8.929;-0.005412
8.93;-0.005576
8.931;-0.005083
8.932;-0.00459
8.933;-0.003604
8.934;-0.003111
8.935;-0.003111
8.936;-0.001631
8.937;-0.002782
8.938;-0.002453
8.939;-0.002782
8.94;-0.003768
8.941;-0.002289
8.942;-0.003933
8.943;-0.004919
8.944;-0.004919
8.945;-0.00607
8.946;-0.00607
8.947;-0.005412
8.948;-0.004755
8.949;-0.005248
8.95;-0.004426
8.951;-0.002782
8.952;-0.003111
8.953;-0.002124
8.954;-0.002617
8.955;-0.003111
8.956;-0.003275
8.957;-0.003768
8.958;-0.003768
8.959;-0.004097
8.96;-0.005741
8.961;-0.005741
8.962;-0.004426
8.963;-0.005412
8.964;-0.005083
8.965;-0.005412
8.966;-0.003604
8.967;-0.004261
8.968;-0.003933
8.969;-0.002946
8.97;-0.002782
8.971;-0.002782
8.972;-0.00196
8.973;-0.003604
8.974;-0.002289
8.975;-0.002946
8.976;-0.00459
8.977;-0.004261
8.978;-0.005905
8.979;-0.005576
8.98;-0.004755
8.981;-0.004097
8.982;-0.004426
8.983;-0.003111
8.984;-0.004919
8.985;-0.003933
8.986;-0.003275
8.987;-0.002617
8.988;-0.001631
8.989;-0.002453
8.99;-0.002124
8.991;-0.003439
8.992;-0.003604
8.993;-0.004261
8.994;-0.004755
8.995;-0.006234
8.996;-0.00459
8.997;-0.005741
8.998;-0.004426
8.999;-0.005083
9;-0.004097
9.001;-0.004097
9.002;-0.003439
9.003;-0.004426
9.004;-0.002289
9.005;-0.002453
9.006;-0.002453
9.007;-0.002289
9.008;-0.002782
9.009;-0.004097
9.01;-0.005083
9.011;-0.00459
9.012;-0.005576
9.013;-0.005576
9.014;-0.005412
9.015;-0.005576
9.016;-0.003768
9.017;-0.004755
9.018;-0.003604
9.019;-0.003933
9.02;-0.003275
9.021;-0.002289
9.022;-0.000974
9.023;-0.003111
9.024;-0.002124
9.025;-0.004426
9.026;-0.002946
9.027;-0.005248
9.028;-0.005083
9.029;-0.005412
9.03;-0.003933
9.031;-0.005412
9.032;-0.005741
9.033;-0.004426
9.034;-0.00459
9.035;-0.003933
9.036;-0.003439
9.037;-0.001302
9.038;-0.002124
9.039;-0.002617
9.04;-0.002453
9.041;-0.003275
9.042;-0.003933
9.043;-0.004426
9.044;-0.005905
9.045;-0.005083
9.046;-0.005412
9.047;-0.005576
9.048;-0.007056
9.049;-0.004755
9.05;-0.003768
9.051;-0.003439
9.052;-0.003275
9.053;-0.003439
9.054;-0.002289
9.055;-0.002946
9.056;-0.00196
9.057;-0.003275
9.058;-0.002782
9.059;-0.004426
9.06;-0.004919
9.061;-0.005083
9.062;-0.006398
9.063;-0.005741
9.064;-0.005083
9.065;-0.005083
9.066;-0.002782
9.067;-0.004261
9.068;-0.004097
9.069;-0.002782
9.07;-0.002617
9.071;-0.00196
9.072;-0.002617
9.073;-0.003111
9.074;-0.003275
9.075;-0.002289
9.076;-0.004426
9.077;-0.005412
9.078;-0.004755
9.079;-0.005741
9.08;-0.005248
9.081;-0.004261
9.082;-0.003933
9.083;-0.002453
9.084;-0.002289
9.085;-0.002453
9.086;-0.000974
9.087;-0.001302
9.088;-0.002289
9.089;-0.002124
9.09;-0.00196
9.091;-0.002453
9.092;-0.004261
9.093;-0.003768
9.094;-0.004919
9.095;-0.004919
9.096;-0.005576
9.097;-0.005083
9.098;-0.00459
9.099;-0.004426
9.1;-0.003439
9.101;-0.003275
9.102;-0.004097
9.103;-0.002617
9.104;-0.001796
9.105;-0.002124
9.106;-0.003111
9.107;-0.002289
9.108;-0.002289
9.109;-0.004755
9.11;-0.006563
9.111;-0.005412
9.112;-0.005741
9.113;-0.005576
9.114;-0.006398
9.115;-0.005083
9.116;-0.004426
9.117;-0.004097
9.118;-0.002782
9.119;-0.001796
9.12;-0.001138
9.121;-0.001467
9.122;-0.001302
9.123;-0.000645
9.124;-0.000645
9.125;1.27E-05
9.126;-0.001302
9.127;-0.00196
9.128;-0.002782
9.129;-0.003439
9.13;-0.00196
9.131;-0.000809
9.132;1.27E-05
9.133;0.000999
9.134;0.000177
9.135;0.002479
9.136;0.002314
9.137;0.003301
9.138;0.002972
9.139;0.003629
9.14;0.002972
9.141;0.002314
9.142;0.001821
9.143;0.002972
9.144;0.001328
9.145;0.001163
9.146;0.001821
9.147;0.00215
9.148;0.002972
9.149;0.003465
9.15;0.005766
9.151;0.004944
9.152;0.005766
9.153;0.006753
9.154;0.009218
9.155;0.007739
9.156;0.007575
9.157;0.008561
9.158;0.009383
9.159;0.009547
9.16;0.00889
9.161;0.008068
9.162;0.009218
9.163;0.008725
9.164;0.010205
9.165;0.010534
9.166;0.013164
9.167;0.013164
9.168;0.014808
9.169;0.015958
9.17;0.015301
9.171;0.015794
9.172;0.017602
9.173;0.016945
9.174;0.017931
9.175;0.017602
9.176;0.017109
9.177;0.017602
9.178;0.017274
9.179;0.017438
9.18;0.01826
9.181;0.019082
9.182;0.019411
9.183;0.020561
9.184;0.02089
9.185;0.020397
9.186;0.019904
9.187;0.019246
9.188;0.020561
9.189;0.018917
9.19;0.018917
9.191;0.01678
9.192;0.016123
9.193;0.015301
9.194;0.013493
9.195;0.014643
9.196;0.012177
9.197;0.013493
9.198;0.013328
9.199;0.013986
9.2;0.011849
9.201;0.01152
9.202;0.012506
9.203;0.012177
9.204;0.012177
9.205;0.011849
9.206;0.011684
9.207;0.010534
9.208;0.010698
9.209;0.009383
9.21;0.008068
9.211;0.006753
9.212;0.004451
9.213;0.005602
9.214;0.006588
9.215;0.005109
9.216;0.005438
9.217;0.006588
9.218;0.005273
9.219;0.005602
9.22;0.005438
9.221;0.005438
9.222;0.00478
9.223;0.004122
9.224;0.003465
9.225;0.003301
9.226;0.001821
9.227;0.000835
9.228;1.27E-05
9.229;0.000835
9.23;-0.000974
9.231;0.000999
9.232;-0.000809
9.233;0.000506
9.234;-0.000316
9.235;1.27E-05
9.236;-0.00048
9.237;0.000177
9.238;0.000177
9.239;1.27E-05
9.24;0.00067
9.241;1.27E-05
9.242;-0.001796
9.243;-0.002453
9.244;-0.002289
9.245;-0.004097
9.246;-0.004919
9.247;-0.005248
9.248;-0.004097
9.249;-0.003604
9.25;-0.003111
9.251;-0.003275
9.252;-0.004097
9.253;-0.002617
9.254;-0.001796
9.255;-0.001302
9.256;-0.002453
9.257;-0.003439
9.258;-0.002617
9.259;-0.002782
9.26;-0.00459
9.261;-0.006234
9.262;-0.006892
9.263;-0.005741
9.264;-0.006727
9.265;-0.006727
9.266;-0.006892
9.267;-0.004919
9.268;-0.005248
9.269;-0.005083
9.27;-0.003933
9.271;-0.004919
9.272;-0.005741
9.273;-0.006563
9.274;-0.005576
9.275;-0.007385
9.276;-0.0087
9.277;-0.010673
9.278;-0.01133
9.279;-0.012645
9.28;-0.01281
9.281;-0.013796
9.282;-0.014453
9.283;-0.016262
9.284;-0.017084
9.285;-0.018728
9.286;-0.021687
9.287;-0.023166
9.288;-0.024481
9.289;-0.025303
9.29;-0.02892
9.291;-0.032536
9.292;-0.034673
9.293;-0.035002
9.294;-0.03681
9.295;-0.038125
9.296;-0.037797
9.297;-0.037468
9.298;-0.034509
9.299;-0.032043
