0;-0.013631
0.001;-0.013467
0.002;-0.013631
0.003;-0.012481
0.004;-0.011494
0.005;-0.011823
0.006;-0.011988
0.007;-0.01281
0.008;-0.013796
0.009;-0.014453
0.01;-0.014453
0.011;-0.014289
0.012;-0.014947
0.013;-0.016097
0.014;-0.014289
0.015;-0.014618
0.016;-0.014289
0.017;-0.014947
0.018;-0.013303
0.019;-0.01396
0.02;-0.012974
0.021;-0.01133
0.022;-0.012316
0.023;-0.01281
0.024;-0.013467
0.025;-0.012481
0.026;-0.014125
0.027;-0.014125
0.028;-0.013796
0.029;-0.014782
0.03;-0.013631
0.031;-0.012645
0.032;-0.013796
0.033;-0.01281
0.034;-0.013138
0.035;-0.01281
0.036;-0.012152
0.037;-0.011494
0.038;-0.01133
0.039;-0.012645
0.04;-0.012645
0.041;-0.013796
0.042;-0.012645
0.043;-0.01396
0.044;-0.01396
0.045;-0.014782
0.046;-0.014947
0.047;-0.014618
0.048;-0.013796
0.049;-0.015111
0.05;-0.013631
0.051;-0.014125
0.052;-0.013467
0.053;-0.011494
0.054;-0.011166
0.055;-0.010179
0.056;-0.013303
0.057;-0.011823
0.058;-0.01396
0.059;-0.014618
0.06;-0.015604
0.061;-0.014618
0.062;-0.01544
0.063;-0.014782
0.064;-0.016097
0.065;-0.014618
0.066;-0.014289
0.067;-0.013138
0.068;-0.01281
0.069;-0.01133
0.07;-0.010508
0.071;-0.010015
0.072;-0.009851
0.073;-0.010508
0.074;-0.011166
0.075;-0.010015
0.076;-0.011494
0.077;-0.011001
0.078;-0.010673
0.079;-0.011494
0.08;-0.010837
0.081;-0.010508
0.082;-0.009357
0.083;-0.009522
0.084;-0.009029
0.085;-0.007549
0.086;-0.007549
0.087;-0.00607
0.088;-0.006234
0.089;-0.005576
0.09;-0.007056
0.091;-0.006727
0.092;-0.007878
0.093;-0.006398
0.094;-0.006727
0.095;-0.007549
0.096;-0.006563
0.097;-0.00722
0.098;-0.007549
0.099;-0.005576
0.1;-0.004097
0.101;-0.003933
0.102;-0.002782
0.103;-0.002617
0.104;-0.001138
0.105;0.000506
0.106;0.000342
0.107;-0.00048
0.108;0.000835
0.109;-0.001138
0.11;1.27E-05
0.111;-0.00048
0.112;0.000177
0.113;0.00067
0.114;0.002479
0.115;0.002479
0.116;0.003794
0.117;0.002807
0.118;0.005602
0.119;0.006259
0.12;0.007739
0.121;0.009712
0.122;0.009218
0.123;0.008561
0.124;0.009218
0.125;0.009712
0.126;0.009218
0.127;0.007739
0.128;0.008232
0.129;0.008397
0.13;0.008068
0.131;0.008561
0.132;0.008068
0.133;0.009383
0.134;0.010534
0.135;0.008725
0.136;0.009876
0.137;0.01004
0.138;0.009383
0.139;0.007575
0.14;0.00741
0.141;0.006424
0.142;0.005602
0.143;0.002972
0.144;0.003794
0.145;0.003465
0.146;0.00215
0.147;0.002807
0.148;0.000835
0.149;0.000342
0.15;0.001328
0.151;0.000999
0.152;0.001328
0.153;0.002807
0.154;0.001985
0.155;0.00215
0.156;0.000835
0.157;1.27E-05
0.158;-0.002124
0.159;-0.002289
0.16;-0.003933
0.161;-0.003768
0.162;-0.00607
0.163;-0.006398
0.164;-0.004755
0.165;-0.003111
0.166;-0.005576
0.167;-0.005905
0.168;-0.004755
0.169;-0.004426
0.17;-0.004755
0.171;-0.00459
0.172;-0.005741
0.173;-0.00722
0.174;-0.007056
0.175;-0.009522
0.176;-0.008864
0.177;-0.010015
0.178;-0.010015
0.179;-0.010508
0.18;-0.012152
0.181;-0.011494
0.182;-0.01133
0.183;-0.010673
0.184;-0.011166
0.185;-0.009851
0.186;-0.010015
0.187;-0.009029
0.188;-0.008864
0.189;-0.010508
0.19;-0.011166
0.191;-0.010837
0.192;-0.012316
0.193;-0.014125
0.194;-0.013796
0.195;-0.014782
0.196;-0.014947
0.197;-0.014125
0.198;-0.013138
0.199;-0.012974
0.2;-0.014782
0.201;-0.01396
0.202;-0.012645
0.203;-0.011988
0.204;-0.011823
0.205;-0.011659
0.206;-0.012316
0.207;-0.013138
0.208;-0.013631
0.209;-0.014453
0.21;-0.015604
0.211;-0.01544
0.212;-0.016426
0.213;-0.015604
0.214;-0.016262
0.215;-0.016919
0.216;-0.016919
0.217;-0.016426
0.218;-0.014289
0.219;-0.01544
0.22;-0.015769
0.221;-0.015604
0.222;-0.017577
0.223;-0.017906
0.224;-0.017741
0.225;-0.019221
0.226;-0.020865
0.227;-0.022015
0.228;-0.022508
0.229;-0.023824
0.23;-0.026289
0.231;-0.027769
0.232;-0.030892
0.233;-0.030728
0.234;-0.033687
0.235;-0.035002
0.236;-0.03681
0.237;-0.037468
0.238;-0.039276
0.239;-0.042071
0.24;-0.044372
0.241;-0.044208
0.242;-0.04618
0.243;-0.046838
0.244;-0.047824
0.245;-0.047002
0.246;-0.042728
0.247;-0.038947
0.248;-0.035002
0.249;-0.02892
0.25;-0.021522
0.251;-0.011988
0.252;-0.003439
0.253;0.009383
0.254;0.019575
0.255;0.030425
0.256;0.042918
0.257;0.055905
0.258;0.068563
0.259;0.079905
0.26;0.092892
0.261;0.102755
0.262;0.11755
0.263;0.129715
0.264;0.142044
0.265;0.152894
0.266;0.161935
0.267;0.169497
0.268;0.178538
0.269;0.181004
0.27;0.182648
0.271;0.181497
0.272;0.174264
0.273;0.164237
0.274;0.149771
0.275;0.136291
0.276;0.117715
0.277;0.104564
0.278;0.088947
0.279;0.075796
0.28;0.065111
0.281;0.051959
0.282;0.044891
0.283;0.036343
0.284;0.027794
0.285;0.022041
0.286;0.014972
0.287;0.009876
0.288;0.00478
0.289;-0.001138
0.29;-0.005412
0.291;-0.008207
0.292;-0.011988
0.293;-0.01396
0.294;-0.016097
0.295;-0.018728
0.296;-0.0207
0.297;-0.019714
0.298;-0.023002
0.299;-0.021029
0.3;-0.020207
0.301;-0.020865
0.302;-0.020207
0.303;-0.019878
0.304;-0.016262
0.305;-0.01659
0.306;-0.016426
0.307;-0.01544
0.308;-0.01544
0.309;-0.011494
0.31;-0.012645
0.311;-0.011166
0.312;-0.010179
0.313;-0.007385
0.314;-0.004755
0.315;-0.004261
0.316;-0.002946
0.317;-0.002453
0.318;-0.002124
0.319;0.000177
0.32;0.000506
0.321;0.001821
0.322;0.000999
0.323;-0.000152
0.324;-0.000645
0.325;-0.001302
0.326;-0.002124
0.327;-0.003111
0.328;-0.003275
0.329;-0.002946
0.33;-0.00459
0.331;-0.005248
0.332;-0.00459
0.333;-0.00459
0.334;-0.005248
0.335;-0.00459
0.336;-0.003439
0.337;-0.00196
0.338;-0.001796
0.339;-0.003439
0.34;-0.00459
0.341;-0.005905
0.342;-0.004919
0.343;-0.00722
0.344;-0.006563
0.345;-0.006892
0.346;-0.00607
0.347;-0.00607
0.348;-0.006563
0.349;-0.005083
0.35;-0.004426
0.351;-0.003439
0.352;-0.003604
0.353;-0.002617
0.354;-0.002124
0.355;-0.001467
0.356;-0.002782
0.357;-0.003111
0.358;-0.003111
0.359;-0.003111
0.36;-0.003275
0.361;-0.003275
0.362;-0.003111
0.363;-0.002289
0.364;-0.002782
0.365;-0.002289
0.366;-0.001631
0.367;-0.000809
0.368;0.000177
0.369;0.001328
0.37;0.002643
0.371;0.002972
0.372;0.002972
0.373;0.002807
0.374;0.002479
0.375;0.001985
0.376;0.002643
0.377;0.00215
0.378;0.003794
0.379;0.002314
0.38;0.002807
0.381;0.00478
0.382;0.005273
0.383;0.006917
0.384;0.007739
0.385;0.008232
0.386;0.009383
0.387;0.011027
0.388;0.012013
0.389;0.011356
0.39;0.01152
0.391;0.011191
0.392;0.010862
0.393;0.011191
0.394;0.012835
0.395;0.011684
0.396;0.012671
0.397;0.014808
0.398;0.014479
0.399;0.016123
0.4;0.017438
0.401;0.018424
0.402;0.018095
0.403;0.020397
0.404;0.022205
0.405;0.022041
0.406;0.022698
0.407;0.021712
0.408;0.021548
0.409;0.022698
0.41;0.024178
0.411;0.02352
0.412;0.023685
0.413;0.024507
0.414;0.025986
0.415;0.026972
0.416;0.028452
0.417;0.029109
0.418;0.030753
0.419;0.031575
0.42;0.032397
0.421;0.034863
0.422;0.034699
0.423;0.036178
0.424;0.036178
0.425;0.035521
0.426;0.035521
0.427;0.035685
0.428;0.035685
0.429;0.036836
0.43;0.037658
0.431;0.039302
0.432;0.040781
0.433;0.041603
0.434;0.043904
0.435;0.04522
0.436;0.04637
0.437;0.047028
0.438;0.049
0.439;0.048836
0.44;0.048836
0.441;0.050151
0.442;0.049165
0.443;0.049494
0.444;0.049822
0.445;0.051302
0.446;0.051138
0.447;0.052946
0.448;0.053932
0.449;0.054754
0.45;0.056562
0.451;0.058864
0.452;0.059521
0.453;0.060836
0.454;0.061658
0.455;0.061823
0.456;0.061987
0.457;0.061823
0.458;0.062973
0.459;0.062152
0.46;0.063138
0.461;0.063467
0.462;0.063138
0.463;0.065768
0.464;0.066261
0.465;0.06659
0.466;0.06807
0.467;0.069549
0.468;0.070864
0.469;0.070864
0.47;0.073494
0.471;0.073166
0.472;0.073987
0.473;0.073001
0.474;0.073166
0.475;0.07185
0.476;0.071028
0.477;0.071193
0.478;0.071193
0.479;0.072179
0.48;0.070864
0.481;0.071686
0.482;0.07185
0.483;0.072837
0.484;0.072179
0.485;0.072672
0.486;0.072179
0.487;0.073001
0.488;0.07185
0.489;0.07185
0.49;0.0707
0.491;0.069549
0.492;0.067905
0.493;0.066919
0.494;0.06396
0.495;0.064617
0.496;0.063302
0.497;0.061658
0.498;0.061165
0.499;0.061001
0.5;0.060014
0.501;0.059028
0.502;0.05722
0.503;0.057877
0.504;0.056398
0.505;0.056891
0.506;0.053275
0.507;0.051138
0.508;0.05048
0.509;0.046535
0.51;0.045548
0.511;0.044562
0.512;0.043904
0.513;0.042918
0.514;0.041603
0.515;0.039137
0.516;0.038315
0.517;0.037986
0.518;0.036836
0.519;0.036507
0.52;0.036343
0.521;0.034863
0.522;0.032562
0.523;0.03174
0.524;0.029767
0.525;0.027959
0.526;0.025822
0.527;0.023356
0.528;0.023685
0.529;0.021876
0.53;0.021054
0.531;0.020561
0.532;0.019739
0.533;0.019575
0.534;0.017438
0.535;0.017931
0.536;0.016287
0.537;0.014808
0.538;0.015465
0.539;0.012999
0.54;0.012013
0.541;0.010369
0.542;0.011356
0.543;0.009054
0.544;0.00741
0.545;0.005602
0.546;0.004616
0.547;0.005602
0.548;0.003629
0.549;0.003629
0.55;0.003958
0.551;0.002479
0.552;0.002479
0.553;0.00215
0.554;0.000506
0.555;0.001492
0.556;-0.000645
0.557;-0.001302
0.558;-0.001796
0.559;-0.004097
0.56;-0.004097
0.561;-0.006727
0.562;-0.004261
0.563;-0.005741
0.564;-0.00607
0.565;-0.006563
0.566;-0.007385
0.567;-0.006234
0.568;-0.006234
0.569;-0.007385
0.57;-0.00722
0.571;-0.008535
0.572;-0.006563
0.573;-0.007878
0.574;-0.010508
0.575;-0.011001
0.576;-0.011823
0.577;-0.011001
0.578;-0.011988
0.579;-0.01281
0.58;-0.01396
0.581;-0.01396
0.582;-0.012974
0.583;-0.01396
0.584;-0.013467
0.585;-0.013796
0.586;-0.012974
0.587;-0.012645
0.588;-0.012481
0.589;-0.013631
0.59;-0.013631
0.591;-0.014618
0.592;-0.01396
0.593;-0.014453
0.594;-0.014947
0.595;-0.016755
0.596;-0.016755
0.597;-0.017577
0.598;-0.017248
0.599;-0.017248
0.6;-0.016755
0.601;-0.014125
0.602;-0.015933
0.603;-0.014782
0.604;-0.013138
0.605;-0.013796
0.606;-0.014453
0.607;-0.014618
0.608;-0.015769
0.609;-0.016262
0.61;-0.016262
0.611;-0.017577
0.612;-0.017741
0.613;-0.018892
0.614;-0.017577
0.615;-0.017412
0.616;-0.016755
0.617;-0.015111
0.618;-0.015275
0.619;-0.015604
0.62;-0.014289
0.621;-0.013796
0.622;-0.015111
0.623;-0.015111
0.624;-0.016097
0.625;-0.015604
0.626;-0.015604
0.627;-0.016755
0.628;-0.017577
0.629;-0.017412
0.63;-0.017741
0.631;-0.015769
0.632;-0.016919
0.633;-0.017412
0.634;-0.016097
0.635;-0.015275
0.636;-0.014618
0.637;-0.014618
0.638;-0.013796
0.639;-0.014782
0.64;-0.015275
0.641;-0.014289
0.642;-0.015933
0.643;-0.016755
0.644;-0.015769
0.645;-0.017412
0.646;-0.016919
0.647;-0.016919
0.648;-0.015604
0.649;-0.016262
0.65;-0.014618
0.651;-0.01544
0.652;-0.01396
0.653;-0.013796
0.654;-0.012316
0.655;-0.01396
0.656;-0.013796
0.657;-0.014453
0.658;-0.014782
0.659;-0.016097
0.66;-0.01544
0.661;-0.016262
0.662;-0.017084
0.663;-0.017248
0.664;-0.015111
0.665;-0.015111
0.666;-0.015769
0.667;-0.014782
0.668;-0.015275
0.669;-0.013631
0.67;-0.011823
0.671;-0.012645
0.672;-0.011988
0.673;-0.012152
0.674;-0.013631
0.675;-0.01281
0.676;-0.01396
0.677;-0.014453
0.678;-0.015111
0.679;-0.015604
0.68;-0.015933
0.681;-0.013467
0.682;-0.014782
0.683;-0.013631
0.684;-0.012316
0.685;-0.012152
0.686;-0.011001
0.687;-0.011001
0.688;-0.009851
0.689;-0.011166
0.69;-0.012152
0.691;-0.012645
0.692;-0.015275
0.693;-0.012645
0.694;-0.013467
0.695;-0.014125
0.696;-0.014289
0.697;-0.013303
0.698;-0.01396
0.699;-0.012645
0.7;-0.01281
0.701;-0.010673
0.702;-0.011988
0.703;-0.011988
0.704;-0.012152
0.705;-0.010015
0.706;-0.012645
0.707;-0.012316
0.708;-0.014125
0.709;-0.01396
0.71;-0.014618
0.711;-0.014289
0.712;-0.014782
0.713;-0.013796
0.714;-0.013796
0.715;-0.013138
0.716;-0.012481
0.717;-0.014125
0.718;-0.01133
0.719;-0.011166
0.72;-0.009851
0.721;-0.01133
0.722;-0.011659
0.723;-0.012316
0.724;-0.011988
0.725;-0.011988
0.726;-0.012316
0.727;-0.013303
0.728;-0.015111
0.729;-0.014782
0.73;-0.01396
0.731;-0.014125
0.732;-0.014618
0.733;-0.013467
0.734;-0.012481
0.735;-0.01133
0.736;-0.011823
0.737;-0.011166
0.738;-0.010673
0.739;-0.011823
0.74;-0.011823
0.741;-0.01133
0.742;-0.01281
0.743;-0.01396
0.744;-0.013631
0.745;-0.014618
0.746;-0.014289
0.747;-0.014618
0.748;-0.013303
0.749;-0.01396
0.75;-0.012645
0.751;-0.010837
0.752;-0.011823
0.753;-0.011494
0.754;-0.011001
0.755;-0.010837
0.756;-0.011823
0.757;-0.011988
0.758;-0.01281
0.759;-0.01396
0.76;-0.013631
0.761;-0.014289
0.762;-0.014782
0.763;-0.01396
0.764;-0.013796
0.765;-0.012645
0.766;-0.013467
0.767;-0.011659
0.768;-0.011494
0.769;-0.010508
0.77;-0.01133
0.771;-0.010837
0.772;-0.012316
0.773;-0.011823
0.774;-0.011988
0.775;-0.012316
0.776;-0.011494
0.777;-0.014453
0.778;-0.014618
0.779;-0.014947
0.78;-0.012974
0.781;-0.013631
0.782;-0.013303
0.783;-0.013467
0.784;-0.01281
0.785;-0.011988
0.786;-0.011166
0.787;-0.009522
0.788;-0.011001
0.789;-0.011166
0.79;-0.011823
0.791;-0.011166
0.792;-0.012645
0.793;-0.012152
0.794;-0.014289
0.795;-0.014289
0.796;-0.014618
0.797;-0.01396
0.798;-0.013467
0.799;-0.012645
0.8;-0.012645
0.801;-0.01281
0.802;-0.011823
0.803;-0.010508
0.804;-0.01133
0.805;-0.010673
0.806;-0.012974
0.807;-0.013467
0.808;-0.011988
0.809;-0.013303
0.81;-0.012152
0.811;-0.01396
0.812;-0.014453
0.813;-0.014618
0.814;-0.013796
0.815;-0.012974
0.816;-0.013467
0.817;-0.013796
0.818;-0.01133
0.819;-0.011166
0.82;-0.011823
0.821;-0.009522
0.822;-0.010837
0.823;-0.011001
0.824;-0.011988
0.825;-0.013138
0.826;-0.014782
0.827;-0.013303
0.828;-0.013631
0.829;-0.013631
0.83;-0.014947
0.831;-0.013303
0.832;-0.013631
0.833;-0.013467
0.834;-0.01133
0.835;-0.01133
0.836;-0.011494
0.837;-0.010673
0.838;-0.011001
0.839;-0.011494
0.84;-0.010837
0.841;-0.011823
0.842;-0.012316
0.843;-0.013303
0.844;-0.013467
0.845;-0.013796
0.846;-0.014125
0.847;-0.014289
0.848;-0.013138
0.849;-0.012645
0.85;-0.012481
0.851;-0.011823
0.852;-0.010837
0.853;-0.011988
0.854;-0.010837
0.855;-0.010344
0.856;-0.011823
0.857;-0.01133
0.858;-0.011988
0.859;-0.011823
0.86;-0.014618
0.861;-0.01396
0.862;-0.015275
0.863;-0.013796
0.864;-0.013138
0.865;-0.013631
0.866;-0.01281
0.867;-0.012481
0.868;-0.011166
0.869;-0.01133
0.87;-0.011001
0.871;-0.010015
0.872;-0.010837
0.873;-0.011659
0.874;-0.011494
0.875;-0.01396
0.876;-0.013138
0.877;-0.013631
0.878;-0.013467
0.879;-0.013631
0.88;-0.013467
0.881;-0.012974
0.882;-0.01396
0.883;-0.012152
0.884;-0.010673
0.885;-0.008864
0.886;-0.009357
0.887;-0.007549
0.888;-0.009357
0.889;-0.008864
0.89;-0.012152
0.891;-0.011001
0.892;-0.013303
0.893;-0.012152
0.894;-0.013138
0.895;-0.013631
0.896;-0.012974
0.897;-0.01281
0.898;-0.011823
0.899;-0.01396
0.9;-0.011823
0.901;-0.010673
0.902;-0.010508
0.903;-0.011659
0.904;-0.009686
0.905;-0.011494
0.906;-0.010508
0.907;-0.012316
0.908;-0.011659
0.909;-0.012974
0.91;-0.01281
0.911;-0.013467
0.912;-0.014618
0.913;-0.013796
0.914;-0.013631
0.915;-0.012481
0.916;-0.012481
0.917;-0.011166
0.918;-0.011659
0.919;-0.010508
0.92;-0.010837
0.921;-0.010015
0.922;-0.009851
0.923;-0.009851
0.924;-0.012481
0.925;-0.01133
0.926;-0.011659
0.927;-0.011659
0.928;-0.011166
0.929;-0.010673
0.93;-0.010508
0.931;-0.009193
0.932;-0.009686
0.933;-0.009522
0.934;-0.007549
0.935;-0.006892
0.936;-0.007878
0.937;-0.004261
0.938;-0.005412
0.939;-0.005905
0.94;-0.006727
0.941;-0.006892
0.942;-0.00722
0.943;-0.006234
0.944;-0.008371
0.945;-0.007878
0.946;-0.007056
0.947;-0.006892
0.948;-0.005741
0.949;-0.00459
0.95;-0.004261
0.951;-0.00196
0.952;-0.00196
0.953;-0.001302
0.954;-0.002124
0.955;-0.001467
0.956;-0.001467
0.957;-0.001302
0.958;-0.001467
0.959;-0.00196
0.96;-0.001138
0.961;-0.000152
0.962;-0.000809
0.963;-0.000152
0.964;0.000506
0.965;0.001163
0.966;0.002972
0.967;0.004451
0.968;0.004944
0.969;0.005109
0.97;0.006095
0.971;0.008725
0.972;0.008232
0.973;0.007246
0.974;0.008232
0.975;0.006588
0.976;0.006917
0.977;0.00889
0.978;0.008725
0.979;0.00889
0.98;0.008561
0.981;0.009218
0.982;0.01004
0.983;0.011356
0.984;0.011684
0.985;0.013986
0.986;0.012671
0.987;0.01415
0.988;0.012671
0.989;0.012013
0.99;0.012999
0.991;0.011849
0.992;0.009712
0.993;0.009054
0.994;0.007081
0.995;0.006588
0.996;0.007739
0.997;0.007575
0.998;0.006588
0.999;0.005602
1;0.007739
1.001;0.007081
1.002;0.007903
1.003;0.00741
1.004;0.006095
1.005;0.006424
1.006;0.005273
1.007;0.003465
1.008;0.002643
1.009;0.00215
1.01;0.001657
1.011;0.001657
1.012;0.000999
1.013;1.27E-05
1.014;-0.001796
1.015;-0.000974
1.016;-0.000809
1.017;-0.00048
1.018;-0.001467
1.019;-0.000809
1.02;1.27E-05
1.021;0.00067
1.022;-0.00048
1.023;-0.002782
1.024;-0.002617
1.025;-0.003439
1.026;-0.005083
1.027;-0.005248
1.028;-0.00607
1.029;-0.007056
1.03;-0.006563
1.031;-0.008207
1.032;-0.00722
1.033;-0.006727
1.034;-0.004919
1.035;-0.004097
1.036;-0.006234
1.037;-0.006234
1.038;-0.006892
1.039;-0.006892
1.04;-0.007714
1.041;-0.008535
1.042;-0.008864
1.043;-0.008371
1.044;-0.009686
1.045;-0.010015
1.046;-0.010344
1.047;-0.009686
1.048;-0.010673
1.049;-0.010673
1.05;-0.009851
1.051;-0.009851
1.052;-0.007878
1.053;-0.009029
1.054;-0.008371
1.055;-0.0087
1.056;-0.009193
1.057;-0.011494
1.058;-0.010508
1.059;-0.011823
1.06;-0.012316
1.061;-0.012645
1.062;-0.011988
1.063;-0.013467
1.064;-0.012974
1.065;-0.012316
1.066;-0.011823
1.067;-0.011166
1.068;-0.010837
1.069;-0.011166
1.07;-0.010344
1.071;-0.011494
1.072;-0.010673
1.073;-0.011823
1.074;-0.012152
1.075;-0.012974
1.076;-0.015604
1.077;-0.014782
1.078;-0.017248
1.079;-0.016262
1.08;-0.016755
1.081;-0.017577
1.082;-0.019056
1.083;-0.017577
1.084;-0.018892
1.085;-0.017906
1.086;-0.019385
1.087;-0.021687
1.088;-0.02333
1.089;-0.027933
1.09;-0.029248
1.091;-0.032207
1.092;-0.033522
1.093;-0.035824
1.094;-0.039605
1.095;-0.042235
1.096;-0.043057
1.097;-0.044865
1.098;-0.042728
1.099;-0.042893
1.1;-0.042399
1.101;-0.039605
1.102;-0.037632
1.103;-0.033029
1.104;-0.028098
1.105;-0.022673
1.106;-0.015111
1.107;-0.007056
1.108;0.001328
1.109;0.010205
1.11;0.021383
1.111;0.031247
1.112;0.043576
1.113;0.056398
1.114;0.070535
1.115;0.082207
1.116;0.09618
1.117;0.109824
1.118;0.123962
1.119;0.135962
1.12;0.149113
1.121;0.158319
1.122;0.168018
1.123;0.174429
1.124;0.181497
1.125;0.183799
1.126;0.183963
1.127;0.180347
1.128;0.174429
1.129;0.164401
1.13;0.15125
1.131;0.136784
1.132;0.122318
1.133;0.108509
1.134;0.094043
1.135;0.082207
1.136;0.070864
1.137;0.06133
1.138;0.050151
1.139;0.04111
1.14;0.032397
1.141;0.025329
1.142;0.015465
1.143;0.010534
1.144;0.005438
1.145;0.000999
1.146;-0.003604
1.147;-0.005412
1.148;-0.010344
1.149;-0.011001
1.15;-0.012645
1.151;-0.012316
1.152;-0.012974
1.153;-0.013138
1.154;-0.015769
1.155;-0.015111
1.156;-0.015933
1.157;-0.016919
1.158;-0.016426
1.159;-0.017412
1.16;-0.016426
1.161;-0.017084
1.162;-0.015933
1.163;-0.012316
1.164;-0.011823
1.165;-0.008371
1.166;-0.005905
1.167;-0.003933
1.168;-0.003111
1.169;-0.000645
1.17;0.000835
1.171;0.003136
1.172;0.002314
1.173;0.003136
1.174;0.002479
1.175;0.004287
1.176;0.001657
1.177;0.002972
1.178;0.002314
1.179;0.002643
1.18;0.002479
1.181;0.002314
1.182;0.00215
1.183;0.001163
1.184;0.002807
1.185;0.001821
1.186;0.002807
1.187;0.00215
1.188;0.001492
1.189;0.002479
1.19;-0.000152
1.191;-0.001467
1.192;-0.002124
1.193;-0.000974
1.194;-0.003111
1.195;-0.002453
1.196;-0.002453
1.197;-0.002782
1.198;-0.00196
1.199;-0.00196
1.2;-0.001138
1.201;0.000999
1.202;-0.000152
1.203;0.000835
1.204;0.000835
1.205;0.000835
1.206;1.27E-05
1.207;0.00067
1.208;1.27E-05
1.209;0.00067
1.21;-0.000645
1.211;-0.00196
1.212;-0.00048
1.213;-0.00048
1.214;-0.00048
1.215;0.001328
1.216;0.001163
1.217;0.001657
1.218;0.003958
1.219;0.005273
1.22;0.004287
1.221;0.004944
1.222;0.00478
1.223;0.004451
1.224;0.004944
1.225;0.004122
1.226;0.003465
1.227;0.004944
1.228;0.003465
1.229;0.003958
1.23;0.005438
1.231;0.007246
1.232;0.007081
1.233;0.008397
1.234;0.009383
1.235;0.009547
1.236;0.010698
1.237;0.012013
1.238;0.013328
1.239;0.012013
1.24;0.011027
1.241;0.012506
1.242;0.012506
1.243;0.012013
1.244;0.013493
1.245;0.013493
1.246;0.01415
1.247;0.012177
1.248;0.015465
1.249;0.016287
1.25;0.017931
1.251;0.018589
1.252;0.019739
1.253;0.020232
1.254;0.021712
1.255;0.022041
1.256;0.022534
1.257;0.022863
1.258;0.02237
1.259;0.02352
1.26;0.023191
1.261;0.024013
1.262;0.025164
1.263;0.024507
1.264;0.025493
1.265;0.026644
1.266;0.028452
1.267;0.030425
1.268;0.031247
1.269;0.032233
1.27;0.032233
1.271;0.034534
1.272;0.034863
1.273;0.03437
1.274;0.034699
1.275;0.03437
1.276;0.035849
1.277;0.035849
1.278;0.035849
1.279;0.037
1.28;0.038151
1.281;0.040288
1.282;0.039959
1.283;0.041767
1.284;0.042589
1.285;0.043411
1.286;0.04522
1.287;0.046535
1.288;0.047521
1.289;0.047521
1.29;0.04785
1.291;0.049165
1.292;0.049
1.293;0.050151
1.294;0.049822
1.295;0.050316
1.296;0.050151
1.297;0.051302
1.298;0.053932
1.299;0.055412
1.3;0.05722
1.301;0.058371
1.302;0.060179
1.303;0.061658
1.304;0.060014
1.305;0.061823
1.306;0.06248
1.307;0.063467
1.308;0.063302
1.309;0.061987
1.31;0.06396
1.311;0.064289
1.312;0.064453
1.313;0.065604
1.314;0.066426
1.315;0.068398
1.316;0.06922
1.317;0.070864
1.318;0.071357
1.319;0.072508
1.32;0.073823
1.321;0.074809
1.322;0.073823
1.323;0.074809
1.324;0.073987
1.325;0.074481
1.326;0.075467
1.327;0.074809
1.328;0.074809
1.329;0.075796
1.33;0.075467
1.331;0.076618
1.332;0.076618
1.333;0.077933
1.334;0.078097
1.335;0.078919
1.336;0.079412
1.337;0.079084
1.338;0.078262
1.339;0.078919
1.34;0.07744
1.341;0.075467
1.342;0.074974
1.343;0.074974
1.344;0.074316
1.345;0.073659
1.346;0.072179
1.347;0.07185
1.348;0.071522
1.349;0.072179
1.35;0.07185
1.351;0.07185
1.352;0.071028
1.353;0.069878
1.354;0.068891
1.355;0.067741
1.356;0.066097
1.357;0.063138
1.358;0.061823
1.359;0.061165
1.36;0.059028
1.361;0.058042
1.362;0.056727
1.363;0.055247
1.364;0.054261
1.365;0.052946
1.366;0.052124
1.367;0.051302
1.368;0.051138
1.369;0.051466
1.37;0.049494
1.371;0.047521
1.372;0.045877
1.373;0.043576
1.374;0.041932
1.375;0.03963
1.376;0.038644
1.377;0.037329
1.378;0.035027
1.379;0.033877
1.38;0.032726
1.381;0.03289
1.382;0.032068
1.383;0.029767
1.384;0.030096
1.385;0.029603
1.386;0.028452
1.387;0.028123
1.388;0.027466
1.389;0.025986
1.39;0.02352
1.391;0.021712
1.392;0.020068
1.393;0.017931
1.394;0.016452
1.395;0.015301
1.396;0.014808
1.397;0.014643
1.398;0.01415
1.399;0.01415
1.4;0.013986
1.401;0.013328
1.402;0.013164
1.403;0.011684
1.404;0.010862
1.405;0.010534
1.406;0.009712
1.407;0.008232
1.408;0.00741
1.409;0.005273
1.41;0.004451
1.411;0.002643
1.412;0.002314
1.413;0.000835
1.414;0.002314
1.415;0.001492
1.416;0.001821
1.417;0.001821
1.418;0.002807
1.419;0.003136
1.42;0.000999
1.421;0.00067
1.422;0.000177
1.423;-0.00048
1.424;-0.001302
1.425;-0.003111
1.426;-0.00459
1.427;-0.003933
1.428;-0.006234
1.429;-0.005576
1.43;-0.006398
1.431;-0.005412
1.432;-0.00459
1.433;-0.004755
1.434;-0.005083
1.435;-0.004919
1.436;-0.005083
1.437;-0.00607
1.438;-0.006234
1.439;-0.007549
1.44;-0.007549
1.441;-0.0087
1.442;-0.009193
1.443;-0.010179
1.444;-0.01133
1.445;-0.011166
1.446;-0.009686
1.447;-0.011494
1.448;-0.010179
1.449;-0.009029
1.45;-0.009686
1.451;-0.0087
1.452;-0.008371
1.453;-0.007549
1.454;-0.009029
1.455;-0.009522
1.456;-0.009193
1.457;-0.009686
1.458;-0.011166
1.459;-0.010837
1.46;-0.01133
1.461;-0.011988
1.462;-0.012974
1.463;-0.012152
1.464;-0.011659
1.465;-0.010344
1.466;-0.010837
1.467;-0.010837
1.468;-0.009686
1.469;-0.009357
1.47;-0.010344
1.471;-0.009357
1.472;-0.010344
1.473;-0.011001
1.474;-0.011166
1.475;-0.011001
1.476;-0.01281
1.477;-0.013303
1.478;-0.013138
1.479;-0.011166
1.48;-0.011823
1.481;-0.011988
1.482;-0.010673
1.483;-0.011166
1.484;-0.010673
1.485;-0.010015
1.486;-0.009686
1.487;-0.009522
1.488;-0.0087
1.489;-0.010179
1.49;-0.010344
1.491;-0.010508
1.492;-0.012645
1.493;-0.012481
1.494;-0.012481
1.495;-0.012316
1.496;-0.012481
1.497;-0.011823
1.498;-0.011166
1.499;-0.01133
1.5;-0.009522
1.501;-0.008371
1.502;-0.008371
1.503;-0.007878
1.504;-0.008371
1.505;-0.008207
1.506;-0.010015
1.507;-0.010179
1.508;-0.010508
1.509;-0.009686
1.51;-0.011166
1.511;-0.012316
1.512;-0.012152
1.513;-0.01133
1.514;-0.010508
1.515;-0.009193
1.516;-0.009193
1.517;-0.010344
1.518;-0.009522
1.519;-0.009193
1.52;-0.008371
1.521;-0.008042
1.522;-0.009029
1.523;-0.008535
1.524;-0.008207
1.525;-0.010508
1.526;-0.011988
1.527;-0.012316
1.528;-0.011001
1.529;-0.010673
1.53;-0.009193
1.531;-0.009851
1.532;-0.009357
1.533;-0.008371
1.534;-0.007056
1.535;-0.007056
1.536;-0.00722
1.537;-0.005248
1.538;-0.006398
1.539;-0.006563
1.54;-0.00722
1.541;-0.007878
1.542;-0.009193
1.543;-0.009522
1.544;-0.010015
1.545;-0.010015
1.546;-0.008864
1.547;-0.008864
1.548;-0.009029
1.549;-0.0087
1.55;-0.006727
1.551;-0.006234
1.552;-0.006234
1.553;-0.006234
1.554;-0.006234
1.555;-0.006563
1.556;-0.007714
1.557;-0.007385
1.558;-0.008535
1.559;-0.009193
1.56;-0.009522
1.561;-0.009357
1.562;-0.010508
1.563;-0.009193
1.564;-0.008207
1.565;-0.007878
1.566;-0.008042
1.567;-0.00722
1.568;-0.006892
1.569;-0.006398
1.57;-0.00722
1.571;-0.006892
1.572;-0.006727
1.573;-0.00607
1.574;-0.008042
1.575;-0.009029
1.576;-0.008042
1.577;-0.009522
1.578;-0.009357
1.579;-0.010344
1.58;-0.009522
1.581;-0.009193
1.582;-0.007385
1.583;-0.008042
1.584;-0.006727
1.585;-0.007056
1.586;-0.005905
1.587;-0.007056
1.588;-0.005905
1.589;-0.007549
1.59;-0.007385
1.591;-0.0087
1.592;-0.009357
1.593;-0.009357
1.594;-0.009686
1.595;-0.0087
1.596;-0.010344
1.597;-0.0087
1.598;-0.009357
1.599;-0.008535
1.6;-0.006727
1.601;-0.00722
1.602;-0.00607
1.603;-0.005905
1.604;-0.006892
1.605;-0.007385
1.606;-0.00722
1.607;-0.007385
1.608;-0.008371
1.609;-0.008371
1.61;-0.009686
1.611;-0.011001
1.612;-0.009193
1.613;-0.009686
1.614;-0.008864
1.615;-0.008207
1.616;-0.007878
1.617;-0.008371
1.618;-0.006563
1.619;-0.006727
1.62;-0.007056
1.621;-0.006892
1.622;-0.00722
1.623;-0.0087
1.624;-0.008864
1.625;-0.007878
1.626;-0.010015
1.627;-0.009193
1.628;-0.008371
1.629;-0.008864
1.63;-0.009686
1.631;-0.009357
1.632;-0.008042
1.633;-0.007878
1.634;-0.007714
1.635;-0.006727
1.636;-0.006234
1.637;-0.006234
1.638;-0.006727
1.639;-0.007714
1.64;-0.007549
1.641;-0.008207
1.642;-0.009029
1.643;-0.009029
1.644;-0.009029
1.645;-0.010179
1.646;-0.010015
1.647;-0.009522
1.648;-0.008371
1.649;-0.007056
1.65;-0.008207
1.651;-0.00607
1.652;-0.00607
1.653;-0.005741
1.654;-0.006398
1.655;-0.006398
1.656;-0.006234
1.657;-0.007549
1.658;-0.007878
1.659;-0.0087
1.66;-0.009851
1.661;-0.009851
1.662;-0.009357
1.663;-0.008864
1.664;-0.009357
1.665;-0.008535
1.666;-0.009193
1.667;-0.00722
1.668;-0.007878
1.669;-0.006563
1.67;-0.007056
1.671;-0.007385
1.672;-0.007056
1.673;-0.007549
1.674;-0.006727
1.675;-0.0087
1.676;-0.009193
1.677;-0.008864
1.678;-0.009029
1.679;-0.009193
1.68;-0.009029
1.681;-0.0087
1.682;-0.007549
1.683;-0.007878
1.684;-0.007878
1.685;-0.005576
1.686;-0.005248
1.687;-0.006563
1.688;-0.006563
1.689;-0.006234
1.69;-0.00722
1.691;-0.008207
1.692;-0.009029
1.693;-0.009193
1.694;-0.008535
1.695;-0.009357
1.696;-0.009522
1.697;-0.008535
1.698;-0.007056
1.699;-0.008535
1.7;-0.007549
1.701;-0.006892
1.702;-0.006892
1.703;-0.007056
1.704;-0.005905
1.705;-0.006398
1.706;-0.007385
1.707;-0.007385
1.708;-0.007878
1.709;-0.009357
1.71;-0.009686
1.711;-0.0087
1.712;-0.008535
1.713;-0.009522
1.714;-0.009851
1.715;-0.008371
1.716;-0.008207
1.717;-0.007878
1.718;-0.006892
1.719;-0.005741
1.72;-0.006892
1.721;-0.006234
1.722;-0.006234
1.723;-0.007056
1.724;-0.007385
1.725;-0.008864
1.726;-0.008535
1.727;-0.009193
1.728;-0.010015
1.729;-0.009851
1.73;-0.009522
1.731;-0.008864
1.732;-0.0087
1.733;-0.007878
1.734;-0.005905
1.735;-0.005905
1.736;-0.005412
1.737;-0.006892
1.738;-0.005576
1.739;-0.006892
1.74;-0.005741
1.741;-0.005741
1.742;-0.006398
1.743;-0.006892
1.744;-0.008207
1.745;-0.007549
1.746;-0.008042
1.747;-0.007714
1.748;-0.008371
1.749;-0.007385
1.75;-0.007714
1.751;-0.006727
1.752;-0.006234
1.753;-0.005412
1.754;-0.006398
1.755;-0.005905
1.756;-0.006727
1.757;-0.005741
1.758;-0.007878
1.759;-0.008371
1.76;-0.008371
1.761;-0.009029
1.762;-0.009522
1.763;-0.009522
1.764;-0.009193
1.765;-0.008042
1.766;-0.007385
1.767;-0.007385
1.768;-0.006234
1.769;-0.006727
1.77;-0.007549
1.771;-0.006563
1.772;-0.006727
1.773;-0.007714
1.774;-0.007385
1.775;-0.008535
1.776;-0.009193
1.777;-0.009851
1.778;-0.009686
1.779;-0.008535
1.78;-0.007714
1.781;-0.007056
1.782;-0.00607
1.783;-0.004755
1.784;-0.003768
1.785;-0.003768
1.786;-0.004097
1.787;-0.002782
1.788;-0.003933
1.789;-0.003111
1.79;-0.003275
1.791;-0.003604
1.792;-0.003768
1.793;-0.004261
1.794;-0.004919
1.795;-0.003604
1.796;-0.004261
1.797;-0.004919
1.798;-0.002617
1.799;-0.002289
1.8;-0.001796
1.801;1.27E-05
1.802;0.000342
1.803;0.00067
1.804;0.00067
1.805;0.001163
1.806;0.000999
1.807;-0.000152
1.808;-0.000152
1.809;0.000342
1.81;0.00067
1.811;-0.00048
1.812;0.000177
1.813;0.001492
1.814;1.27E-05
1.815;0.001821
1.816;0.003958
1.817;0.006424
1.818;0.006259
1.819;0.007575
1.82;0.006917
1.821;0.008068
1.822;0.008068
1.823;0.007903
1.824;0.008397
1.825;0.008397
1.826;0.008725
1.827;0.007575
1.828;0.009383
1.829;0.009218
1.83;0.009054
1.831;0.01004
1.832;0.012999
1.833;0.013657
1.834;0.014972
1.835;0.015794
1.836;0.016452
1.837;0.016123
1.838;0.01678
1.839;0.016452
1.84;0.01678
1.841;0.01563
1.842;0.014808
1.843;0.015958
1.844;0.01415
1.845;0.012835
1.846;0.013328
1.847;0.014643
1.848;0.013493
1.849;0.01415
1.85;0.013657
1.851;0.014972
1.852;0.014643
1.853;0.013986
1.854;0.012671
1.855;0.011849
1.856;0.011356
1.857;0.010205
1.858;0.01004
1.859;0.00741
1.86;0.006588
1.861;0.005602
1.862;0.006917
1.863;0.005766
1.864;0.006259
1.865;0.006424
1.866;0.007246
1.867;0.007246
1.868;0.00741
1.869;0.007903
1.87;0.005273
1.871;0.005273
1.872;0.004122
1.873;0.00478
1.874;0.002972
1.875;0.002972
1.876;0.000506
1.877;0.000177
1.878;-0.000152
1.879;-0.000316
1.88;-0.000316
1.881;0.000177
1.882;-0.000152
1.883;0.000506
1.884;0.000177
1.885;0.000506
1.886;-0.00048
1.887;-0.001467
1.888;-0.001138
1.889;-0.001138
1.89;-0.001631
1.891;-0.003604
1.892;-0.00459
1.893;-0.005083
1.894;-0.007385
1.895;-0.005576
1.896;-0.005905
1.897;-0.005412
1.898;-0.006398
1.899;-0.003933
1.9;-0.004097
1.901;-0.003933
1.902;-0.004261
1.903;-0.004426
1.904;-0.004919
1.905;-0.005248
1.906;-0.006563
1.907;-0.006398
1.908;-0.008042
1.909;-0.007878
1.91;-0.008864
1.911;-0.00722
1.912;-0.008535
1.913;-0.0087
1.914;-0.008535
1.915;-0.007714
1.916;-0.00722
1.917;-0.006234
1.918;-0.00607
1.919;-0.00607
1.92;-0.006727
1.921;-0.007056
1.922;-0.007549
1.923;-0.007549
1.924;-0.008371
1.925;-0.010344
1.926;-0.0087
1.927;-0.010673
1.928;-0.011823
1.929;-0.010673
1.93;-0.010344
1.931;-0.011659
1.932;-0.011001
1.933;-0.011166
1.934;-0.01133
1.935;-0.010508
1.936;-0.010508
1.937;-0.011988
1.938;-0.012481
1.939;-0.014782
1.94;-0.016097
1.941;-0.016426
1.942;-0.019714
1.943;-0.021522
1.944;-0.024646
1.945;-0.025961
1.946;-0.02892
1.947;-0.030728
1.948;-0.03155
1.949;-0.032536
1.95;-0.035824
1.951;-0.03681
1.952;-0.037139
1.953;-0.037632
1.954;-0.038783
1.955;-0.039769
1.956;-0.038619
1.957;-0.038125
1.958;-0.036317
1.959;-0.032865
1.96;-0.028262
1.961;-0.022837
1.962;-0.01544
1.963;-0.006892
1.964;0.002972
1.965;0.012671
1.966;0.025164
1.967;0.037164
1.968;0.049987
1.969;0.062809
1.97;0.075138
1.971;0.088125
1.972;0.10144
1.973;0.113276
1.974;0.12577
1.975;0.137113
1.976;0.147962
1.977;0.158319
1.978;0.16736
1.979;0.175086
1.98;0.181662
1.981;0.185772
1.982;0.187909
1.983;0.18495
1.984;0.179689
1.985;0.169004
1.986;0.158812
1.987;0.141551
1.988;0.126263
1.989;0.110975
1.99;0.097166
1.991;0.081878
1.992;0.071193
1.993;0.059521
1.994;0.05048
1.995;0.040945
1.996;0.033712
1.997;0.026315
1.998;0.019411
1.999;0.013821
2;0.009547
2.001;0.006588
2.002;0.002807
2.003;0.000177
2.004;-0.004097
2.005;-0.006727
2.006;-0.009193
2.007;-0.011659
2.008;-0.013631
2.009;-0.014125
2.01;-0.015111
2.011;-0.016262
2.012;-0.01544
2.013;-0.015769
2.014;-0.015604
2.015;-0.013796
2.016;-0.012316
2.017;-0.01133
2.018;-0.010344
2.019;-0.007878
2.02;-0.005576
2.021;-0.005741
2.022;-0.003768
2.023;-0.002289
2.024;-0.001138
2.025;-0.000316
2.026;0.001163
2.027;0.001328
2.028;0.002479
2.029;0.003301
2.03;0.003465
2.031;0.005438
2.032;0.006095
2.033;0.006917
2.034;0.006424
2.035;0.008725
2.036;0.007246
2.037;0.006588
2.038;0.006095
2.039;0.005766
2.04;0.004616
2.041;0.003301
2.042;0.002643
2.043;0.00067
2.044;0.000342
2.045;0.000177
2.046;0.000506
2.047;0.000506
2.048;-0.000152
2.049;0.001328
2.05;0.003301
2.051;0.003136
2.052;0.002972
2.053;0.001821
2.054;0.00215
2.055;0.001657
2.056;0.000999
2.057;0.001985
2.058;-0.000152
2.059;0.000177
2.06;-0.001467
2.061;1.27E-05
2.062;0.000342
2.063;0.00067
2.064;0.000177
2.065;0.002972
2.066;0.003301
2.067;0.003136
2.068;0.003136
2.069;0.006095
2.07;0.005438
2.071;0.003958
2.072;0.004451
2.073;0.003958
2.074;0.004451
2.075;0.003465
2.076;0.004122
2.077;0.003794
2.078;0.003794
2.079;0.004287
2.08;0.005438
2.081;0.005109
2.082;0.006753
2.083;0.006424
2.084;0.008725
2.085;0.009218
2.086;0.010369
2.087;0.009712
2.088;0.01004
2.089;0.01152
2.09;0.01004
2.091;0.010534
2.092;0.010369
2.093;0.011191
2.094;0.010862
2.095;0.01152
2.096;0.012671
2.097;0.013164
2.098;0.013328
2.099;0.016123
2.1;0.016452
2.101;0.01678
2.102;0.017438
2.103;0.018917
2.104;0.018917
2.105;0.018753
2.106;0.020397
2.107;0.019739
2.108;0.019082
2.109;0.018917
2.11;0.021712
2.111;0.021383
2.112;0.021548
2.113;0.021548
2.114;0.024178
2.115;0.025
2.116;0.027137
2.117;0.026972
2.118;0.028781
2.119;0.029931
2.12;0.029603
2.121;0.030918
2.122;0.032397
2.123;0.031575
2.124;0.030918
2.125;0.032397
2.126;0.030425
2.127;0.033384
2.128;0.033219
2.129;0.034206
2.13;0.034863
2.131;0.036014
2.132;0.036343
2.133;0.03848
2.134;0.039137
2.135;0.041439
2.136;0.043082
2.137;0.043082
2.138;0.043082
2.139;0.043411
2.14;0.044726
2.141;0.044233
2.142;0.043904
2.143;0.045384
2.144;0.046699
2.145;0.046535
2.146;0.049494
2.147;0.047192
2.148;0.049822
2.149;0.05311
2.15;0.052617
2.151;0.053932
2.152;0.055083
2.153;0.056069
2.154;0.056398
2.155;0.058371
2.156;0.058206
2.157;0.060179
2.158;0.058206
2.159;0.060836
2.16;0.059028
2.161;0.05985
2.162;0.060508
2.163;0.061494
2.164;0.063467
2.165;0.065111
2.166;0.06659
2.167;0.067412
2.168;0.068891
2.169;0.068563
2.17;0.070535
2.171;0.071028
2.172;0.071028
2.173;0.071522
2.174;0.07185
2.175;0.072344
2.176;0.072344
2.177;0.070864
2.178;0.073823
2.179;0.074809
2.18;0.073987
2.181;0.075138
2.182;0.077111
2.183;0.078426
2.184;0.079741
2.185;0.079905
2.186;0.079741
2.187;0.079412
2.188;0.079577
2.189;0.080563
2.19;0.079577
2.191;0.079084
2.192;0.076782
2.193;0.07859
2.194;0.077275
2.195;0.077111
2.196;0.075796
2.197;0.076289
2.198;0.076125
2.199;0.077111
2.2;0.078097
2.201;0.078426
2.202;0.076782
2.203;0.077275
2.204;0.074645
2.205;0.074316
2.206;0.072672
2.207;0.07185
2.208;0.070535
2.209;0.068234
2.21;0.067248
2.211;0.065111
2.212;0.064453
2.213;0.063467
2.214;0.062316
2.215;0.06248
2.216;0.061658
2.217;0.061165
2.218;0.059357
2.219;0.060014
2.22;0.058371
2.221;0.055905
2.222;0.053603
2.223;0.053932
2.224;0.051302
2.225;0.049822
2.226;0.046699
2.227;0.046041
2.228;0.043904
2.229;0.042589
2.23;0.040617
2.231;0.039795
2.232;0.040617
2.233;0.039795
2.234;0.038808
2.235;0.038644
2.236;0.036507
2.237;0.034863
2.238;0.032726
2.239;0.032397
2.24;0.030425
2.241;0.027301
2.242;0.026972
2.243;0.025493
2.244;0.024835
2.245;0.024178
2.246;0.021054
2.247;0.020232
2.248;0.021383
2.249;0.021054
2.25;0.020561
2.251;0.019082
2.252;0.018917
2.253;0.018917
2.254;0.015136
2.255;0.015958
2.256;0.014808
2.257;0.012506
2.258;0.011356
2.259;0.009876
2.26;0.00889
2.261;0.007575
2.262;0.007575
2.263;0.007246
2.264;0.007081
2.265;0.005273
2.266;0.006753
2.267;0.007081
2.268;0.006424
2.269;0.006095
2.27;0.005766
2.271;0.003794
2.272;0.003465
2.273;0.001985
2.274;0.000999
2.275;-0.000645
2.276;-0.001631
2.277;-0.00196
2.278;-0.002453
2.279;-0.001631
2.28;-0.002289
2.281;-0.003604
2.282;-0.001467
2.283;-0.001302
2.284;-0.00196
2.285;-0.001796
2.286;-0.00196
2.287;-0.002453
2.288;-0.003275
2.289;-0.004919
2.29;-0.006563
2.291;-0.006234
2.292;-0.00722
2.293;-0.007714
2.294;-0.008371
2.295;-0.009357
2.296;-0.009193
2.297;-0.008042
2.298;-0.00722
2.299;-0.007056
2.3;-0.007878
2.301;-0.00722
2.302;-0.006727
2.303;-0.006727
2.304;-0.00722
2.305;-0.007714
2.306;-0.008042
2.307;-0.008371
2.308;-0.010508
2.309;-0.010015
2.31;-0.01133
2.311;-0.01281
2.312;-0.01133
2.313;-0.010179
2.314;-0.011494
2.315;-0.011659
2.316;-0.009193
2.317;-0.007714
2.318;-0.008207
2.319;-0.008864
2.32;-0.009193
2.321;-0.0087
2.322;-0.008864
2.323;-0.008864
2.324;-0.011001
2.325;-0.011001
2.326;-0.01133
2.327;-0.012645
2.328;-0.011001
2.329;-0.011494
2.33;-0.012481
2.331;-0.011988
2.332;-0.009357
2.333;-0.010015
2.334;-0.009686
2.335;-0.009357
2.336;-0.009029
2.337;-0.008371
2.338;-0.009357
2.339;-0.010508
2.34;-0.010344
2.341;-0.010508
2.342;-0.011659
2.343;-0.012152
2.344;-0.012316
2.345;-0.012316
2.346;-0.011494
2.347;-0.010344
2.348;-0.011988
2.349;-0.010673
2.35;-0.010015
2.351;-0.010015
2.352;-0.008864
2.353;-0.009193
2.354;-0.008535
2.355;-0.0087
2.356;-0.008864
2.357;-0.009357
2.358;-0.009851
2.359;-0.010179
2.36;-0.011823
2.361;-0.011166
2.362;-0.009522
2.363;-0.011001
2.364;-0.010179
2.365;-0.011001
2.366;-0.008535
2.367;-0.009029
2.368;-0.008042
2.369;-0.009029
2.37;-0.008042
2.371;-0.008371
2.372;-0.0087
2.373;-0.009193
2.374;-0.010179
2.375;-0.010508
2.376;-0.011166
2.377;-0.009851
2.378;-0.010673
2.379;-0.010179
2.38;-0.010344
2.381;-0.009357
2.382;-0.009193
2.383;-0.008371
2.384;-0.008864
2.385;-0.006398
2.386;-0.006563
2.387;-0.006892
2.388;-0.007385
2.389;-0.00722
2.39;-0.008207
2.391;-0.009522
2.392;-0.007878
2.393;-0.009522
2.394;-0.009193
2.395;-0.010015
2.396;-0.0087
2.397;-0.008864
2.398;-0.007878
2.399;-0.008042
2.4;-0.006727
2.401;-0.006892
2.402;-0.006234
2.403;-0.00607
2.404;-0.007056
2.405;-0.007385
2.406;-0.008207
2.407;-0.00607
2.408;-0.009029
2.409;-0.008535
2.41;-0.010015
2.411;-0.0087
2.412;-0.009193
2.413;-0.008535
2.414;-0.008864
2.415;-0.008207
2.416;-0.006727
2.417;-0.006234
2.418;-0.007549
2.419;-0.005248
2.42;-0.006234
2.421;-0.007056
2.422;-0.00607
2.423;-0.007549
2.424;-0.007549
2.425;-0.009193
2.426;-0.009029
2.427;-0.008864
2.428;-0.010015
2.429;-0.010179
2.43;-0.0087
2.431;-0.008042
2.432;-0.007549
2.433;-0.007714
2.434;-0.007056
2.435;-0.00607
2.436;-0.006727
2.437;-0.00607
2.438;-0.006892
2.439;-0.00722
2.44;-0.008371
2.441;-0.008535
2.442;-0.009029
2.443;-0.009686
2.444;-0.009851
2.445;-0.008535
2.446;-0.0087
2.447;-0.008207
2.448;-0.007878
2.449;-0.007549
2.45;-0.006398
2.451;-0.005741
2.452;-0.00607
2.453;-0.005905
2.454;-0.006563
2.455;-0.007385
2.456;-0.006234
2.457;-0.007385
2.458;-0.007878
2.459;-0.008371
2.46;-0.010015
2.461;-0.008042
2.462;-0.009029
2.463;-0.009029
2.464;-0.007878
2.465;-0.009193
2.466;-0.006563
2.467;-0.00722
2.468;-0.00607
2.469;-0.006398
2.47;-0.006234
2.471;-0.006563
2.472;-0.006563
2.473;-0.007385
2.474;-0.009522
2.475;-0.007878
2.476;-0.008535
2.477;-0.009686
2.478;-0.009686
2.479;-0.009193
2.48;-0.009357
2.481;-0.009357
2.482;-0.008207
2.483;-0.007385
2.484;-0.00722
2.485;-0.006398
2.486;-0.004919
2.487;-0.00722
2.488;-0.007385
2.489;-0.007056
2.49;-0.007056
2.491;-0.007714
2.492;-0.0087
2.493;-0.010179
2.494;-0.009522
2.495;-0.009851
2.496;-0.009193
2.497;-0.009029
2.498;-0.008371
2.499;-0.007714
2.5;-0.006892
2.501;-0.006563
2.502;-0.006727
2.503;-0.006234
2.504;-0.00722
2.505;-0.006234
2.506;-0.007549
2.507;-0.007714
2.508;-0.009029
2.509;-0.009686
2.51;-0.008864
2.511;-0.009193
2.512;-0.009522
2.513;-0.009522
2.514;-0.008371
2.515;-0.008535
2.516;-0.006234
2.517;-0.007056
2.518;-0.005905
2.519;-0.005412
2.52;-0.005741
2.521;-0.006563
2.522;-0.007056
2.523;-0.008042
2.524;-0.0087
2.525;-0.008042
2.526;-0.009193
2.527;-0.010179
2.528;-0.008864
2.529;-0.009357
2.53;-0.008535
2.531;-0.008042
2.532;-0.0087
2.533;-0.007056
2.534;-0.007056
2.535;-0.005248
2.536;-0.006398
2.537;-0.006727
2.538;-0.006727
2.539;-0.005741
2.54;-0.007878
2.541;-0.007385
2.542;-0.009029
2.543;-0.008864
2.544;-0.009357
2.545;-0.009357
2.546;-0.008535
2.547;-0.010015
2.548;-0.007714
2.549;-0.008042
2.55;-0.006234
2.551;-0.006563
2.552;-0.006398
2.553;-0.006563
2.554;-0.006892
2.555;-0.006892
2.556;-0.00722
2.557;-0.008371
2.558;-0.008535
2.559;-0.009522
2.56;-0.009851
2.561;-0.008864
2.562;-0.009029
2.563;-0.0087
2.564;-0.007878
2.565;-0.007714
2.566;-0.006727
2.567;-0.006563
2.568;-0.006398
2.569;-0.005412
2.57;-0.006234
2.571;-0.007714
2.572;-0.007385
2.573;-0.007056
2.574;-0.00722
2.575;-0.009029
2.576;-0.008864
2.577;-0.008864
2.578;-0.010344
2.579;-0.009193
2.58;-0.008535
2.581;-0.008535
2.582;-0.007056
2.583;-0.006727
2.584;-0.006892
2.585;-0.00607
2.586;-0.006234
2.587;-0.00607
2.588;-0.007549
2.589;-0.00722
2.59;-0.007549
2.591;-0.007714
2.592;-0.009029
2.593;-0.008535
2.594;-0.009193
2.595;-0.007549
2.596;-0.00722
2.597;-0.007878
2.598;-0.006234
2.599;-0.005905
2.6;-0.004755
2.601;-0.004919
2.602;-0.004426
2.603;-0.004261
2.604;-0.006727
2.605;-0.006563
2.606;-0.006727
2.607;-0.00722
2.608;-0.007878
2.609;-0.008042
2.61;-0.008371
2.611;-0.008864
2.612;-0.008535
2.613;-0.007878
2.614;-0.007549
2.615;-0.00722
2.616;-0.006727
2.617;-0.006563
2.618;-0.006563
2.619;-0.004919
2.62;-0.005741
2.621;-0.007549
2.622;-0.007056
2.623;-0.005741
2.624;-0.008207
2.625;-0.009522
2.626;-0.008535
2.627;-0.008864
2.628;-0.008535
2.629;-0.008371
2.63;-0.008864
2.631;-0.008042
2.632;-0.007549
2.633;-0.006563
2.634;-0.00607
2.635;-0.003933
2.636;-0.005248
2.637;-0.005576
2.638;-0.005083
2.639;-0.005248
2.64;-0.005741
2.641;-0.006234
2.642;-0.005905
2.643;-0.006563
2.644;-0.005741
2.645;-0.005248
2.646;-0.00459
2.647;-0.003439
2.648;-0.003604
2.649;-0.001138
2.65;-0.001796
2.651;-0.000645
2.652;-0.000645
2.653;-0.00048
2.654;-0.000152
2.655;-0.000645
2.656;-0.001302
2.657;-0.000645
2.658;-0.002453
2.659;-0.002289
2.66;-0.00196
2.661;-0.000974
2.662;-0.000809
2.663;1.27E-05
2.664;1.27E-05
2.665;0.001328
2.666;0.001985
2.667;0.002479
2.668;0.004287
2.669;0.003629
2.67;0.004616
2.671;0.003136
2.672;0.00478
2.673;0.00478
2.674;0.004944
2.675;0.005109
2.676;0.004944
2.677;0.005438
2.678;0.005766
2.679;0.006753
2.68;0.007081
2.681;0.01004
2.682;0.009054
2.683;0.011191
2.684;0.011849
2.685;0.012835
2.686;0.012671
2.687;0.013328
2.688;0.013821
2.689;0.014479
2.69;0.013657
2.691;0.013986
2.692;0.014315
2.693;0.014315
2.694;0.013657
2.695;0.013821
2.696;0.015794
2.697;0.016616
2.698;0.015794
2.699;0.017109
2.7;0.017931
2.701;0.017931
2.702;0.017602
2.703;0.017274
2.704;0.015465
2.705;0.014643
2.706;0.013821
2.707;0.013821
2.708;0.012013
2.709;0.011849
2.71;0.01004
2.711;0.010698
2.712;0.009383
2.713;0.009218
2.714;0.009712
2.715;0.01004
2.716;0.00889
2.717;0.009054
2.718;0.009876
2.719;0.009383
2.72;0.007739
2.721;0.00741
2.722;0.006259
2.723;0.006424
2.724;0.005438
2.725;0.005109
2.726;0.003958
2.727;0.003136
2.728;0.001985
2.729;0.002479
2.73;0.002972
2.731;0.002972
2.732;0.002643
2.733;0.003958
2.734;0.002479
2.735;0.002807
2.736;0.001985
2.737;0.003136
2.738;0.00067
2.739;0.001163
2.74;1.27E-05
2.741;-0.001467
2.742;-0.002453
2.743;-0.003111
2.744;-0.004097
2.745;-0.004097
2.746;-0.003439
2.747;-0.003604
2.748;-0.002946
2.749;-0.003439
2.75;-0.002946
2.751;-0.002782
2.752;-0.002782
2.753;-0.003604
2.754;-0.004261
2.755;-0.004261
2.756;-0.003933
2.757;-0.004755
2.758;-0.005412
2.759;-0.007056
2.76;-0.008207
2.761;-0.00722
2.762;-0.007549
2.763;-0.007385
2.764;-0.007056
2.765;-0.006892
2.766;-0.005248
2.767;-0.005905
2.768;-0.005741
2.769;-0.005412
2.77;-0.006234
2.771;-0.00607
2.772;-0.006398
2.773;-0.007056
2.774;-0.007878
2.775;-0.007714
2.776;-0.0087
2.777;-0.009193
2.778;-0.009851
2.779;-0.0087
2.78;-0.009193
2.781;-0.008535
2.782;-0.007878
2.783;-0.008371
2.784;-0.007878
2.785;-0.007549
2.786;-0.007714
2.787;-0.009193
2.788;-0.011494
2.789;-0.011659
2.79;-0.010837
2.791;-0.011823
2.792;-0.013467
2.793;-0.013138
2.794;-0.015111
2.795;-0.01544
2.796;-0.01659
2.797;-0.016919
2.798;-0.018728
2.799;-0.018892
2.8;-0.023002
2.801;-0.02218
2.802;-0.024481
2.803;-0.027111
2.804;-0.02892
2.805;-0.031879
2.806;-0.035495
2.807;-0.036646
2.808;-0.039112
2.809;-0.039769
2.81;-0.041249
2.811;-0.041906
2.812;-0.040756
2.813;-0.039112
2.814;-0.036481
2.815;-0.030892
2.816;-0.026289
2.817;-0.019878
2.818;-0.012481
2.819;-0.003768
2.82;0.006753
2.821;0.015301
2.822;0.025822
2.823;0.036178
2.824;0.048179
2.825;0.061494
2.826;0.073494
2.827;0.085988
2.828;0.097988
2.829;0.111797
2.83;0.12577
2.831;0.138099
2.832;0.149442
2.833;0.16062
2.834;0.170977
2.835;0.179689
2.836;0.184785
2.837;0.188402
2.838;0.188073
2.839;0.184785
2.84;0.178867
2.841;0.168182
2.842;0.153716
2.843;0.139743
2.844;0.123468
2.845;0.108838
2.846;0.095194
2.847;0.081714
2.848;0.070535
2.849;0.060672
2.85;0.053439
2.851;0.044562
2.852;0.036836
2.853;0.028452
2.854;0.021876
2.855;0.014315
2.856;0.010534
2.857;0.00478
2.858;0.000342
2.859;-0.003111
2.86;-0.007056
2.861;-0.007714
2.862;-0.011988
2.863;-0.012152
2.864;-0.013138
2.865;-0.012645
2.866;-0.013303
2.867;-0.011494
2.868;-0.013138
2.869;-0.012316
2.87;-0.013467
2.871;-0.013303
2.872;-0.011988
2.873;-0.012645
2.874;-0.011659
2.875;-0.010344
2.876;-0.009686
2.877;-0.0087
2.878;-0.005576
2.879;-0.003439
2.88;-0.003111
2.881;0.001328
2.882;0.001492
2.883;0.004616
2.884;0.005931
2.885;0.005109
2.886;0.006753
2.887;0.007081
2.888;0.00741
2.889;0.006095
2.89;0.006259
2.891;0.005602
2.892;0.004287
2.893;0.004616
2.894;0.003301
2.895;0.002972
2.896;0.002643
2.897;0.002314
2.898;0.003136
2.899;0.003794
2.9;0.004287
2.901;0.004616
2.902;0.003136
2.903;0.001821
2.904;0.001821
2.905;0.00215
2.906;0.001985
2.907;0.001821
2.908;-0.00048
2.909;0.000506
2.91;-0.000152
2.911;-0.001631
2.912;-0.001138
2.913;-0.000809
2.914;0.000506
2.915;0.001492
2.916;0.001985
2.917;0.002807
2.918;0.003794
2.919;0.003958
2.92;0.003301
2.921;0.003958
2.922;0.002643
2.923;0.001985
2.924;0.00215
2.925;0.002314
2.926;0.001163
2.927;0.001657
2.928;0.001328
2.929;0.00215
2.93;0.004616
2.931;0.003958
2.932;0.00478
2.933;0.006095
2.934;0.006753
2.935;0.009383
2.936;0.008561
2.937;0.008068
2.938;0.006259
2.939;0.008725
2.94;0.007739
2.941;0.006753
2.942;0.006753
2.943;0.007246
2.944;0.009218
2.945;0.009383
2.946;0.008725
2.947;0.01004
2.948;0.011849
2.949;0.012506
2.95;0.013821
2.951;0.013493
2.952;0.015465
2.953;0.016123
2.954;0.014643
2.955;0.014643
2.956;0.015794
2.957;0.016287
2.958;0.015136
2.959;0.015301
2.96;0.015958
2.961;0.016616
2.962;0.01826
2.963;0.019082
2.964;0.02089
2.965;0.022041
2.966;0.023191
2.967;0.024342
2.968;0.024013
2.969;0.026479
2.97;0.024342
2.971;0.025822
2.972;0.025657
2.973;0.026972
2.974;0.027466
2.975;0.025657
2.976;0.025329
2.977;0.026972
2.978;0.029603
2.979;0.031082
2.98;0.029767
2.981;0.030753
2.982;0.03437
2.983;0.035356
2.984;0.036507
2.985;0.036014
2.986;0.037329
2.987;0.03848
2.988;0.037986
2.989;0.038644
2.99;0.03848
2.991;0.039795
2.992;0.039959
2.993;0.039466
2.994;0.040452
2.995;0.041603
2.996;0.042918
2.997;0.043576
2.998;0.044891
2.999;0.047521
3;0.048014
3.001;0.048672
3.002;0.051138
3.003;0.051795
3.004;0.052453
3.005;0.050809
3.006;0.051631
3.007;0.052453
3.008;0.052946
3.009;0.052781
3.01;0.053768
3.011;0.055905
3.012;0.058206
3.013;0.059028
3.014;0.058371
3.015;0.060343
3.016;0.060672
3.017;0.062973
3.018;0.063795
3.019;0.064782
3.02;0.065111
3.021;0.066426
3.022;0.065111
3.023;0.067248
3.024;0.066097
3.025;0.066919
3.026;0.06659
3.027;0.069056
3.028;0.068563
3.029;0.070207
3.03;0.069549
3.031;0.0707
3.032;0.07333
3.033;0.075631
3.034;0.075138
3.035;0.076289
3.036;0.076782
3.037;0.077111
3.038;0.07744
3.039;0.07596
3.04;0.078262
3.041;0.077933
3.042;0.076946
3.043;0.074809
3.044;0.07744
3.045;0.077768
3.046;0.078262
3.047;0.078262
3.048;0.078262
3.049;0.078919
3.05;0.078919
3.051;0.078755
3.052;0.078755
3.053;0.080234
3.054;0.076782
3.055;0.076782
3.056;0.076782
3.057;0.076946
3.058;0.073823
3.059;0.073001
3.06;0.07185
3.061;0.072508
3.062;0.071357
3.063;0.068727
3.064;0.069549
3.065;0.069549
3.066;0.069056
3.067;0.068234
3.068;0.067083
3.069;0.065768
3.07;0.064617
3.071;0.063138
3.072;0.061165
3.073;0.060179
3.074;0.058371
3.075;0.056069
3.076;0.05459
3.077;0.053275
3.078;0.052453
3.079;0.049658
3.08;0.049
3.081;0.049
3.082;0.048179
3.083;0.048343
3.084;0.04522
3.085;0.045713
3.086;0.044069
3.087;0.041932
3.088;0.039959
3.089;0.038973
3.09;0.036836
3.091;0.036507
3.092;0.033055
3.093;0.032726
3.094;0.030918
3.095;0.030096
3.096;0.028781
3.097;0.028123
3.098;0.027794
3.099;0.027301
3.1;0.028288
3.101;0.026972
3.102;0.025164
3.103;0.022863
3.104;0.02237
3.105;0.020561
3.106;0.020561
3.107;0.017274
3.108;0.016123
3.109;0.014643
3.11;0.013657
3.111;0.012835
3.112;0.012177
3.113;0.012506
3.114;0.010698
3.115;0.011027
3.116;0.010369
3.117;0.011191
3.118;0.010205
3.119;0.009547
3.12;0.007575
3.121;0.007246
3.122;0.005273
3.123;0.004944
3.124;0.002643
3.125;0.002972
3.126;0.002314
3.127;0.001163
3.128;0.000999
3.129;1.27E-05
3.13;0.001492
3.131;0.00067
3.132;0.001657
3.133;-0.000645
3.134;0.000835
3.135;0.000999
3.136;1.27E-05
3.137;-0.001796
3.138;-0.003111
3.139;-0.002124
3.14;-0.003768
3.141;-0.003768
3.142;-0.005248
3.143;-0.005905
3.144;-0.006563
3.145;-0.006563
3.146;-0.007714
3.147;-0.006563
3.148;-0.006563
3.149;-0.005248
3.15;-0.005741
3.151;-0.005905
3.152;-0.006727
3.153;-0.006727
3.154;-0.007549
3.155;-0.008864
3.156;-0.009193
3.157;-0.009029
3.158;-0.008535
3.159;-0.011494
3.16;-0.010837
3.161;-0.010508
3.162;-0.009686
3.163;-0.010344
3.164;-0.010837
3.165;-0.010508
3.166;-0.008371
3.167;-0.010015
3.168;-0.008535
3.169;-0.007714
3.17;-0.008371
3.171;-0.010179
3.172;-0.009193
3.173;-0.009686
3.174;-0.010508
3.175;-0.011659
3.176;-0.011659
3.177;-0.01281
3.178;-0.012481
3.179;-0.012316
3.18;-0.01133
3.181;-0.011001
3.182;-0.012152
3.183;-0.011494
3.184;-0.008535
3.185;-0.009029
3.186;-0.009357
3.187;-0.010179
3.188;-0.011001
3.189;-0.009193
3.19;-0.010179
3.191;-0.010673
3.192;-0.011659
3.193;-0.01281
3.194;-0.012316
3.195;-0.012152
3.196;-0.011001
3.197;-0.012316
3.198;-0.01133
3.199;-0.010015
3.2;-0.009357
3.201;-0.0087
3.202;-0.009193
3.203;-0.008371
3.204;-0.009851
3.205;-0.010673
3.206;-0.010837
3.207;-0.011001
3.208;-0.011659
3.209;-0.011659
3.21;-0.012152
3.211;-0.009193
3.212;-0.01281
3.213;-0.011166
3.214;-0.011001
3.215;-0.0087
3.216;-0.0087
3.217;-0.007878
3.218;-0.009193
3.219;-0.006727
3.22;-0.008864
3.221;-0.0087
3.222;-0.010344
3.223;-0.009522
3.224;-0.011001
3.225;-0.010179
3.226;-0.010673
3.227;-0.012974
3.228;-0.010344
3.229;-0.010344
3.23;-0.009357
3.231;-0.010673
3.232;-0.010015
3.233;-0.0087
3.234;-0.007714
3.235;-0.007714
3.236;-0.007714
3.237;-0.007878
3.238;-0.008042
3.239;-0.008535
3.24;-0.009686
3.241;-0.0087
3.242;-0.009686
3.243;-0.008864
3.244;-0.009357
3.245;-0.009357
3.246;-0.009357
3.247;-0.008864
3.248;-0.008371
3.249;-0.007714
3.25;-0.006892
3.251;-0.004919
3.252;-0.005905
3.253;-0.00607
3.254;-0.007385
3.255;-0.0087
3.256;-0.006398
3.257;-0.008864
3.258;-0.009029
3.259;-0.008207
3.26;-0.009357
3.261;-0.010508
3.262;-0.009029
3.263;-0.007385
3.264;-0.008207
3.265;-0.00722
3.266;-0.006563
3.267;-0.006234
3.268;-0.005576
3.269;-0.006398
3.27;-0.005905
3.271;-0.006727
3.272;-0.00722
3.273;-0.008042
3.274;-0.007714
3.275;-0.008042
3.276;-0.009522
3.277;-0.009193
3.278;-0.009357
3.279;-0.008864
3.28;-0.009193
3.281;-0.0087
3.282;-0.007385
3.283;-0.009029
3.284;-0.006234
3.285;-0.006563
3.286;-0.005905
3.287;-0.007385
3.288;-0.007056
3.289;-0.008371
3.29;-0.007549
3.291;-0.010344
3.292;-0.009029
3.293;-0.009193
3.294;-0.009193
3.295;-0.009357
3.296;-0.009193
3.297;-0.009357
3.298;-0.007549
3.299;-0.005412
3.3;-0.006398
3.301;-0.005576
3.302;-0.006234
3.303;-0.006398
3.304;-0.006727
3.305;-0.006727
3.306;-0.0087
3.307;-0.009193
3.308;-0.007878
3.309;-0.009522
3.31;-0.009522
3.311;-0.009686
3.312;-0.009357
3.313;-0.009029
3.314;-0.008371
3.315;-0.007385
3.316;-0.007385
3.317;-0.006892
3.318;-0.005905
3.319;-0.005741
3.32;-0.005412
3.321;-0.007878
3.322;-0.00722
3.323;-0.007385
3.324;-0.007714
3.325;-0.0087
3.326;-0.009686
3.327;-0.008535
3.328;-0.007549
3.329;-0.009522
3.33;-0.0087
3.331;-0.007878
3.332;-0.007385
3.333;-0.006892
3.334;-0.005905
3.335;-0.004426
3.336;-0.006398
3.337;-0.007385
3.338;-0.007714
3.339;-0.00722
3.34;-0.009193
3.341;-0.009851
3.342;-0.009357
3.343;-0.009851
3.344;-0.009357
3.345;-0.009686
3.346;-0.007714
3.347;-0.007056
3.348;-0.008864
3.349;-0.007714
3.35;-0.006892
3.351;-0.006727
3.352;-0.005741
3.353;-0.005576
3.354;-0.006727
3.355;-0.009357
3.356;-0.008535
3.357;-0.008371
3.358;-0.009193
3.359;-0.009029
3.36;-0.009851
3.361;-0.008371
3.362;-0.009851
3.363;-0.0087
3.364;-0.009357
3.365;-0.006727
3.366;-0.007056
3.367;-0.006234
3.368;-0.005905
3.369;-0.005905
3.37;-0.008371
3.371;-0.006398
3.372;-0.007714
3.373;-0.007878
3.374;-0.007714
3.375;-0.009851
3.376;-0.009851
3.377;-0.009029
3.378;-0.0087
3.379;-0.009686
3.38;-0.008864
3.381;-0.007385
3.382;-0.006892
3.383;-0.006892
3.384;-0.005576
3.385;-0.007878
3.386;-0.006563
3.387;-0.006563
3.388;-0.006234
3.389;-0.007878
3.39;-0.008371
3.391;-0.008207
3.392;-0.009029
3.393;-0.009522
3.394;-0.009357
3.395;-0.009029
3.396;-0.0087
3.397;-0.008864
3.398;-0.007714
3.399;-0.006563
3.4;-0.005576
3.401;-0.00607
3.402;-0.005576
3.403;-0.005248
3.404;-0.007385
3.405;-0.0087
3.406;-0.007714
3.407;-0.008042
3.408;-0.009522
3.409;-0.009029
3.41;-0.009029
3.411;-0.008864
3.412;-0.007878
3.413;-0.009029
3.414;-0.007714
3.415;-0.007714
3.416;-0.00607
3.417;-0.005741
3.418;-0.005741
3.419;-0.006563
3.42;-0.006234
3.421;-0.006727
3.422;-0.008042
3.423;-0.008371
3.424;-0.008864
3.425;-0.008207
3.426;-0.009029
3.427;-0.009029
3.428;-0.008535
3.429;-0.008207
3.43;-0.009357
3.431;-0.008371
3.432;-0.008042
3.433;-0.008042
3.434;-0.006234
3.435;-0.005248
3.436;-0.006398
3.437;-0.006892
3.438;-0.007714
3.439;-0.007385
3.44;-0.007714
3.441;-0.009522
3.442;-0.008042
3.443;-0.0087
3.444;-0.009193
3.445;-0.009193
3.446;-0.008864
3.447;-0.009029
3.448;-0.007385
3.449;-0.006892
3.45;-0.007056
3.451;-0.00459
3.452;-0.00607
3.453;-0.004755
3.454;-0.005741
3.455;-0.00607
3.456;-0.005905
3.457;-0.006234
3.458;-0.007385
3.459;-0.007549
3.46;-0.009357
3.461;-0.007714
3.462;-0.009193
3.463;-0.007549
3.464;-0.00722
3.465;-0.00722
3.466;-0.007056
3.467;-0.005412
3.468;-0.005412
3.469;-0.005083
3.47;-0.005741
3.471;-0.006563
3.472;-0.007056
3.473;-0.007714
3.474;-0.007385
3.475;-0.009686
3.476;-0.009686
3.477;-0.009193
3.478;-0.008535
3.479;-0.009029
3.48;-0.009357
3.481;-0.009029
3.482;-0.007878
3.483;-0.008042
3.484;-0.004919
3.485;-0.00722
3.486;-0.006398
3.487;-0.006892
3.488;-0.006563
3.489;-0.008207
3.49;-0.008535
3.491;-0.006892
3.492;-0.008042
3.493;-0.008042
3.494;-0.007714
3.495;-0.006727
3.496;-0.008042
3.497;-0.005248
3.498;-0.005741
3.499;-0.003933
3.5;-0.004097
3.501;-0.002124
3.502;-0.002782
3.503;-0.002617
3.504;-0.001631
3.505;-0.002289
3.506;-0.003439
3.507;-0.003275
3.508;-0.003275
3.509;-0.003933
3.51;-0.003933
3.511;-0.002617
3.512;-0.002453
3.513;-0.004097
3.514;-0.002453
3.515;-0.001467
3.516;-0.00048
3.517;0.001821
3.518;0.001328
3.519;0.00215
3.52;0.001821
3.521;0.000999
3.522;0.000342
3.523;0.001821
3.524;0.000506
3.525;0.00215
3.526;0.001492
3.527;0.00067
3.528;0.001657
3.529;0.003629
3.53;0.004451
3.531;0.004616
3.532;0.005602
3.533;0.006259
3.534;0.009218
3.535;0.009876
3.536;0.009547
3.537;0.010534
3.538;0.011356
3.539;0.008561
3.54;0.009547
3.541;0.010369
3.542;0.008561
3.543;0.009383
3.544;0.011027
3.545;0.011684
3.546;0.012013
3.547;0.012999
3.548;0.014972
3.549;0.016287
3.55;0.016452
3.551;0.017438
3.552;0.017438
3.553;0.017602
3.554;0.015958
3.555;0.015301
3.556;0.016123
3.557;0.014808
3.558;0.013986
3.559;0.013328
3.56;0.012506
3.561;0.013657
3.562;0.011027
3.563;0.012342
3.564;0.011191
3.565;0.012013
3.566;0.011684
3.567;0.013657
3.568;0.012506
3.569;0.012342
3.57;0.011849
3.571;0.010369
3.572;0.008232
3.573;0.007246
3.574;0.006917
3.575;0.006424
3.576;0.005766
3.577;0.003629
3.578;0.00478
3.579;0.005602
3.58;0.005273
3.581;0.005766
3.582;0.004451
3.583;0.003794
3.584;0.003465
3.585;0.003958
3.586;0.004122
3.587;0.003958
3.588;0.002972
3.589;0.00215
3.59;0.00067
3.591;-0.000316
3.592;-0.002289
3.593;-0.000974
3.594;-0.001631
3.595;-0.001138
3.596;-0.002617
3.597;-0.003275
3.598;-0.001467
3.599;-0.002289
3.6;-0.000974
3.601;-0.000152
3.602;0.000177
3.603;-0.001302
3.604;-0.003275
3.605;-0.003439
3.606;-0.00459
3.607;-0.005905
3.608;-0.005412
3.609;-0.00459
3.61;-0.006892
3.611;-0.00722
3.612;-0.00722
3.613;-0.005741
3.614;-0.005576
3.615;-0.005576
3.616;-0.005248
3.617;-0.005412
3.618;-0.005905
3.619;-0.005576
3.62;-0.005741
3.621;-0.006727
3.622;-0.006727
3.623;-0.00722
3.624;-0.00722
3.625;-0.008864
3.626;-0.010015
3.627;-0.009686
3.628;-0.008207
3.629;-0.008535
3.63;-0.007714
3.631;-0.0087
3.632;-0.007385
3.633;-0.007549
3.634;-0.00607
3.635;-0.006234
3.636;-0.006727
3.637;-0.008042
3.638;-0.008042
3.639;-0.009193
3.64;-0.010015
3.641;-0.011494
3.642;-0.011659
3.643;-0.011001
3.644;-0.011988
3.645;-0.012974
3.646;-0.013631
3.647;-0.011988
3.648;-0.011988
3.649;-0.013138
3.65;-0.011823
3.651;-0.01396
3.652;-0.013631
3.653;-0.015604
3.654;-0.017577
3.655;-0.020043
3.656;-0.024974
3.657;-0.025796
3.658;-0.027605
3.659;-0.031714
3.66;-0.033851
3.661;-0.03418
3.662;-0.03681
3.663;-0.039112
3.664;-0.038783
3.665;-0.039112
3.666;-0.039276
3.667;-0.03829
3.668;-0.037303
3.669;-0.036646
3.67;-0.034344
3.671;-0.031714
3.672;-0.027276
3.673;-0.020865
3.674;-0.014782
3.675;-0.005412
3.676;0.002314
3.677;0.012506
3.678;0.023027
3.679;0.035356
3.68;0.048836
3.681;0.061823
3.682;0.075138
3.683;0.088454
3.684;0.102755
3.685;0.114098
3.686;0.126921
3.687;0.13925
3.688;0.150921
3.689;0.159963
3.69;0.16884
3.691;0.175908
3.692;0.182648
3.693;0.185607
3.694;0.186429
3.695;0.181333
3.696;0.177388
3.697;0.16736
3.698;0.155195
3.699;0.141551
3.7;0.124948
3.701;0.111468
3.702;0.096509
3.703;0.082864
3.704;0.07185
3.705;0.05985
3.706;0.050809
3.707;0.041603
3.708;0.033384
3.709;0.024507
3.71;0.018589
3.711;0.013164
3.712;0.007081
3.713;0.003465
3.714;1.27E-05
3.715;-0.002946
3.716;-0.005412
3.717;-0.00607
3.718;-0.00722
3.719;-0.009029
3.72;-0.012481
3.721;-0.012316
3.722;-0.013796
3.723;-0.014618
3.724;-0.015933
3.725;-0.015604
3.726;-0.016426
3.727;-0.015769
3.728;-0.014782
3.729;-0.013303
3.73;-0.012152
3.731;-0.009357
3.732;-0.006727
3.733;-0.00459
3.734;-0.003275
3.735;-0.00196
3.736;-0.000645
3.737;0.002479
3.738;0.002479
3.739;0.002807
3.74;0.002479
3.741;0.004122
3.742;0.003629
3.743;0.004451
3.744;0.004451
3.745;0.004287
3.746;0.003794
3.747;0.005931
3.748;0.006753
3.749;0.006095
3.75;0.005438
3.751;0.006917
3.752;0.005766
3.753;0.004944
3.754;0.003136
3.755;0.003465
3.756;0.002972
3.757;0.000999
3.758;-0.000809
3.759;-0.00048
3.76;-0.001138
3.761;-0.000152
3.762;0.000342
3.763;1.27E-05
3.764;-0.000152
3.765;0.000506
3.766;0.000342
3.767;0.002643
3.768;0.001492
3.769;0.001328
3.77;0.001657
3.771;0.001985
3.772;0.001163
3.773;0.000999
3.774;0.000342
3.775;0.001163
3.776;0.000506
3.777;0.000342
3.778;0.000999
3.779;0.001985
3.78;0.001492
3.781;0.002972
3.782;0.003629
3.783;0.002972
3.784;0.004122
3.785;0.005766
3.786;0.006753
3.787;0.006753
3.788;0.005109
3.789;0.005931
3.79;0.005438
3.791;0.004451
3.792;0.005109
3.793;0.005438
3.794;0.005438
3.795;0.005602
3.796;0.006917
3.797;0.008232
3.798;0.007081
3.799;0.008725
3.8;0.011684
3.801;0.011684
3.802;0.012177
3.803;0.012342
3.804;0.012177
3.805;0.013328
3.806;0.013164
3.807;0.011684
3.808;0.013657
3.809;0.012999
3.81;0.012342
3.811;0.01415
3.812;0.015136
3.813;0.015465
3.814;0.016945
3.815;0.017602
3.816;0.01826
3.817;0.020232
3.818;0.021383
3.819;0.021219
3.82;0.021712
3.821;0.022698
3.822;0.022205
3.823;0.021383
3.824;0.022863
3.825;0.022205
3.826;0.022205
3.827;0.024835
3.828;0.024342
3.829;0.025329
3.83;0.026972
3.831;0.028945
3.832;0.028123
3.833;0.030096
3.834;0.03289
3.835;0.033877
3.836;0.033548
3.837;0.033712
3.838;0.033712
3.839;0.034534
3.84;0.034206
3.841;0.034206
3.842;0.035521
3.843;0.035027
3.844;0.035521
3.845;0.036507
3.846;0.038644
3.847;0.038808
3.848;0.03963
3.849;0.041603
3.85;0.044562
3.851;0.04522
3.852;0.044726
3.853;0.046206
3.854;0.046206
3.855;0.046699
3.856;0.047357
3.857;0.047521
3.858;0.048507
3.859;0.048672
3.86;0.049494
3.861;0.051959
3.862;0.051959
3.863;0.051302
3.864;0.053768
3.865;0.056069
3.866;0.05722
3.867;0.059028
3.868;0.060508
3.869;0.060343
3.87;0.061001
3.871;0.061658
3.872;0.060836
3.873;0.060672
3.874;0.061823
3.875;0.062645
3.876;0.063302
3.877;0.063795
3.878;0.062973
3.879;0.065275
3.88;0.068398
3.881;0.06807
3.882;0.069056
3.883;0.071193
3.884;0.073001
3.885;0.072837
3.886;0.073659
3.887;0.073659
3.888;0.073659
3.889;0.073823
3.89;0.073494
3.891;0.074152
3.892;0.074809
3.893;0.074152
3.894;0.076453
3.895;0.077933
3.896;0.077275
3.897;0.077275
3.898;0.077768
3.899;0.079248
3.9;0.080234
3.901;0.080892
3.902;0.081056
3.903;0.080892
3.904;0.079412
3.905;0.080234
3.906;0.07859
3.907;0.077604
3.908;0.076289
3.909;0.074316
3.91;0.076125
3.911;0.076289
3.912;0.075631
3.913;0.075467
3.914;0.074316
3.915;0.075467
3.916;0.074974
3.917;0.075467
3.918;0.073987
3.919;0.073494
3.92;0.072837
3.921;0.071028
3.922;0.069056
3.923;0.066426
3.924;0.064617
3.925;0.064289
3.926;0.061658
3.927;0.059193
3.928;0.061001
3.929;0.059686
3.93;0.058042
3.931;0.057713
3.932;0.056891
3.933;0.056069
3.934;0.055905
3.935;0.054918
3.936;0.052946
3.937;0.051466
3.938;0.048507
3.939;0.046699
3.94;0.044069
3.941;0.042754
3.942;0.040123
3.943;0.039795
3.944;0.040288
3.945;0.038151
3.946;0.036507
3.947;0.037
3.948;0.034863
3.949;0.035849
3.95;0.034699
3.951;0.034041
3.952;0.03174
3.953;0.031082
3.954;0.028452
3.955;0.029438
3.956;0.025329
3.957;0.024342
3.958;0.02352
3.959;0.02089
3.96;0.019739
3.961;0.019246
3.962;0.018424
3.963;0.017274
3.964;0.017109
3.965;0.017602
3.966;0.017274
3.967;0.015958
3.968;0.016452
3.969;0.015301
3.97;0.013986
3.971;0.012342
3.972;0.010205
3.973;0.009547
3.974;0.009218
3.975;0.006095
3.976;0.005931
3.977;0.005766
3.978;0.004944
3.979;0.005273
3.98;0.003465
3.981;0.005109
3.982;0.004451
3.983;0.003136
3.984;0.003629
3.985;0.003794
3.986;0.002807
3.987;0.00215
3.988;0.000999
3.989;-0.000316
3.99;-0.000645
3.991;-0.001796
3.992;-0.002617
3.993;-0.003933
3.994;-0.003604
3.995;-0.004426
3.996;-0.003933
3.997;-0.002289
3.998;-0.002617
3.999;-0.002782
4;-0.002782
4.001;-0.002617
4.002;-0.003439
4.003;-0.003604
4.004;-0.003768
4.005;-0.005576
4.006;-0.007549
4.007;-0.007714
4.008;-0.008371
4.009;-0.0087
4.01;-0.009029
4.011;-0.009522
4.012;-0.009357
4.013;-0.009357
4.014;-0.008042
4.015;-0.006398
4.016;-0.008371
4.017;-0.006563
4.018;-0.006398
4.019;-0.005412
4.02;-0.0087
4.021;-0.009851
4.022;-0.008864
4.023;-0.010837
4.024;-0.010344
4.025;-0.01133
4.026;-0.011494
4.027;-0.010508
4.028;-0.010344
4.029;-0.011001
4.03;-0.009851
4.031;-0.009851
4.032;-0.0087
4.033;-0.007878
4.034;-0.007878
4.035;-0.007714
4.036;-0.0087
4.037;-0.009193
4.038;-0.010344
4.039;-0.011988
4.04;-0.012481
4.041;-0.011659
4.042;-0.011001
4.043;-0.012481
4.044;-0.012316
4.045;-0.011494
4.046;-0.010508
4.047;-0.009851
4.048;-0.009357
4.049;-0.008371
4.05;-0.0087
4.051;-0.007878
4.052;-0.008864
4.053;-0.007878
4.054;-0.010015
4.055;-0.011001
4.056;-0.011166
4.057;-0.010508
4.058;-0.011659
4.059;-0.011823
4.06;-0.011988
4.061;-0.010673
4.062;-0.012481
4.063;-0.01133
4.064;-0.010673
4.065;-0.009851
4.066;-0.009193
4.067;-0.0087
4.068;-0.007056
4.069;-0.008042
4.07;-0.008535
4.071;-0.008371
4.072;-0.009029
4.073;-0.010673
4.074;-0.010179
4.075;-0.011166
4.076;-0.011001
4.077;-0.010673
4.078;-0.009522
4.079;-0.010015
4.08;-0.009686
4.081;-0.009522
4.082;-0.008042
4.083;-0.007878
4.084;-0.007549
4.085;-0.008042
4.086;-0.008371
4.087;-0.008042
4.088;-0.009522
4.089;-0.009357
4.09;-0.009193
4.091;-0.009357
4.092;-0.010015
4.093;-0.009686
4.094;-0.009193
4.095;-0.009522
4.096;-0.010015
4.097;-0.008371
4.098;-0.007056
4.099;-0.008371
4.1;-0.006234
4.101;-0.004755
4.102;-0.006234
4.103;-0.006234
4.104;-0.007385
4.105;-0.006234
4.106;-0.008371
4.107;-0.0087
4.108;-0.007878
4.109;-0.008864
4.11;-0.009357
4.111;-0.0087
4.112;-0.007714
4.113;-0.006727
4.114;-0.007385
4.115;-0.00722
4.116;-0.006398
4.117;-0.005905
4.118;-0.005248
4.119;-0.00607
4.12;-0.005905
4.121;-0.00607
4.122;-0.007385
4.123;-0.007878
4.124;-0.007878
4.125;-0.008371
4.126;-0.009029
4.127;-0.008864
4.128;-0.007714
4.129;-0.009029
4.13;-0.008042
4.131;-0.008042
4.132;-0.007385
4.133;-0.006727
4.134;-0.006398
4.135;-0.006234
4.136;-0.006234
4.137;-0.007056
4.138;-0.007385
4.139;-0.00722
4.14;-0.008042
4.141;-0.009193
4.142;-0.009029
4.143;-0.008535
4.144;-0.008207
4.145;-0.009193
4.146;-0.007714
4.147;-0.00722
4.148;-0.007056
4.149;-0.00722
4.15;-0.00607
4.151;-0.005083
4.152;-0.005905
4.153;-0.006563
4.154;-0.005905
4.155;-0.007056
4.156;-0.007714
4.157;-0.007549
4.158;-0.006727
4.159;-0.009029
4.16;-0.009357
4.161;-0.009029
4.162;-0.007714
4.163;-0.007549
4.164;-0.007549
4.165;-0.006234
4.166;-0.006398
4.167;-0.00607
4.168;-0.005741
4.169;-0.004919
4.17;-0.006892
4.171;-0.00722
4.172;-0.007056
4.173;-0.00722
4.174;-0.007549
4.175;-0.0087
4.176;-0.009029
4.177;-0.008042
4.178;-0.008535
4.179;-0.008371
4.18;-0.008371
4.181;-0.006563
4.182;-0.005905
4.183;-0.006892
4.184;-0.005576
4.185;-0.005412
4.186;-0.005412
4.187;-0.005576
4.188;-0.005412
4.189;-0.008535
4.19;-0.008371
4.191;-0.008207
4.192;-0.009522
4.193;-0.009193
4.194;-0.008864
4.195;-0.008042
4.196;-0.008371
4.197;-0.008042
4.198;-0.008535
4.199;-0.00607
4.2;-0.005412
4.201;-0.005248
4.202;-0.006234
4.203;-0.006563
4.204;-0.006398
4.205;-0.006727
4.206;-0.008042
4.207;-0.007714
4.208;-0.008207
4.209;-0.009851
4.21;-0.008535
4.211;-0.008371
4.212;-0.009029
4.213;-0.009029
4.214;-0.006727
4.215;-0.007056
4.216;-0.00607
4.217;-0.005248
4.218;-0.004919
4.219;-0.005248
4.22;-0.00607
4.221;-0.006398
4.222;-0.006892
4.223;-0.0087
4.224;-0.008535
4.225;-0.008535
4.226;-0.009029
4.227;-0.007385
4.228;-0.009029
4.229;-0.007385
4.23;-0.00722
4.231;-0.007549
4.232;-0.007714
4.233;-0.005741
4.234;-0.004261
4.235;-0.005412
4.236;-0.005412
4.237;-0.006234
4.238;-0.007056
4.239;-0.006398
4.24;-0.008371
4.241;-0.007056
4.242;-0.008371
4.243;-0.010179
4.244;-0.008371
4.245;-0.007714
4.246;-0.008207
4.247;-0.007878
4.248;-0.00607
4.249;-0.00607
4.25;-0.004755
4.251;-0.00607
4.252;-0.004426
4.253;-0.005741
4.254;-0.00607
4.255;-0.006892
4.256;-0.008207
4.257;-0.008207
4.258;-0.008864
4.259;-0.0087
4.26;-0.008207
4.261;-0.008535
4.262;-0.009193
4.263;-0.008371
4.264;-0.007549
4.265;-0.006727
4.266;-0.006727
4.267;-0.004919
4.268;-0.005248
4.269;-0.006234
4.27;-0.006727
4.271;-0.006563
4.272;-0.00722
4.273;-0.007878
4.274;-0.008042
4.275;-0.008042
4.276;-0.008207
4.277;-0.009029
4.278;-0.0087
4.279;-0.009029
4.28;-0.008535
4.281;-0.006892
4.282;-0.00607
4.283;-0.006398
4.284;-0.005741
4.285;-0.005083
4.286;-0.006234
4.287;-0.007549
4.288;-0.007714
4.289;-0.006727
4.29;-0.009193
4.291;-0.007878
4.292;-0.009851
4.293;-0.008864
4.294;-0.008042
4.295;-0.009522
4.296;-0.008371
4.297;-0.007385
4.298;-0.007878
4.299;-0.006398
4.3;-0.005248
4.301;-0.005083
4.302;-0.005741
4.303;-0.006398
4.304;-0.006892
4.305;-0.00607
4.306;-0.008371
4.307;-0.008535
4.308;-0.00607
4.309;-0.007385
4.31;-0.007385
4.311;-0.007549
4.312;-0.006398
4.313;-0.006398
4.314;-0.006234
4.315;-0.00607
4.316;-0.005248
4.317;-0.005083
4.318;-0.003933
4.319;-0.004261
4.32;-0.004919
4.321;-0.005741
4.322;-0.007714
4.323;-0.006398
4.324;-0.007056
4.325;-0.007714
4.326;-0.009193
4.327;-0.008535
4.328;-0.008864
4.329;-0.008535
4.33;-0.008042
4.331;-0.00722
4.332;-0.007385
4.333;-0.00607
4.334;-0.005248
4.335;-0.004097
4.336;-0.005741
4.337;-0.006563
4.338;-0.006563
4.339;-0.007385
4.34;-0.008371
4.341;-0.009851
4.342;-0.008535
4.343;-0.009522
4.344;-0.008535
4.345;-0.0087
4.346;-0.007714
4.347;-0.006234
4.348;-0.005905
4.349;-0.004426
4.35;-0.004097
4.351;-0.003111
4.352;-0.003439
4.353;-0.002782
4.354;-0.004261
4.355;-0.003768
4.356;-0.00459
4.357;-0.00459
4.358;-0.004426
4.359;-0.004426
4.36;-0.00459
4.361;-0.003275
4.362;-0.003768
4.363;-0.00196
4.364;-0.001467
4.365;-0.00196
4.366;1.27E-05
4.367;0.000999
4.368;0.001657
4.369;0.000177
4.37;-0.000152
4.371;-0.00048
4.372;0.00067
4.373;-0.000152
4.374;1.27E-05
4.375;-0.001138
4.376;0.000177
4.377;0.00067
4.378;0.000506
4.379;0.000835
4.38;0.001821
4.381;0.003136
4.382;0.003958
4.383;0.004451
4.384;0.006588
4.385;0.007081
4.386;0.006095
4.387;0.007246
4.388;0.006753
4.389;0.007081
4.39;0.005273
4.391;0.007739
4.392;0.00741
4.393;0.007575
4.394;0.00889
4.395;0.010205
4.396;0.010534
4.397;0.011684
4.398;0.013328
4.399;0.013164
4.4;0.013821
4.401;0.015465
4.402;0.015136
4.403;0.014808
4.404;0.01563
4.405;0.014643
4.406;0.01415
4.407;0.014479
4.408;0.015301
4.409;0.014315
4.41;0.015301
4.411;0.015301
4.412;0.01563
4.413;0.01563
4.414;0.015465
4.415;0.015958
4.416;0.015465
4.417;0.015794
4.418;0.016287
4.419;0.013657
4.42;0.013821
4.421;0.014808
4.422;0.012013
4.423;0.011356
4.424;0.010698
4.425;0.01004
4.426;0.008068
4.427;0.009218
4.428;0.008397
4.429;0.007739
4.43;0.007739
4.431;0.007739
4.432;0.008232
4.433;0.00889
4.434;0.008397
4.435;0.007739
4.436;0.008068
4.437;0.006424
4.438;0.004944
4.439;0.003958
4.44;0.002479
4.441;0.002314
4.442;0.001492
4.443;0.002314
4.444;0.00215
4.445;0.001328
4.446;0.000342
4.447;0.002479
4.448;0.001492
4.449;0.001657
4.45;0.001492
4.451;0.002314
4.452;0.001163
4.453;1.27E-05
4.454;-0.00048
4.455;-0.001302
4.456;-0.003439
4.457;-0.003275
4.458;-0.002782
4.459;-0.004261
4.46;-0.005083
4.461;-0.005576
4.462;-0.004755
4.463;-0.004919
4.464;-0.00459
4.465;-0.003933
4.466;-0.001302
4.467;-0.002453
4.468;-0.002124
4.469;-0.004426
4.47;-0.004097
4.471;-0.004261
4.472;-0.005905
4.473;-0.006892
4.474;-0.008042
4.475;-0.008207
4.476;-0.008207
4.477;-0.007714
4.478;-0.008535
4.479;-0.007549
4.48;-0.007549
4.481;-0.005905
4.482;-0.007385
4.483;-0.005576
4.484;-0.006398
4.485;-0.005248
4.486;-0.005248
4.487;-0.00722
4.488;-0.007385
4.489;-0.008371
4.49;-0.009029
4.491;-0.008864
4.492;-0.0087
4.493;-0.008864
4.494;-0.010179
4.495;-0.010508
4.496;-0.009851
4.497;-0.010673
4.498;-0.008371
4.499;-0.009522
4.5;-0.008042
4.501;-0.008864
4.502;-0.008864
4.503;-0.010508
4.504;-0.011001
4.505;-0.011659
4.506;-0.013796
4.507;-0.015769
4.508;-0.016097
4.509;-0.017412
4.51;-0.020207
4.511;-0.0207
4.512;-0.023659
4.513;-0.025139
4.514;-0.026783
4.515;-0.028426
4.516;-0.029413
4.517;-0.030563
4.518;-0.033194
4.519;-0.036153
4.52;-0.037468
4.521;-0.038454
4.522;-0.037961
4.523;-0.041249
4.524;-0.039605
4.525;-0.038619
4.526;-0.036646
4.527;-0.031221
4.528;-0.028098
4.529;-0.020536
4.53;-0.012152
4.531;-0.004097
4.532;0.006588
4.533;0.016123
4.534;0.028945
4.535;0.040617
4.536;0.051631
4.537;0.064617
4.538;0.075631
4.539;0.089111
4.54;0.100454
4.541;0.113112
4.542;0.125277
4.543;0.137277
4.544;0.14862
4.545;0.160785
4.546;0.169497
4.547;0.178045
4.548;0.184785
4.549;0.188237
4.55;0.189224
4.551;0.186265
4.552;0.179689
4.553;0.167853
4.554;0.155031
4.555;0.139743
4.556;0.124455
4.557;0.108345
4.558;0.093221
4.559;0.079905
4.56;0.070371
4.561;0.059028
4.562;0.049658
4.563;0.040945
4.564;0.034206
4.565;0.025986
4.566;0.020232
4.567;0.015301
4.568;0.01004
4.569;0.005602
4.57;0.001985
4.571;-0.001467
4.572;-0.005576
4.573;-0.0087
4.574;-0.012316
4.575;-0.011988
4.576;-0.014782
4.577;-0.014947
4.578;-0.014618
4.579;-0.015111
4.58;-0.014453
4.581;-0.014618
4.582;-0.01396
4.583;-0.011988
4.584;-0.010179
4.585;-0.009851
4.586;-0.009357
4.587;-0.0087
4.588;-0.006727
4.589;-0.005248
4.59;-0.004261
4.591;-0.002617
4.592;-0.001796
4.593;-0.001631
4.594;0.002479
4.595;0.002807
4.596;0.002643
4.597;0.003794
4.598;0.005931
4.599;0.005602
4.6;0.008232
4.601;0.00889
4.602;0.008068
4.603;0.007739
4.604;0.006917
4.605;0.007903
4.606;0.003794
4.607;0.003794
4.608;0.001985
4.609;0.00215
4.61;0.001657
4.611;0.001821
4.612;0.000835
4.613;0.001821
4.614;0.001657
4.615;0.002972
4.616;0.002807
4.617;0.003301
4.618;0.003958
4.619;0.003136
4.62;0.002807
4.621;0.001821
4.622;0.000835
4.623;-0.000316
4.624;1.27E-05
4.625;-0.000974
4.626;-0.001467
4.627;-0.000809
4.628;0.000342
4.629;0.000506
4.63;0.001821
4.631;0.002972
4.632;0.003136
4.633;0.003794
4.634;0.004122
4.635;0.003958
4.636;0.004122
4.637;0.004287
4.638;0.002972
4.639;0.005109
4.64;0.002479
4.641;0.002479
4.642;0.003136
4.643;0.004287
4.644;0.00478
4.645;0.005438
4.646;0.00478
4.647;0.006259
4.648;0.006917
4.649;0.008068
4.65;0.010698
4.651;0.01004
4.652;0.009383
4.653;0.008232
4.654;0.010205
4.655;0.01004
4.656;0.009712
4.657;0.009712
4.658;0.009712
4.659;0.010534
4.66;0.01004
4.661;0.01004
4.662;0.012177
4.663;0.012506
4.664;0.012999
4.665;0.015794
4.666;0.016287
4.667;0.017274
4.668;0.017931
4.669;0.019082
4.67;0.019246
4.671;0.019246
4.672;0.018589
4.673;0.017109
4.674;0.01826
4.675;0.019904
4.676;0.017602
4.677;0.019739
4.678;0.022041
4.679;0.021876
4.68;0.023849
4.681;0.024013
4.682;0.025493
4.683;0.02763
4.684;0.028452
4.685;0.029603
4.686;0.028616
4.687;0.027794
4.688;0.029931
4.689;0.029274
4.69;0.029109
4.691;0.029931
4.692;0.029931
4.693;0.031575
4.694;0.030918
4.695;0.033219
4.696;0.035521
4.697;0.035521
4.698;0.037822
4.699;0.038973
4.7;0.039466
4.701;0.040617
4.702;0.04111
4.703;0.040452
4.704;0.041603
4.705;0.042754
4.706;0.041603
4.707;0.041439
4.708;0.042425
4.709;0.043411
4.71;0.044891
4.711;0.045548
4.712;0.047028
4.713;0.048507
4.714;0.050644
4.715;0.051138
4.716;0.052617
4.717;0.053439
4.718;0.055412
4.719;0.05574
4.72;0.055412
4.721;0.055576
4.722;0.056727
4.723;0.057877
4.724;0.058206
4.725;0.058535
4.726;0.059193
4.727;0.059686
4.728;0.060672
4.729;0.061658
4.73;0.062152
4.731;0.064617
4.732;0.064946
4.733;0.067741
4.734;0.068398
4.735;0.068891
4.736;0.068727
4.737;0.070042
4.738;0.069713
4.739;0.069549
4.74;0.069713
4.741;0.070207
4.742;0.070535
4.743;0.071193
4.744;0.072179
4.745;0.073166
4.746;0.073823
4.747;0.074809
4.748;0.076946
4.749;0.077604
4.75;0.079412
4.751;0.08007
4.752;0.081221
4.753;0.080563
4.754;0.078262
4.755;0.077933
4.756;0.078755
4.757;0.078097
4.758;0.078262
4.759;0.077933
4.76;0.077768
4.761;0.077933
4.762;0.077768
4.763;0.079577
4.764;0.079084
4.765;0.078262
4.766;0.077604
4.767;0.079412
4.768;0.079412
4.769;0.077933
4.77;0.075631
4.771;0.076125
4.772;0.074152
4.773;0.072179
4.774;0.071686
4.775;0.070371
4.776;0.070042
4.777;0.068891
4.778;0.069549
4.779;0.067412
4.78;0.065932
4.781;0.065275
4.782;0.064124
4.783;0.064453
4.784;0.064289
4.785;0.063138
4.786;0.060014
4.787;0.058535
4.788;0.056891
4.789;0.05459
4.79;0.052781
4.791;0.051631
4.792;0.050316
4.793;0.049658
4.794;0.047357
4.795;0.04637
4.796;0.044398
4.797;0.044562
4.798;0.042261
4.799;0.043082
4.8;0.041767
4.801;0.040781
4.802;0.040123
4.803;0.037986
4.804;0.036507
4.805;0.034534
4.806;0.032068
4.807;0.030589
4.808;0.029438
4.809;0.02763
4.81;0.027137
4.811;0.026644
4.812;0.02615
4.813;0.025164
4.814;0.023685
4.815;0.022863
4.816;0.023685
4.817;0.022698
4.818;0.022205
4.819;0.020232
4.82;0.018917
4.821;0.018424
4.822;0.015958
4.823;0.014479
4.824;0.012506
4.825;0.011684
4.826;0.011027
4.827;0.010205
4.828;0.010534
4.829;0.009218
4.83;0.008232
4.831;0.008397
4.832;0.009054
4.833;0.008561
4.834;0.007575
4.835;0.00889
4.836;0.005931
4.837;0.005931
4.838;0.005109
4.839;0.003465
4.84;0.002643
4.841;-0.000152
4.842;0.000999
4.843;-0.000152
4.844;0.000342
4.845;-0.000809
4.846;-0.000152
4.847;-0.000809
4.848;-0.000645
4.849;-0.000316
4.85;1.27E-05
4.851;-0.001796
4.852;-0.001138
4.853;-0.001302
4.854;-0.002124
4.855;-0.002617
4.856;-0.00459
4.857;-0.005905
4.858;-0.00722
4.859;-0.006398
4.86;-0.006727
4.861;-0.007056
4.862;-0.007385
4.863;-0.007056
4.864;-0.006727
4.865;-0.00607
4.866;-0.00607
4.867;-0.00607
4.868;-0.006892
4.869;-0.006892
4.87;-0.005741
4.871;-0.007549
4.872;-0.007385
4.873;-0.009686
4.874;-0.010179
4.875;-0.010508
4.876;-0.010344
4.877;-0.010837
4.878;-0.010344
4.879;-0.009522
4.88;-0.008864
4.881;-0.009029
4.882;-0.009029
4.883;-0.007878
4.884;-0.00722
4.885;-0.00607
4.886;-0.008371
4.887;-0.007549
4.888;-0.008042
4.889;-0.009029
4.89;-0.010508
4.891;-0.010344
4.892;-0.011166
4.893;-0.01133
4.894;-0.011166
4.895;-0.010508
4.896;-0.010508
4.897;-0.010179
4.898;-0.009193
4.899;-0.009193
4.9;-0.008535
4.901;-0.007714
4.902;-0.007878
4.903;-0.008535
4.904;-0.009686
4.905;-0.009357
4.906;-0.009851
4.907;-0.011659
4.908;-0.011494
4.909;-0.012316
4.91;-0.011001
4.911;-0.01133
4.912;-0.011494
4.913;-0.010673
4.914;-0.009686
4.915;-0.009193
4.916;-0.008864
4.917;-0.007385
4.918;-0.008371
4.919;-0.007385
4.92;-0.007878
4.921;-0.008042
4.922;-0.008042
4.923;-0.010508
4.924;-0.011166
4.925;-0.010015
4.926;-0.010344
4.927;-0.011001
4.928;-0.010508
4.929;-0.008371
4.93;-0.009029
4.931;-0.008042
4.932;-0.00722
4.933;-0.006398
4.934;-0.00722
4.935;-0.006727
4.936;-0.008535
4.937;-0.007878
4.938;-0.008207
4.939;-0.008864
4.94;-0.010015
4.941;-0.010508
4.942;-0.010015
4.943;-0.010344
4.944;-0.009522
4.945;-0.009686
4.946;-0.008864
4.947;-0.009029
4.948;-0.008042
4.949;-0.00722
4.95;-0.007056
4.951;-0.00607
4.952;-0.00607
4.953;-0.00722
4.954;-0.006727
4.955;-0.006727
4.956;-0.00722
4.957;-0.009357
4.958;-0.009357
4.959;-0.009029
4.96;-0.0087
4.961;-0.008042
4.962;-0.008864
4.963;-0.008042
4.964;-0.007056
4.965;-0.006234
4.966;-0.004755
4.967;-0.004755
4.968;-0.005248
4.969;-0.005741
4.97;-0.005741
4.971;-0.006727
4.972;-0.007385
4.973;-0.008371
4.974;-0.007549
4.975;-0.007714
4.976;-0.008371
4.977;-0.008207
4.978;-0.008371
4.979;-0.007878
4.98;-0.006563
4.981;-0.006727
4.982;-0.006398
4.983;-0.007056
4.984;-0.005741
4.985;-0.005576
4.986;-0.006234
4.987;-0.005576
4.988;-0.007878
4.989;-0.007549
4.99;-0.009193
4.991;-0.008371
4.992;-0.008042
4.993;-0.008535
4.994;-0.008042
4.995;-0.008535
4.996;-0.007878
4.997;-0.007056
4.998;-0.006234
4.999;-0.005412
5;-0.005248
5.001;-0.00459
5.002;-0.003933
5.003;-0.005248
5.004;-0.006727
5.005;-0.006563
5.006;-0.007714
5.007;-0.007878
5.008;-0.008042
5.009;-0.008207
5.01;-0.008864
5.011;-0.008535
5.012;-0.008864
5.013;-0.007714
5.014;-0.006234
5.015;-0.006398
5.016;-0.005905
5.017;-0.005083
5.018;-0.005083
5.019;-0.006398
5.02;-0.00607
5.021;-0.006398
5.022;-0.006563
5.023;-0.008535
5.024;-0.007385
5.025;-0.008371
5.026;-0.008535
5.027;-0.0087
5.028;-0.008207
5.029;-0.007385
5.03;-0.006892
5.031;-0.006234
5.032;-0.005412
5.033;-0.006234
5.034;-0.005412
5.035;-0.005248
5.036;-0.007056
5.037;-0.006398
5.038;-0.006892
5.039;-0.007549
5.04;-0.008535
5.041;-0.007714
5.042;-0.009193
5.043;-0.0087
5.044;-0.008535
5.045;-0.0087
5.046;-0.006892
5.047;-0.006727
5.048;-0.006234
5.049;-0.005576
5.05;-0.00459
5.051;-0.005741
5.052;-0.005248
5.053;-0.006727
5.054;-0.00722
5.055;-0.006727
5.056;-0.008371
5.057;-0.009029
5.058;-0.008535
5.059;-0.008207
5.06;-0.007878
5.061;-0.006892
5.062;-0.007714
5.063;-0.006563
5.064;-0.006727
5.065;-0.006727
5.066;-0.005905
5.067;-0.004426
5.068;-0.005083
5.069;-0.006234
5.07;-0.006563
5.071;-0.00607
5.072;-0.007549
5.073;-0.007714
5.074;-0.008535
5.075;-0.0087
5.076;-0.008371
5.077;-0.008371
5.078;-0.007714
5.079;-0.00722
5.08;-0.007878
5.081;-0.005576
5.082;-0.006234
5.083;-0.005248
5.084;-0.005576
5.085;-0.005741
5.086;-0.006892
5.087;-0.00607
5.088;-0.006234
5.089;-0.006398
5.09;-0.008535
5.091;-0.007714
5.092;-0.008371
5.093;-0.007878
5.094;-0.00722
5.095;-0.007714
5.096;-0.007714
5.097;-0.006892
5.098;-0.007056
5.099;-0.006727
5.1;-0.005248
5.101;-0.004755
5.102;-0.004755
5.103;-0.005741
5.104;-0.005248
5.105;-0.006398
5.106;-0.007056
5.107;-0.009193
5.108;-0.009522
5.109;-0.007549
5.11;-0.008207
5.111;-0.008371
5.112;-0.007714
5.113;-0.0087
5.114;-0.007549
5.115;-0.006563
5.116;-0.004919
5.117;-0.004426
5.118;-0.004755
5.119;-0.00459
5.12;-0.006727
5.121;-0.005576
5.122;-0.007056
5.123;-0.008042
5.124;-0.008207
5.125;-0.009522
5.126;-0.009357
5.127;-0.008042
5.128;-0.007714
5.129;-0.00722
5.13;-0.007549
5.131;-0.007056
5.132;-0.005248
5.133;-0.005576
5.134;-0.006398
5.135;-0.005576
5.136;-0.006727
5.137;-0.006398
5.138;-0.007549
5.139;-0.007549
5.14;-0.008535
5.141;-0.008042
5.142;-0.008535
5.143;-0.008535
5.144;-0.007878
5.145;-0.0087
5.146;-0.008207
5.147;-0.006234
5.148;-0.00722
5.149;-0.005412
5.15;-0.004919
5.151;-0.005248
5.152;-0.005083
5.153;-0.005905
5.154;-0.006398
5.155;-0.007714
5.156;-0.007714
5.157;-0.007385
5.158;-0.007878
5.159;-0.009357
5.16;-0.008207
5.161;-0.008042
5.162;-0.007549
5.163;-0.007385
5.164;-0.005576
5.165;-0.004097
5.166;-0.003439
5.167;-0.004097
5.168;-0.004919
5.169;-0.004755
5.17;-0.005412
5.171;-0.006234
5.172;-0.006234
5.173;-0.005741
5.174;-0.007878
5.175;-0.008042
5.176;-0.008042
5.177;-0.007878
5.178;-0.006727
5.179;-0.00722
5.18;-0.006727
5.181;-0.00607
5.182;-0.005412
5.183;-0.00607
5.184;-0.005576
5.185;-0.005576
5.186;-0.005576
5.187;-0.005741
5.188;-0.006563
5.189;-0.006563
5.19;-0.008042
5.191;-0.007714
5.192;-0.009686
5.193;-0.0087
5.194;-0.010179
5.195;-0.007549
5.196;-0.007878
5.197;-0.008207
5.198;-0.00607
5.199;-0.008042
5.2;-0.005741
5.201;-0.00459
5.202;-0.004919
5.203;-0.005741
5.204;-0.006892
5.205;-0.005412
5.206;-0.00722
5.207;-0.005905
5.208;-0.007056
5.209;-0.006892
5.21;-0.005576
5.211;-0.005248
5.212;-0.00459
5.213;-0.003604
5.214;-0.003439
5.215;-0.002289
5.216;-0.001467
5.217;-0.001138
5.218;-0.001467
5.219;-0.001138
5.22;-0.001467
5.221;-0.000809
5.222;-0.002946
5.223;-0.002946
5.224;-0.001796
5.225;-0.002617
5.226;-0.002289
5.227;-0.001302
5.228;-0.00048
5.229;0.000177
5.23;0.000342
5.231;0.00215
5.232;0.002314
5.233;0.00215
5.234;0.003136
5.235;0.003794
5.236;0.004287
5.237;0.003301
5.238;0.003136
5.239;0.003301
5.24;0.003301
5.241;0.004287
5.242;0.004616
5.243;0.004616
5.244;0.004616
5.245;0.006424
5.246;0.006917
5.247;0.008397
5.248;0.008068
5.249;0.01004
5.25;0.011356
5.251;0.011684
5.252;0.012999
5.253;0.012506
5.254;0.013328
5.255;0.012671
5.256;0.012013
5.257;0.011684
5.258;0.012999
5.259;0.013164
5.26;0.013164
5.261;0.015136
5.262;0.015794
5.263;0.015794
5.264;0.017438
5.265;0.017767
5.266;0.017767
5.267;0.018753
5.268;0.017767
5.269;0.017602
5.27;0.017109
5.271;0.015794
5.272;0.014315
5.273;0.014479
5.274;0.011684
5.275;0.011027
5.276;0.012506
5.277;0.01152
5.278;0.010698
5.279;0.010862
5.28;0.01152
5.281;0.01152
5.282;0.012013
5.283;0.010698
5.284;0.011191
5.285;0.009712
5.286;0.008561
5.287;0.007903
5.288;0.007739
5.289;0.007903
5.29;0.005766
5.291;0.005109
5.292;0.00478
5.293;0.003794
5.294;0.003629
5.295;0.003794
5.296;0.003465
5.297;0.003465
5.298;0.003794
5.299;0.003465
5.3;0.004122
5.301;0.004287
5.302;0.003958
5.303;0.002314
5.304;0.001328
5.305;0.001492
5.306;-0.000809
5.307;-0.000974
5.308;-0.002453
5.309;-0.002124
5.31;-0.003604
5.311;-0.002782
5.312;-0.004097
5.313;-0.002289
5.314;-0.001796
5.315;-0.002124
5.316;-0.003111
5.317;-0.001631
5.318;-0.001631
5.319;-0.001796
5.32;-0.003275
5.321;-0.003275
5.322;-0.004919
5.323;-0.004755
5.324;-0.006398
5.325;-0.005741
5.326;-0.006234
5.327;-0.007056
5.328;-0.006563
5.329;-0.007714
5.33;-0.006563
5.331;-0.005905
5.332;-0.00607
5.333;-0.005248
5.334;-0.004097
5.335;-0.005248
5.336;-0.005576
5.337;-0.006234
5.338;-0.00722
5.339;-0.007549
5.34;-0.007878
5.341;-0.009522
5.342;-0.009851
5.343;-0.007385
5.344;-0.009029
5.345;-0.0087
5.346;-0.008535
5.347;-0.009193
5.348;-0.007385
5.349;-0.006398
5.35;-0.006563
5.351;-0.006398
5.352;-0.006727
5.353;-0.008535
5.354;-0.008535
5.355;-0.009686
5.356;-0.010673
5.357;-0.012974
5.358;-0.01396
5.359;-0.013303
5.36;-0.012645
5.361;-0.014125
5.362;-0.013796
5.363;-0.014618
5.364;-0.01396
5.365;-0.014453
5.366;-0.016097
5.367;-0.018399
5.368;-0.0207
5.369;-0.023495
5.37;-0.026125
5.371;-0.028755
5.372;-0.031385
5.373;-0.03418
5.374;-0.03681
5.375;-0.038125
5.376;-0.039934
5.377;-0.040262
5.378;-0.040427
5.379;-0.039112
5.38;-0.040262
5.381;-0.037961
5.382;-0.034344
5.383;-0.028591
5.384;-0.023166
5.385;-0.017248
5.386;-0.011001
5.387;-0.002946
5.388;0.005931
5.389;0.015794
5.39;0.026479
5.391;0.036671
5.392;0.048672
5.393;0.061823
5.394;0.074645
5.395;0.087632
5.396;0.101934
5.397;0.114427
5.398;0.128729
5.399;0.142044
5.4;0.153551
5.401;0.16325
5.402;0.170648
5.403;0.17936
5.404;0.183963
5.405;0.187909
5.406;0.185936
5.407;0.182977
5.408;0.174922
5.409;0.16473
5.41;0.152236
5.411;0.138592
5.412;0.122482
5.413;0.109331
5.414;0.095029
5.415;0.082536
5.416;0.071357
5.417;0.060672
5.418;0.052617
5.419;0.04374
5.42;0.035521
5.421;0.026479
5.422;0.019082
5.423;0.013328
5.424;0.008068
5.425;0.002479
5.426;-0.001467
5.427;-0.002617
5.428;-0.007385
5.429;-0.008371
5.43;-0.009851
5.431;-0.010179
5.432;-0.010837
5.433;-0.010837
5.434;-0.011659
5.435;-0.012645
5.436;-0.013303
5.437;-0.014125
5.438;-0.014947
5.439;-0.013796
5.44;-0.014125
5.441;-0.01396
5.442;-0.011823
5.443;-0.009193
5.444;-0.007878
5.445;-0.005083
5.446;-0.003768
5.447;-0.00196
5.448;0.000342
5.449;0.001821
5.45;0.004122
5.451;0.005273
5.452;0.005766
5.453;0.00478
5.454;0.006753
5.455;0.004944
5.456;0.005931
5.457;0.004451
5.458;0.004944
5.459;0.004122
5.46;0.005109
5.461;0.005766
5.462;0.003465
5.463;0.004451
5.464;0.002807
5.465;0.003958
5.466;0.003794
5.467;0.004122
5.468;0.004616
5.469;0.003958
5.47;0.00215
5.471;0.001328
5.472;0.00215
5.473;0.001657
5.474;0.00067
5.475;-0.000809
5.476;-0.001138
5.477;-0.000645
5.478;-0.000152
5.479;-0.000152
5.48;0.000999
5.481;0.001492
5.482;0.002643
5.483;0.002972
5.484;0.003958
5.485;0.002972
5.486;0.003629
5.487;0.003958
5.488;0.002314
5.489;0.001163
5.49;0.001492
5.491;0.001657
5.492;0.00215
5.493;0.001328
5.494;0.003136
5.495;0.002479
5.496;0.00215
5.497;0.003136
5.498;0.005602
5.499;0.005931
5.5;0.00741
5.501;0.007739
5.502;0.00741
5.503;0.007903
5.504;0.005273
5.505;0.006424
5.506;0.007246
5.507;0.006424
5.508;0.006259
5.509;0.005766
5.51;0.006753
5.511;0.008068
5.512;0.009054
5.513;0.009712
5.514;0.011027
5.515;0.012506
5.516;0.011849
5.517;0.013657
5.518;0.014479
5.519;0.013328
5.52;0.014643
5.521;0.014972
5.522;0.013821
5.523;0.015136
5.524;0.015301
5.525;0.016287
5.526;0.01563
5.527;0.016123
5.528;0.016287
5.529;0.019082
5.53;0.020232
5.531;0.02089
5.532;0.021383
5.533;0.023191
5.534;0.022863
5.535;0.024178
5.536;0.024013
5.537;0.025
5.538;0.024178
5.539;0.025164
5.54;0.025657
5.541;0.025164
5.542;0.026479
5.543;0.025657
5.544;0.027301
5.545;0.028452
5.546;0.029109
5.547;0.030425
5.548;0.03174
5.549;0.03174
5.55;0.034534
5.551;0.036178
5.552;0.036507
5.553;0.036178
5.554;0.036836
5.555;0.036178
5.556;0.037164
5.557;0.037658
5.558;0.037164
5.559;0.038973
5.56;0.038973
5.561;0.041274
5.562;0.040945
5.563;0.04374
5.564;0.044562
5.565;0.044726
5.566;0.046041
5.567;0.048672
5.568;0.048672
5.569;0.049658
5.57;0.048836
5.571;0.051138
5.572;0.050644
5.573;0.050973
5.574;0.05048
5.575;0.051302
5.576;0.052781
5.577;0.053275
5.578;0.054918
5.579;0.056891
5.58;0.058206
5.581;0.060508
5.582;0.062645
5.583;0.061987
5.584;0.063138
5.585;0.063138
5.586;0.064289
5.587;0.064946
5.588;0.064453
5.589;0.064617
5.59;0.065439
5.591;0.064946
5.592;0.065768
5.593;0.067741
5.594;0.067741
5.595;0.070042
5.596;0.069878
5.597;0.071686
5.598;0.071193
5.599;0.073001
5.6;0.074316
5.601;0.074645
5.602;0.075631
5.603;0.076125
5.604;0.077275
5.605;0.076946
5.606;0.076125
5.607;0.07596
5.608;0.076946
5.609;0.076782
5.61;0.076289
5.611;0.076453
5.612;0.07744
5.613;0.077604
5.614;0.079248
5.615;0.080892
5.616;0.079905
5.617;0.079905
5.618;0.080727
5.619;0.079577
5.62;0.079905
5.621;0.076453
5.622;0.076125
5.623;0.076125
5.624;0.075138
5.625;0.074152
5.626;0.074809
5.627;0.073494
5.628;0.072672
5.629;0.073001
5.63;0.072508
5.631;0.072015
5.632;0.071522
5.633;0.071357
5.634;0.0707
5.635;0.06922
5.636;0.067412
5.637;0.065768
5.638;0.062973
5.639;0.062152
5.64;0.060508
5.641;0.058042
5.642;0.059028
5.643;0.055412
5.644;0.05459
5.645;0.054261
5.646;0.05311
5.647;0.052124
5.648;0.051795
5.649;0.052288
5.65;0.049822
5.651;0.048672
5.652;0.047028
5.653;0.044233
5.654;0.042589
5.655;0.041274
5.656;0.040452
5.657;0.038644
5.658;0.035192
5.659;0.035192
5.66;0.033712
5.661;0.033384
5.662;0.030589
5.663;0.030918
5.664;0.031247
5.665;0.029931
5.666;0.029274
5.667;0.028616
5.668;0.028123
5.669;0.025986
5.67;0.023849
5.671;0.022205
5.672;0.021548
5.673;0.018589
5.674;0.017109
5.675;0.016616
5.676;0.016452
5.677;0.014315
5.678;0.015136
5.679;0.015465
5.68;0.014479
5.681;0.013821
5.682;0.013164
5.683;0.012835
5.684;0.011684
5.685;0.010862
5.686;0.010534
5.687;0.009547
5.688;0.007246
5.689;0.006917
5.69;0.00478
5.691;0.003794
5.692;0.001821
5.693;0.003629
5.694;0.003136
5.695;0.002314
5.696;0.001821
5.697;0.00215
5.698;0.002643
5.699;0.001163
5.7;0.002479
5.701;0.002479
5.702;0.001492
5.703;-0.000316
5.704;-0.001467
5.705;-0.001796
5.706;-0.001796
5.707;-0.004919
5.708;-0.006234
5.709;-0.004261
5.71;-0.004261
5.711;-0.005741
5.712;-0.004919
5.713;-0.005248
5.714;-0.005412
5.715;-0.00459
5.716;-0.005083
5.717;-0.005083
5.718;-0.005412
5.719;-0.005741
5.72;-0.005741
5.721;-0.006727
5.722;-0.008371
5.723;-0.007714
5.724;-0.010344
5.725;-0.011494
5.726;-0.010508
5.727;-0.010015
5.728;-0.008207
5.729;-0.009522
5.73;-0.008207
5.731;-0.009029
5.732;-0.007878
5.733;-0.008207
5.734;-0.007549
5.735;-0.008042
5.736;-0.007878
5.737;-0.009851
5.738;-0.009357
5.739;-0.010179
5.74;-0.009522
5.741;-0.011494
5.742;-0.011166
5.743;-0.010344
5.744;-0.012481
5.745;-0.010508
5.746;-0.010179
5.747;-0.009029
5.748;-0.009522
5.749;-0.008371
5.75;-0.008535
5.751;-0.009357
5.752;-0.010344
5.753;-0.009522
5.754;-0.010015
5.755;-0.010344
5.756;-0.01281
5.757;-0.012645
5.758;-0.011988
5.759;-0.01133
5.76;-0.011659
5.761;-0.011166
5.762;-0.010673
5.763;-0.010344
5.764;-0.009686
5.765;-0.010179
5.766;-0.008864
5.767;-0.008864
5.768;-0.008864
5.769;-0.008535
5.77;-0.008371
5.771;-0.009357
5.772;-0.009851
5.773;-0.010837
5.774;-0.011988
5.775;-0.012481
5.776;-0.011166
5.777;-0.010344
5.778;-0.010344
5.779;-0.0087
5.78;-0.008864
5.781;-0.007549
5.782;-0.007385
5.783;-0.00722
5.784;-0.008042
5.785;-0.007549
5.786;-0.008371
5.787;-0.0087
5.788;-0.009029
5.789;-0.010179
5.79;-0.011166
5.791;-0.011659
5.792;-0.010344
5.793;-0.009851
5.794;-0.009029
5.795;-0.009686
5.796;-0.009193
5.797;-0.008864
5.798;-0.008371
5.799;-0.008207
5.8;-0.007878
5.801;-0.008042
5.802;-0.007878
5.803;-0.00722
5.804;-0.007549
5.805;-0.009851
5.806;-0.009522
5.807;-0.009193
5.808;-0.009522
5.809;-0.009686
5.81;-0.009522
5.811;-0.0087
5.812;-0.009522
5.813;-0.007714
5.814;-0.007714
5.815;-0.007056
5.816;-0.006563
5.817;-0.005412
5.818;-0.005248
5.819;-0.00607
5.82;-0.007878
5.821;-0.006563
5.822;-0.007878
5.823;-0.007878
5.824;-0.0087
5.825;-0.010015
5.826;-0.008535
5.827;-0.009029
5.828;-0.008371
5.829;-0.0087
5.83;-0.005741
5.831;-0.006563
5.832;-0.006398
5.833;-0.006727
5.834;-0.006398
5.835;-0.006892
5.836;-0.005741
5.837;-0.006234
5.838;-0.008535
5.839;-0.010837
5.84;-0.0087
5.841;-0.009686
5.842;-0.009686
5.843;-0.007714
5.844;-0.008042
5.845;-0.006563
5.846;-0.008207
5.847;-0.007056
5.848;-0.006727
5.849;-0.005905
5.85;-0.005741
5.851;-0.005412
5.852;-0.005905
5.853;-0.007385
5.854;-0.007549
5.855;-0.00722
5.856;-0.007385
5.857;-0.0087
5.858;-0.010179
5.859;-0.009357
5.86;-0.008207
5.861;-0.008371
5.862;-0.007549
5.863;-0.00722
5.864;-0.006727
5.865;-0.005576
5.866;-0.00607
5.867;-0.005248
5.868;-0.00607
5.869;-0.00722
5.87;-0.006727
5.871;-0.005741
5.872;-0.008864
5.873;-0.008535
5.874;-0.008042
5.875;-0.007878
5.876;-0.009193
5.877;-0.007714
5.878;-0.006727
5.879;-0.008042
5.88;-0.007878
5.881;-0.006563
5.882;-0.006727
5.883;-0.005905
5.884;-0.006727
5.885;-0.005412
5.886;-0.007056
5.887;-0.006398
5.888;-0.007714
5.889;-0.007056
5.89;-0.00722
5.891;-0.009029
5.892;-0.009357
5.893;-0.010015
5.894;-0.008042
5.895;-0.009522
5.896;-0.008042
5.897;-0.006892
5.898;-0.006563
5.899;-0.007056
5.9;-0.005905
5.901;-0.004919
5.902;-0.007056
5.903;-0.006563
5.904;-0.008042
5.905;-0.007056
5.906;-0.007714
5.907;-0.0087
5.908;-0.009522
5.909;-0.008535
5.91;-0.009193
5.911;-0.008371
5.912;-0.007878
5.913;-0.007385
5.914;-0.007385
5.915;-0.006563
5.916;-0.005576
5.917;-0.006234
5.918;-0.006892
5.919;-0.007056
5.92;-0.005905
5.921;-0.007056
5.922;-0.00722
5.923;-0.006727
5.924;-0.008207
5.925;-0.010179
5.926;-0.008535
5.927;-0.007385
5.928;-0.008042
5.929;-0.008042
5.93;-0.006563
5.931;-0.006727
5.932;-0.006234
5.933;-0.006563
5.934;-0.005576
5.935;-0.005741
5.936;-0.006563
5.937;-0.008371
5.938;-0.007385
5.939;-0.007714
5.94;-0.008042
5.941;-0.010179
5.942;-0.008371
5.943;-0.008207
5.944;-0.010344
5.945;-0.008864
5.946;-0.008207
5.947;-0.006727
5.948;-0.008042
5.949;-0.006398
5.95;-0.004919
5.951;-0.005905
5.952;-0.005905
5.953;-0.00607
5.954;-0.005905
5.955;-0.007056
5.956;-0.007549
5.957;-0.008207
5.958;-0.009851
5.959;-0.010015
5.96;-0.0087
5.961;-0.007385
5.962;-0.007878
5.963;-0.009193
5.964;-0.007549
5.965;-0.006234
5.966;-0.00607
5.967;-0.006563
5.968;-0.005741
5.969;-0.006727
5.97;-0.007056
5.971;-0.008042
5.972;-0.007549
5.973;-0.008864
5.974;-0.008864
5.975;-0.008864
5.976;-0.008371
5.977;-0.008371
5.978;-0.009029
5.979;-0.008207
5.98;-0.007549
5.981;-0.006398
5.982;-0.007878
5.983;-0.005412
5.984;-0.005248
5.985;-0.00722
5.986;-0.006234
5.987;-0.006892
5.988;-0.007878
5.989;-0.008535
5.99;-0.008371
5.991;-0.010508
5.992;-0.009357
5.993;-0.010015
5.994;-0.008864
5.995;-0.008535
5.996;-0.007385
5.997;-0.008371
5.998;-0.007878
5.999;-0.004919
6;-0.005248
6.001;-0.005741
6.002;-0.007056
6.003;-0.00607
6.004;-0.008042
6.005;-0.007385
6.006;-0.008207
6.007;-0.0087
6.008;-0.0087
6.009;-0.008535
6.01;-0.009522
6.011;-0.008864
6.012;-0.009686
6.013;-0.007714
6.014;-0.007056
6.015;-0.006563
6.016;-0.00607
6.017;-0.005248
6.018;-0.005576
6.019;-0.004919
6.02;-0.005905
6.021;-0.005741
6.022;-0.006727
6.023;-0.007714
6.024;-0.007878
6.025;-0.008042
6.026;-0.008535
6.027;-0.009193
6.028;-0.009686
6.029;-0.007714
6.03;-0.007878
6.031;-0.006563
6.032;-0.00607
6.033;-0.005083
6.034;-0.005741
6.035;-0.005412
6.036;-0.006563
6.037;-0.005905
6.038;-0.007549
6.039;-0.007714
6.04;-0.007878
6.041;-0.011166
6.042;-0.010673
6.043;-0.009193
6.044;-0.007385
6.045;-0.008371
6.046;-0.007878
6.047;-0.006234
6.048;-0.007878
6.049;-0.008042
6.05;-0.006563
6.051;-0.005905
6.052;-0.006727
6.053;-0.006563
6.054;-0.006234
6.055;-0.007714
6.056;-0.008042
6.057;-0.009851
6.058;-0.008864
6.059;-0.0087
6.06;-0.008371
6.061;-0.0087
6.062;-0.007385
6.063;-0.005248
6.064;-0.004919
6.065;-0.003604
6.066;-0.004426
6.067;-0.004755
6.068;-0.003275
6.069;-0.001631
6.07;-0.002124
6.071;-0.003439
6.072;-0.00459
6.073;-0.003768
6.074;-0.004426
6.075;-0.004755
6.076;-0.005412
6.077;-0.003933
6.078;-0.002782
6.079;-0.00196
6.08;-0.000974
6.081;-0.000809
6.082;1.27E-05
6.083;-0.000809
6.084;0.000835
6.085;0.000835
6.086;0.000835
6.087;0.00067
6.088;0.000506
6.089;0.000999
6.09;-0.001138
6.091;-0.001467
6.092;-0.000152
6.093;0.001657
6.094;0.000342
6.095;0.00215
6.096;0.002479
6.097;0.004616
6.098;0.005602
6.099;0.005931
6.1;0.006424
6.101;0.006917
6.102;0.006917
6.103;0.00889
6.104;0.008397
6.105;0.008561
6.106;0.007081
6.107;0.009383
6.108;0.008725
6.109;0.008725
6.11;0.008397
6.111;0.010862
6.112;0.011849
6.113;0.012177
6.114;0.013657
6.115;0.014643
6.116;0.016452
6.117;0.017274
6.118;0.016452
6.119;0.01563
6.12;0.015958
6.121;0.014808
6.122;0.016287
6.123;0.015958
6.124;0.01415
6.125;0.013493
6.126;0.013328
6.127;0.013657
6.128;0.013657
6.129;0.012835
6.13;0.013657
6.131;0.012999
6.132;0.012177
6.133;0.013493
6.134;0.012999
6.135;0.011849
6.136;0.010862
6.137;0.010862
6.138;0.011191
6.139;0.009054
6.14;0.005931
6.141;0.005766
6.142;0.005602
6.143;0.004287
6.144;0.005602
6.145;0.006095
6.146;0.005931
6.147;0.005766
6.148;0.006917
6.149;0.005602
6.15;0.004616
6.151;0.004616
6.152;0.004944
6.153;0.004616
6.154;0.002807
6.155;0.00215
6.156;0.001492
6.157;0.001328
6.158;-0.001138
6.159;-0.001302
6.16;-0.000316
6.161;-0.000974
6.162;-0.001302
6.163;0.000342
6.164;-0.00048
6.165;-0.000152
6.166;-0.001138
6.167;-0.000645
6.168;-0.000809
6.169;-0.002289
6.17;-0.003111
6.171;-0.003275
6.172;-0.005083
6.173;-0.005412
6.174;-0.005412
6.175;-0.007549
6.176;-0.006563
6.177;-0.005576
6.178;-0.005248
6.179;-0.003439
6.18;-0.004919
6.181;-0.004919
6.182;-0.004426
6.183;-0.004261
6.184;-0.004919
6.185;-0.006563
6.186;-0.005741
6.187;-0.006234
6.188;-0.006563
6.189;-0.009193
6.19;-0.007549
6.191;-0.009193
6.192;-0.009851
6.193;-0.008535
6.194;-0.009193
6.195;-0.008207
6.196;-0.0087
6.197;-0.008042
6.198;-0.007056
6.199;-0.006727
6.2;-0.006727
6.201;-0.007056
6.202;-0.00722
6.203;-0.007549
6.204;-0.008864
6.205;-0.008042
6.206;-0.009686
6.207;-0.010837
6.208;-0.011823
6.209;-0.011166
6.21;-0.010673
6.211;-0.011494
6.212;-0.011823
6.213;-0.011659
6.214;-0.011823
6.215;-0.011659
6.216;-0.01133
6.217;-0.012481
6.218;-0.014453
6.219;-0.015111
6.22;-0.014782
6.221;-0.01659
6.222;-0.021687
6.223;-0.021193
6.224;-0.024646
6.225;-0.026783
6.226;-0.02892
6.227;-0.029742
6.228;-0.032207
6.229;-0.035331
6.23;-0.037139
6.231;-0.036975
6.232;-0.037468
6.233;-0.039276
6.234;-0.039605
6.235;-0.038454
6.236;-0.038947
6.237;-0.037797
6.238;-0.03566
6.239;-0.032536
6.24;-0.026618
6.241;-0.022015
6.242;-0.015275
6.243;-0.006234
6.244;0.003301
6.245;0.013986
6.246;0.026972
6.247;0.039795
6.248;0.05048
6.249;0.063631
6.25;0.078097
6.251;0.091248
6.252;0.102755
6.253;0.115085
6.254;0.127085
6.255;0.139578
6.256;0.149771
6.257;0.159634
6.258;0.168182
6.259;0.176566
6.26;0.181826
6.261;0.185607
6.262;0.186758
6.263;0.182484
6.264;0.175744
6.265;0.166538
6.266;0.153223
6.267;0.13925
6.268;0.122482
6.269;0.107851
6.27;0.093878
6.271;0.080563
6.272;0.068891
6.273;0.058699
6.274;0.04785
6.275;0.039795
6.276;0.030753
6.277;0.024178
6.278;0.017931
6.279;0.012013
6.28;0.008725
6.281;0.002807
6.282;0.000177
6.283;-0.002453
6.284;-0.005248
6.285;-0.0087
6.286;-0.010508
6.287;-0.011823
6.288;-0.012645
6.289;-0.01396
6.29;-0.016097
6.291;-0.016919
6.292;-0.016426
6.293;-0.01659
6.294;-0.016426
6.295;-0.015111
6.296;-0.013303
6.297;-0.013631
6.298;-0.011988
6.299;-0.007878
6.3;-0.007056
6.301;-0.004755
6.302;-0.003768
6.303;-0.001138
6.304;-0.00048
6.305;-0.000316
6.306;0.001492
6.307;0.001985
6.308;0.000999
6.309;0.001985
6.31;0.002314
6.311;0.003794
6.312;0.004616
6.313;0.005109
6.314;0.006424
6.315;0.006588
6.316;0.007081
6.317;0.005766
6.318;0.004287
6.319;0.004616
6.32;0.004944
6.321;0.003301
6.322;0.002479
6.323;0.000506
6.324;0.000177
6.325;-0.00048
6.326;0.000342
6.327;-0.00048
6.328;-0.001796
6.329;1.27E-05
6.33;0.001163
6.331;0.000999
6.332;0.001657
6.333;0.001328
6.334;0.00067
6.335;0.00215
6.336;0.000835
6.337;0.000342
6.338;0.000177
6.339;-0.001631
6.34;-0.000809
6.341;-0.000152
6.342;-0.001138
6.343;-0.00048
6.344;0.001492
6.345;0.001492
6.346;0.001492
6.347;0.001657
6.348;0.002314
6.349;0.003136
6.35;0.003958
6.351;0.005602
6.352;0.003958
6.353;0.004451
6.354;0.003794
6.355;0.004944
6.356;0.004451
6.357;0.003794
6.358;0.002807
6.359;0.004122
6.36;0.004616
6.361;0.005602
6.362;0.005273
6.363;0.006424
6.364;0.006917
6.365;0.009054
6.366;0.008068
6.367;0.011027
6.368;0.011027
6.369;0.010205
6.37;0.010698
6.371;0.011027
6.372;0.009712
6.373;0.01004
6.374;0.010369
6.375;0.010698
6.376;0.011684
6.377;0.011191
6.378;0.012013
6.379;0.013821
6.38;0.014315
6.381;0.015465
6.382;0.018095
6.383;0.016945
6.384;0.018424
6.385;0.01826
6.386;0.019904
6.387;0.019739
6.388;0.019904
6.389;0.020068
6.39;0.020561
6.391;0.020397
6.392;0.020561
6.393;0.021054
6.394;0.022863
6.395;0.024178
6.396;0.025
6.397;0.026972
6.398;0.025986
6.399;0.027466
6.4;0.029603
6.401;0.03026
6.402;0.030425
6.403;0.030589
6.404;0.03174
6.405;0.031904
6.406;0.031247
6.407;0.031247
6.408;0.031904
6.409;0.033055
6.41;0.034041
6.411;0.033548
6.412;0.036178
6.413;0.037658
6.414;0.039302
6.415;0.040452
6.416;0.042261
6.417;0.041932
6.418;0.042261
6.419;0.043904
6.42;0.044233
6.421;0.043247
6.422;0.044069
6.423;0.045713
6.424;0.045548
6.425;0.045713
6.426;0.047192
6.427;0.048836
6.428;0.049822
6.429;0.050973
6.43;0.052617
6.431;0.053603
6.432;0.054096
6.433;0.05574
6.434;0.057055
6.435;0.058535
6.436;0.058864
6.437;0.059193
6.438;0.059521
6.439;0.059521
6.44;0.058699
6.441;0.059686
6.442;0.060179
6.443;0.062152
6.444;0.06396
6.445;0.063467
6.446;0.064453
6.447;0.065768
6.448;0.066754
6.449;0.068891
6.45;0.06922
6.451;0.070371
6.452;0.070535
6.453;0.070864
6.454;0.071686
6.455;0.071193
6.456;0.071522
6.457;0.071357
6.458;0.072344
6.459;0.073001
6.46;0.072508
6.461;0.075796
6.462;0.07596
6.463;0.076946
6.464;0.078262
6.465;0.078262
6.466;0.077768
6.467;0.078097
6.468;0.078097
6.469;0.077604
6.47;0.079741
6.471;0.078262
6.472;0.077604
6.473;0.077275
6.474;0.075796
6.475;0.075138
6.476;0.075796
6.477;0.075303
6.478;0.074316
6.479;0.074974
6.48;0.077275
6.481;0.07596
6.482;0.074809
6.483;0.075467
6.484;0.074974
6.485;0.072179
6.486;0.072344
6.487;0.070864
6.488;0.069713
6.489;0.068563
6.49;0.065768
6.491;0.065111
6.492;0.06248
6.493;0.06248
6.494;0.061658
6.495;0.061823
6.496;0.059357
6.497;0.060179
6.498;0.058864
6.499;0.057384
6.5;0.055412
6.501;0.054754
6.502;0.053275
6.503;0.050151
6.504;0.051959
6.505;0.04785
6.506;0.046699
6.507;0.04522
6.508;0.042754
6.509;0.040617
6.51;0.04111
6.511;0.038808
6.512;0.037
6.513;0.037822
6.514;0.038315
6.515;0.036836
6.516;0.035356
6.517;0.034699
6.518;0.032562
6.519;0.030425
6.52;0.028452
6.521;0.028616
6.522;0.027301
6.523;0.025657
6.524;0.02352
6.525;0.022534
6.526;0.020397
6.527;0.019082
6.528;0.019411
6.529;0.019904
6.53;0.018589
6.531;0.017602
6.532;0.017767
6.533;0.017274
6.534;0.016452
6.535;0.01563
6.536;0.014315
6.537;0.013657
6.538;0.011027
6.539;0.01004
6.54;0.008232
6.541;0.005931
6.542;0.005766
6.543;0.005766
6.544;0.005766
6.545;0.00478
6.546;0.005273
6.547;0.004944
6.548;0.003629
6.549;0.005273
6.55;0.003301
6.551;0.003958
6.552;0.001821
6.553;0.002643
6.554;0.000506
6.555;0.00215
6.556;-0.001796
6.557;-0.003275
6.558;-0.003604
6.559;-0.003933
6.56;-0.004426
6.561;-0.004097
6.562;-0.004261
6.563;-0.003933
6.564;-0.003933
6.565;-0.003604
6.566;-0.003111
6.567;-0.003111
6.568;-0.00459
6.569;-0.005412
6.57;-0.005576
6.571;-0.005083
6.572;-0.007549
6.573;-0.008042
6.574;-0.009029
6.575;-0.009851
6.576;-0.010015
6.577;-0.010015
6.578;-0.008864
6.579;-0.009851
6.58;-0.010344
6.581;-0.007878
6.582;-0.008042
6.583;-0.007385
6.584;-0.0087
6.585;-0.007056
6.586;-0.0087
6.587;-0.009357
6.588;-0.010179
6.589;-0.010673
6.59;-0.011659
6.591;-0.012316
6.592;-0.012645
6.593;-0.011823
6.594;-0.011988
6.595;-0.011659
6.596;-0.010837
6.597;-0.010508
6.598;-0.009851
6.599;-0.010508
6.6;-0.009193
6.601;-0.0087
6.602;-0.011001
6.603;-0.010508
6.604;-0.010837
6.605;-0.012152
6.606;-0.013138
6.607;-0.013796
6.608;-0.013796
6.609;-0.012645
6.61;-0.014125
6.611;-0.012481
6.612;-0.01133
6.613;-0.011988
6.614;-0.011494
6.615;-0.009686
6.616;-0.009851
6.617;-0.010015
6.618;-0.011001
6.619;-0.010015
6.62;-0.011001
6.621;-0.011494
6.622;-0.011659
6.623;-0.012645
6.624;-0.011823
6.625;-0.014125
6.626;-0.01281
6.627;-0.011659
6.628;-0.012316
6.629;-0.011659
6.63;-0.010015
6.631;-0.011166
6.632;-0.010179
6.633;-0.009686
6.634;-0.008535
6.635;-0.008864
6.636;-0.009522
6.637;-0.010015
6.638;-0.009851
6.639;-0.011001
6.64;-0.011494
6.641;-0.012316
6.642;-0.012481
6.643;-0.010837
6.644;-0.012316
6.645;-0.011166
6.646;-0.010837
6.647;-0.009357
6.648;-0.010837
6.649;-0.008535
6.65;-0.008371
6.651;-0.008535
6.652;-0.009193
6.653;-0.009522
6.654;-0.010673
6.655;-0.011494
6.656;-0.010837
6.657;-0.011494
6.658;-0.011823
6.659;-0.011823
6.66;-0.010673
6.661;-0.011001
6.662;-0.011494
6.663;-0.010673
6.664;-0.007714
6.665;-0.008371
6.666;-0.007549
6.667;-0.007878
6.668;-0.006892
6.669;-0.008535
6.67;-0.008535
6.671;-0.0087
6.672;-0.008864
6.673;-0.010015
6.674;-0.010015
6.675;-0.011494
6.676;-0.010344
6.677;-0.009851
6.678;-0.010344
6.679;-0.008042
6.68;-0.009193
6.681;-0.007878
6.682;-0.009029
6.683;-0.006892
6.684;-0.006563
6.685;-0.007714
6.686;-0.0087
6.687;-0.007549
6.688;-0.009193
6.689;-0.009851
6.69;-0.010015
6.691;-0.009522
6.692;-0.010673
6.693;-0.010344
6.694;-0.010344
6.695;-0.009686
6.696;-0.009686
6.697;-0.009029
6.698;-0.008864
6.699;-0.008042
6.7;-0.007385
6.701;-0.007385
6.702;-0.007878
6.703;-0.007549
6.704;-0.007549
6.705;-0.009686
6.706;-0.009522
6.707;-0.009193
6.708;-0.010015
6.709;-0.010179
6.71;-0.009686
6.711;-0.009851
6.712;-0.009851
6.713;-0.008864
6.714;-0.0087
6.715;-0.007385
6.716;-0.006398
6.717;-0.008042
6.718;-0.006727
6.719;-0.008864
6.72;-0.007878
6.721;-0.007714
6.722;-0.009522
6.723;-0.009357
6.724;-0.009193
6.725;-0.012316
6.726;-0.010508
6.727;-0.010673
6.728;-0.009193
6.729;-0.008535
6.73;-0.008042
6.731;-0.008042
6.732;-0.006892
6.733;-0.00722
6.734;-0.007056
6.735;-0.00722
6.736;-0.008371
6.737;-0.00722
6.738;-0.008864
6.739;-0.008371
6.74;-0.009522
6.741;-0.010508
6.742;-0.011001
6.743;-0.010179
6.744;-0.009357
6.745;-0.009193
6.746;-0.0087
6.747;-0.008371
6.748;-0.007056
6.749;-0.007385
6.75;-0.007549
6.751;-0.006398
6.752;-0.007878
6.753;-0.007878
6.754;-0.008371
6.755;-0.009029
6.756;-0.010344
6.757;-0.011166
6.758;-0.009357
6.759;-0.011166
6.76;-0.010015
6.761;-0.009686
6.762;-0.010179
6.763;-0.009029
6.764;-0.008535
6.765;-0.008371
6.766;-0.007385
6.767;-0.007714
6.768;-0.007549
6.769;-0.007714
6.77;-0.0087
6.771;-0.007714
6.772;-0.0087
6.773;-0.009686
6.774;-0.009686
6.775;-0.009522
6.776;-0.011001
6.777;-0.010015
6.778;-0.008535
6.779;-0.009851
6.78;-0.008371
6.781;-0.007549
6.782;-0.007549
6.783;-0.007385
6.784;-0.00722
6.785;-0.007549
6.786;-0.008207
6.787;-0.008535
6.788;-0.007549
6.789;-0.009193
6.79;-0.010508
6.791;-0.010344
6.792;-0.010015
6.793;-0.010179
6.794;-0.010344
6.795;-0.009357
6.796;-0.0087
6.797;-0.008042
6.798;-0.007385
6.799;-0.007714
6.8;-0.006563
6.801;-0.008042
6.802;-0.008371
6.803;-0.007878
6.804;-0.008042
6.805;-0.008535
6.806;-0.010015
6.807;-0.009193
6.808;-0.010179
6.809;-0.010837
6.81;-0.010508
6.811;-0.009029
6.812;-0.009851
6.813;-0.008371
6.814;-0.007714
6.815;-0.007878
6.816;-0.008207
6.817;-0.007714
6.818;-0.006563
6.819;-0.0087
6.82;-0.008535
6.821;-0.009522
6.822;-0.007549
6.823;-0.009851
6.824;-0.010837
6.825;-0.011659
6.826;-0.010837
6.827;-0.009851
6.828;-0.009851
6.829;-0.009686
6.83;-0.009522
6.831;-0.008371
6.832;-0.008864
6.833;-0.006398
6.834;-0.006892
6.835;-0.007878
6.836;-0.008042
6.837;-0.006727
6.838;-0.009357
6.839;-0.009851
6.84;-0.011166
6.841;-0.010508
6.842;-0.010015
6.843;-0.009851
6.844;-0.009193
6.845;-0.008864
6.846;-0.008535
6.847;-0.009357
6.848;-0.007878
6.849;-0.008042
6.85;-0.006727
6.851;-0.008371
6.852;-0.006892
6.853;-0.007878
6.854;-0.007385
6.855;-0.010015
6.856;-0.009686
6.857;-0.010344
6.858;-0.010179
6.859;-0.010344
6.86;-0.010015
6.861;-0.009029
6.862;-0.010837
6.863;-0.008207
6.864;-0.008042
6.865;-0.007385
6.866;-0.008042
6.867;-0.006563
6.868;-0.007878
6.869;-0.009029
6.87;-0.009851
6.871;-0.009193
6.872;-0.010179
6.873;-0.009193
6.874;-0.010508
6.875;-0.009851
6.876;-0.009193
6.877;-0.009851
6.878;-0.007878
6.879;-0.008371
6.88;-0.006892
6.881;-0.007878
6.882;-0.006563
6.883;-0.007056
6.884;-0.007714
6.885;-0.008535
6.886;-0.008535
6.887;-0.008371
6.888;-0.007878
6.889;-0.009193
6.89;-0.009357
6.891;-0.009522
6.892;-0.010508
6.893;-0.009357
6.894;-0.009686
6.895;-0.010508
6.896;-0.010508
6.897;-0.007385
6.898;-0.007714
6.899;-0.006892
6.9;-0.007385
6.901;-0.007056
6.902;-0.008371
6.903;-0.007878
6.904;-0.008535
6.905;-0.009029
6.906;-0.009357
6.907;-0.010344
6.908;-0.009686
6.909;-0.011001
6.91;-0.009029
6.911;-0.010179
6.912;-0.010508
6.913;-0.008371
6.914;-0.00722
6.915;-0.00722
6.916;-0.00722
6.917;-0.006563
6.918;-0.006563
6.919;-0.007056
6.92;-0.00607
6.921;-0.00607
6.922;-0.006892
6.923;-0.008042
6.924;-0.006563
6.925;-0.007714
6.926;-0.006563
6.927;-0.005576
6.928;-0.005083
6.929;-0.00459
6.93;-0.004426
6.931;-0.002289
6.932;-0.002946
6.933;-0.001796
6.934;-0.002289
6.935;-0.001796
6.936;-0.001467
6.937;-0.002617
6.938;-0.002782
6.939;-0.003768
6.94;-0.002289
6.941;-0.003439
6.942;-0.003933
6.943;-0.002782
6.944;-0.000974
6.945;-0.000809
6.946;-0.000152
6.947;1.27E-05
6.948;0.001492
6.949;0.000506
6.95;0.002807
6.951;0.001985
6.952;0.003629
6.953;0.004287
6.954;0.003958
6.955;0.003629
6.956;0.003136
6.957;0.003465
6.958;0.003136
6.959;0.004287
6.96;0.005602
6.961;0.007903
6.962;0.00741
6.963;0.007739
6.964;0.01004
6.965;0.01004
6.966;0.009876
6.967;0.011356
6.968;0.012177
6.969;0.012506
6.97;0.012177
6.971;0.012671
6.972;0.012506
6.973;0.013493
6.974;0.012342
6.975;0.012506
6.976;0.013821
6.977;0.013657
6.978;0.013986
6.979;0.012835
6.98;0.015465
6.981;0.015301
6.982;0.015136
6.983;0.013986
6.984;0.015958
6.985;0.01415
6.986;0.012506
6.987;0.012342
6.988;0.010698
6.989;0.009547
6.99;0.009383
6.991;0.007903
6.992;0.005438
6.993;0.008397
6.994;0.008397
6.995;0.007739
6.996;0.007575
6.997;0.006753
6.998;0.006424
6.999;0.007081
7;0.00741
7.001;0.006588
7.002;0.005602
7.003;0.005109
7.004;0.005438
7.005;0.003301
7.006;0.001985
7.007;0.000506
7.008;-0.000152
7.009;-0.000809
7.01;0.000177
7.011;-0.000152
7.012;0.000506
7.013;-0.001138
7.014;0.000342
7.015;-0.000316
7.016;0.000999
7.017;0.000177
7.018;0.000506
7.019;-0.001138
7.02;-0.002782
7.021;-0.002453
7.022;-0.003768
7.023;-0.003933
7.024;-0.005083
7.025;-0.005248
7.026;-0.006727
7.027;-0.006234
7.028;-0.006727
7.029;-0.005412
7.03;-0.005248
7.031;-0.005741
7.032;-0.005576
7.033;-0.004261
7.034;-0.005576
7.035;-0.006398
7.036;-0.005905
7.037;-0.005248
7.038;-0.006398
7.039;-0.008535
7.04;-0.007878
7.041;-0.010179
7.042;-0.01133
7.043;-0.010508
7.044;-0.008864
7.045;-0.007878
7.046;-0.008371
7.047;-0.009193
7.048;-0.009029
7.049;-0.008042
7.05;-0.007714
7.051;-0.006727
7.052;-0.008042
7.053;-0.007878
7.054;-0.008042
7.055;-0.009193
7.056;-0.010508
7.057;-0.011494
7.058;-0.012152
7.059;-0.011988
7.06;-0.01133
7.061;-0.010837
7.062;-0.01133
7.063;-0.011166
7.064;-0.010508
7.065;-0.009357
7.066;-0.009193
7.067;-0.010015
7.068;-0.011001
7.069;-0.012974
7.07;-0.011494
7.071;-0.013138
7.072;-0.01396
7.073;-0.015933
7.074;-0.01659
7.075;-0.018234
7.076;-0.019221
7.077;-0.020043
7.078;-0.021522
7.079;-0.022508
7.08;-0.02481
7.081;-0.025467
7.082;-0.028755
7.083;-0.029577
7.084;-0.03155
7.085;-0.033358
7.086;-0.037139
7.087;-0.038947
7.088;-0.041249
7.089;-0.041742
7.09;-0.043057
7.091;-0.042564
7.092;-0.044208
7.093;-0.042235
7.094;-0.036975
7.095;-0.033194
7.096;-0.027769
7.097;-0.021029
7.098;-0.012481
7.099;-0.003439
7.1;0.006753
7.101;0.015465
7.102;0.02615
7.103;0.036343
7.104;0.049822
7.105;0.062316
7.106;0.07333
7.107;0.086317
7.108;0.10029
7.109;0.111468
7.11;0.125277
7.111;0.137277
7.112;0.147962
7.113;0.160949
7.114;0.168018
7.115;0.178538
7.116;0.184292
7.117;0.186758
7.118;0.186758
7.119;0.182977
7.12;0.175579
7.121;0.163744
7.122;0.149277
7.123;0.135469
7.124;0.118537
7.125;0.103742
7.126;0.090262
7.127;0.077604
7.128;0.066919
7.129;0.056398
7.13;0.049
7.131;0.040945
7.132;0.032726
7.133;0.025822
7.134;0.019575
7.135;0.012835
7.136;0.006588
7.137;0.001821
7.138;-0.001631
7.139;-0.00607
7.14;-0.008371
7.141;-0.01281
7.142;-0.013631
7.143;-0.014289
7.144;-0.015933
7.145;-0.015275
7.146;-0.016755
7.147;-0.014618
7.148;-0.015604
7.149;-0.014453
7.15;-0.014289
7.151;-0.013467
7.152;-0.014125
7.153;-0.01396
7.154;-0.011659
7.155;-0.011659
7.156;-0.010508
7.157;-0.008042
7.158;-0.00722
7.159;-0.005741
7.16;-0.003275
7.161;-0.001467
7.162;0.000506
7.163;0.000999
7.164;0.002314
7.165;0.003629
7.166;0.004287
7.167;0.005273
7.168;0.005766
7.169;0.00478
7.17;0.00478
7.171;0.004616
7.172;0.004122
7.173;0.003301
7.174;0.001657
7.175;0.000506
7.176;0.000506
7.177;0.000506
7.178;-0.000645
7.179;1.27E-05
7.18;0.000177
7.181;0.001328
7.182;0.001163
7.183;0.001657
7.184;0.000342
7.185;0.000506
7.186;-0.001138
7.187;-0.000645
7.188;-0.001302
7.189;-0.002453
7.19;-0.00196
7.191;-0.002124
7.192;-0.002453
7.193;-0.002124
7.194;-0.001631
7.195;-0.00048
7.196;-0.001467
7.197;0.000999
7.198;0.00067
7.199;0.001657
7.2;0.001821
7.201;0.000999
7.202;0.001985
7.203;0.001492
7.204;0.002314
7.205;0.000177
7.206;-0.000152
7.207;-0.001138
7.208;-0.000645
7.209;0.000835
7.21;0.002479
7.211;0.002643
7.212;0.003136
7.213;0.003301
7.214;0.00478
7.215;0.006095
7.216;0.00478
7.217;0.007575
7.218;0.007246
7.219;0.005766
7.22;0.005602
7.221;0.007575
7.222;0.005602
7.223;0.006259
7.224;0.006424
7.225;0.006588
7.226;0.006753
7.227;0.008561
7.228;0.009218
7.229;0.009712
7.23;0.011027
7.231;0.012177
7.232;0.013328
7.233;0.013164
7.234;0.013821
7.235;0.013986
7.236;0.015465
7.237;0.015136
7.238;0.015301
7.239;0.014315
7.24;0.015136
7.241;0.016123
7.242;0.016123
7.243;0.016452
7.244;0.01678
7.245;0.019739
7.246;0.021054
7.247;0.021876
7.248;0.021712
7.249;0.022863
7.25;0.024342
7.251;0.025
7.252;0.025329
7.253;0.02615
7.254;0.025
7.255;0.027137
7.256;0.025657
7.257;0.025986
7.258;0.027466
7.259;0.026972
7.26;0.027301
7.261;0.029109
7.262;0.029603
7.263;0.033877
7.264;0.03437
7.265;0.035027
7.266;0.035027
7.267;0.036671
7.268;0.037986
7.269;0.037658
7.27;0.037986
7.271;0.038151
7.272;0.039302
7.273;0.039959
7.274;0.039466
7.275;0.040123
7.276;0.040288
7.277;0.042918
7.278;0.042589
7.279;0.043904
7.28;0.046041
7.281;0.047521
7.282;0.049494
7.283;0.050644
7.284;0.05048
7.285;0.052617
7.286;0.052453
7.287;0.052617
7.288;0.052946
7.289;0.052617
7.29;0.053768
7.291;0.05459
7.292;0.055576
7.293;0.055412
7.294;0.056562
7.295;0.058371
7.296;0.060836
7.297;0.061001
7.298;0.060836
7.299;0.063302
7.3;0.06396
7.301;0.064782
7.302;0.063631
7.303;0.065768
7.304;0.066426
7.305;0.065932
7.306;0.066097
7.307;0.066754
7.308;0.067576
7.309;0.066754
7.31;0.068398
7.311;0.070371
7.312;0.072179
7.313;0.072837
7.314;0.073659
7.315;0.075138
7.316;0.075303
7.317;0.07596
7.318;0.076946
7.319;0.076125
7.32;0.077604
7.321;0.076946
7.322;0.076618
7.323;0.07596
7.324;0.075631
7.325;0.074809
7.326;0.076125
7.327;0.077111
7.328;0.075796
7.329;0.076782
7.33;0.076453
7.331;0.07744
7.332;0.077768
7.333;0.076125
7.334;0.07744
7.335;0.074974
7.336;0.075138
7.337;0.073659
7.338;0.073659
7.339;0.072344
7.34;0.070864
7.341;0.0707
7.342;0.069549
7.343;0.068727
7.344;0.066426
7.345;0.066097
7.346;0.066097
7.347;0.066097
7.348;0.064289
7.349;0.063302
7.35;0.064124
7.351;0.061494
7.352;0.060508
7.353;0.059357
7.354;0.056562
7.355;0.056234
7.356;0.052781
7.357;0.051959
7.358;0.049987
7.359;0.048014
7.36;0.047521
7.361;0.047192
7.362;0.046206
7.363;0.04522
7.364;0.044398
7.365;0.042754
7.366;0.042754
7.367;0.040781
7.368;0.039959
7.369;0.037658
7.37;0.037658
7.371;0.03437
7.372;0.03289
7.373;0.031411
7.374;0.027466
7.375;0.028288
7.376;0.026479
7.377;0.025657
7.378;0.025657
7.379;0.024507
7.38;0.024671
7.381;0.023685
7.382;0.022205
7.383;0.022534
7.384;0.019739
7.385;0.020232
7.386;0.017438
7.387;0.016945
7.388;0.01563
7.389;0.013986
7.39;0.012013
7.391;0.011849
7.392;0.010369
7.393;0.009712
7.394;0.009054
7.395;0.008068
7.396;0.008397
7.397;0.007246
7.398;0.007739
7.399;0.008068
7.4;0.006917
7.401;0.006424
7.402;0.004451
7.403;0.003794
7.404;0.003301
7.405;0.002807
7.406;0.000835
7.407;-0.000152
7.408;-0.000316
7.409;-0.003933
7.41;-0.000809
7.411;-0.001138
7.412;-0.002289
7.413;-0.002453
7.414;-0.002453
7.415;-0.001796
7.416;-0.001467
7.417;-0.002617
7.418;-0.003768
7.419;-0.004755
7.42;-0.005083
7.421;-0.003933
7.422;-0.005248
7.423;-0.006727
7.424;-0.006234
7.425;-0.008535
7.426;-0.008864
7.427;-0.009029
7.428;-0.007714
7.429;-0.0087
7.43;-0.008207
7.431;-0.008371
7.432;-0.008042
7.433;-0.007549
7.434;-0.006892
7.435;-0.009193
7.436;-0.009686
7.437;-0.009193
7.438;-0.01133
7.439;-0.011001
7.44;-0.010673
7.441;-0.011988
7.442;-0.01281
7.443;-0.012316
7.444;-0.011659
7.445;-0.011823
7.446;-0.011659
7.447;-0.011166
7.448;-0.011166
7.449;-0.011001
7.45;-0.010179
7.451;-0.010179
7.452;-0.01133
7.453;-0.010508
7.454;-0.01133
7.455;-0.012152
7.456;-0.013631
7.457;-0.012974
7.458;-0.014125
7.459;-0.014453
7.46;-0.013303
7.461;-0.014618
7.462;-0.01396
7.463;-0.012152
7.464;-0.012316
7.465;-0.010508
7.466;-0.01133
7.467;-0.01133
7.468;-0.010837
7.469;-0.010508
7.47;-0.012645
7.471;-0.011988
7.472;-0.011823
7.473;-0.013796
7.474;-0.013631
7.475;-0.013467
7.476;-0.014782
7.477;-0.013467
7.478;-0.012481
7.479;-0.012974
7.48;-0.011988
7.481;-0.01133
7.482;-0.011001
7.483;-0.010015
7.484;-0.010837
7.485;-0.010673
7.486;-0.012974
7.487;-0.011823
7.488;-0.012316
7.489;-0.012481
7.49;-0.012316
7.491;-0.013467
7.492;-0.011823
7.493;-0.012481
7.494;-0.012645
7.495;-0.012152
7.496;-0.011001
7.497;-0.010508
7.498;-0.010015
7.499;-0.009193
7.5;-0.010344
7.501;-0.010673
7.502;-0.011001
7.503;-0.01133
7.504;-0.011494
7.505;-0.010344
7.506;-0.013303
7.507;-0.012645
7.508;-0.012316
7.509;-0.013138
7.51;-0.012974
7.511;-0.011494
7.512;-0.012974
7.513;-0.010179
7.514;-0.010015
7.515;-0.0087
7.516;-0.009686
7.517;-0.009851
7.518;-0.009851
7.519;-0.010179
7.52;-0.010673
7.521;-0.010673
7.522;-0.009522
7.523;-0.011166
7.524;-0.010837
7.525;-0.012152
7.526;-0.011001
7.527;-0.010837
7.528;-0.011823
7.529;-0.009851
7.53;-0.008207
7.531;-0.007714
7.532;-0.007878
7.533;-0.008371
7.534;-0.007714
7.535;-0.008535
7.536;-0.009193
7.537;-0.008864
7.538;-0.009357
7.539;-0.01133
7.54;-0.011001
7.541;-0.011001
7.542;-0.010673
7.543;-0.010015
7.544;-0.010837
7.545;-0.009357
7.546;-0.009851
7.547;-0.009029
7.548;-0.008371
7.549;-0.0087
7.55;-0.008042
7.551;-0.009193
7.552;-0.008042
7.553;-0.009193
7.554;-0.009193
7.555;-0.010508
7.556;-0.010837
7.557;-0.010015
7.558;-0.010344
7.559;-0.01133
7.56;-0.011659
7.561;-0.01133
7.562;-0.009522
7.563;-0.009522
7.564;-0.008371
7.565;-0.008371
7.566;-0.007878
7.567;-0.008371
7.568;-0.007878
7.569;-0.008042
7.57;-0.010344
7.571;-0.009851
7.572;-0.009522
7.573;-0.011823
7.574;-0.010508
7.575;-0.011823
7.576;-0.011659
7.577;-0.009357
7.578;-0.011166
7.579;-0.009522
7.58;-0.009357
7.581;-0.009029
7.582;-0.008042
7.583;-0.009193
7.584;-0.007714
7.585;-0.009193
7.586;-0.009193
7.587;-0.008371
7.588;-0.008535
7.589;-0.010837
7.59;-0.009851
7.591;-0.011001
7.592;-0.010508
7.593;-0.011001
7.594;-0.010673
7.595;-0.011001
7.596;-0.008371
7.597;-0.008371
7.598;-0.008207
7.599;-0.007714
7.6;-0.009522
7.601;-0.008042
7.602;-0.007878
7.603;-0.0087
7.604;-0.009686
7.605;-0.011166
7.606;-0.010015
7.607;-0.009357
7.608;-0.011166
7.609;-0.011001
7.61;-0.011659
7.611;-0.009522
7.612;-0.008864
7.613;-0.008371
7.614;-0.007878
7.615;-0.009686
7.616;-0.008535
7.617;-0.008371
7.618;-0.009686
7.619;-0.009357
7.62;-0.009357
7.621;-0.009357
7.622;-0.008535
7.623;-0.010673
7.624;-0.011001
7.625;-0.011166
7.626;-0.011823
7.627;-0.011166
7.628;-0.010837
7.629;-0.010179
7.63;-0.009357
7.631;-0.008535
7.632;-0.0087
7.633;-0.008042
7.634;-0.007714
7.635;-0.008864
7.636;-0.008207
7.637;-0.007878
7.638;-0.008864
7.639;-0.009686
7.64;-0.011988
7.641;-0.011166
7.642;-0.01133
7.643;-0.010673
7.644;-0.008864
7.645;-0.010673
7.646;-0.009193
7.647;-0.010344
7.648;-0.0087
7.649;-0.008535
7.65;-0.008207
7.651;-0.008207
7.652;-0.0087
7.653;-0.008371
7.654;-0.009193
7.655;-0.009357
7.656;-0.009357
7.657;-0.011494
7.658;-0.011166
7.659;-0.010508
7.66;-0.010673
7.661;-0.010673
7.662;-0.009851
7.663;-0.008535
7.664;-0.009522
7.665;-0.007549
7.666;-0.008207
7.667;-0.00722
7.668;-0.009029
7.669;-0.008042
7.67;-0.008371
7.671;-0.010015
7.672;-0.010344
7.673;-0.010179
7.674;-0.011001
7.675;-0.010673
7.676;-0.011988
7.677;-0.011001
7.678;-0.010015
7.679;-0.009851
7.68;-0.009029
7.681;-0.0087
7.682;-0.008042
7.683;-0.009029
7.684;-0.007878
7.685;-0.009193
7.686;-0.0087
7.687;-0.010508
7.688;-0.009686
7.689;-0.010837
7.69;-0.010837
7.691;-0.010344
7.692;-0.010344
7.693;-0.011166
7.694;-0.010508
7.695;-0.010344
7.696;-0.009522
7.697;-0.009029
7.698;-0.010179
7.699;-0.008207
7.7;-0.007714
7.701;-0.00722
7.702;-0.007714
7.703;-0.009357
7.704;-0.009851
7.705;-0.009029
7.706;-0.010015
7.707;-0.011494
7.708;-0.011001
7.709;-0.011659
7.71;-0.011166
7.711;-0.010837
7.712;-0.009851
7.713;-0.011166
7.714;-0.008864
7.715;-0.008042
7.716;-0.007056
7.717;-0.008042
7.718;-0.007549
7.719;-0.007714
7.72;-0.009686
7.721;-0.009522
7.722;-0.010673
7.723;-0.010344
7.724;-0.011494
7.725;-0.010837
7.726;-0.01133
7.727;-0.012152
7.728;-0.011659
7.729;-0.009851
7.73;-0.010179
7.731;-0.008042
7.732;-0.008207
7.733;-0.006727
7.734;-0.006727
7.735;-0.007549
7.736;-0.008371
7.737;-0.008207
7.738;-0.007878
7.739;-0.010015
7.74;-0.010179
7.741;-0.009522
7.742;-0.009851
7.743;-0.011659
7.744;-0.010344
7.745;-0.010179
7.746;-0.008042
7.747;-0.010015
7.748;-0.008535
7.749;-0.008371
7.75;-0.006727
7.751;-0.007549
7.752;-0.008042
7.753;-0.008864
7.754;-0.009193
7.755;-0.009357
7.756;-0.011001
7.757;-0.009686
7.758;-0.011494
7.759;-0.009522
7.76;-0.010508
7.761;-0.010344
7.762;-0.010673
7.763;-0.009686
7.764;-0.009029
7.765;-0.0087
7.766;-0.008042
7.767;-0.008864
7.768;-0.009029
7.769;-0.010344
7.77;-0.009193
7.771;-0.008535
7.772;-0.009851
7.773;-0.009851
7.774;-0.009686
7.775;-0.009193
7.776;-0.0087
7.777;-0.009193
7.778;-0.006892
7.779;-0.00722
7.78;-0.005576
7.781;-0.006727
7.782;-0.003933
7.783;-0.00459
7.784;-0.003768
7.785;-0.002453
7.786;-0.00459
7.787;-0.004426
7.788;-0.003768
7.789;-0.005083
7.79;-0.004755
7.791;-0.004261
7.792;-0.005741
7.793;-0.004755
7.794;-0.003604
7.795;-0.00196
7.796;-0.003933
7.797;-0.001796
7.798;-0.000974
7.799;0.000835
7.8;0.000342
7.801;1.27E-05
7.802;-0.000645
7.803;-0.00048
7.804;1.27E-05
7.805;0.000999
7.806;0.000835
7.807;-0.000645
7.808;0.001163
7.809;0.001657
7.81;0.001657
7.811;0.001821
7.812;0.003629
7.813;0.003958
7.814;0.005931
7.815;0.006424
7.816;0.007575
7.817;0.008397
7.818;0.008068
7.819;0.009054
7.82;0.009054
7.821;0.008068
7.822;0.007575
7.823;0.00889
7.824;0.01004
7.825;0.010205
7.826;0.009218
7.827;0.010534
7.828;0.013328
7.829;0.012999
7.83;0.012671
7.831;0.014479
7.832;0.015465
7.833;0.015794
7.834;0.015794
7.835;0.015465
7.836;0.014972
7.837;0.013657
7.838;0.012999
7.839;0.011191
7.84;0.012177
7.841;0.009547
7.842;0.009547
7.843;0.008725
7.844;0.010369
7.845;0.009383
7.846;0.009054
7.847;0.010369
7.848;0.008725
7.849;0.01004
7.85;0.009876
7.851;0.009054
7.852;0.007575
7.853;0.006753
7.854;0.006095
7.855;0.005438
7.856;0.002972
7.857;0.003136
7.858;0.002807
7.859;0.003465
7.86;0.002643
7.861;0.001163
7.862;0.001821
7.863;0.001163
7.864;0.002643
7.865;0.00215
7.866;0.00215
7.867;0.001492
7.868;0.001657
7.869;0.000999
7.87;-0.001467
7.871;-0.002617
7.872;-0.002453
7.873;-0.002617
7.874;-0.003439
7.875;-0.005412
7.876;-0.005083
7.877;-0.004755
7.878;-0.005083
7.879;-0.005576
7.88;-0.004261
7.881;-0.004426
7.882;-0.00459
7.883;-0.003111
7.884;-0.004755
7.885;-0.005905
7.886;-0.006563
7.887;-0.006234
7.888;-0.007056
7.889;-0.006892
7.89;-0.008535
7.891;-0.008371
7.892;-0.009029
7.893;-0.009029
7.894;-0.0087
7.895;-0.007878
7.896;-0.008371
7.897;-0.009522
7.898;-0.007714
7.899;-0.008042
7.9;-0.006892
7.901;-0.008371
7.902;-0.007878
7.903;-0.008371
7.904;-0.009193
7.905;-0.010344
7.906;-0.009686
7.907;-0.010837
7.908;-0.011166
7.909;-0.010837
7.91;-0.010837
7.911;-0.010508
7.912;-0.010508
7.913;-0.010015
7.914;-0.008864
7.915;-0.008535
7.916;-0.009357
7.917;-0.009029
7.918;-0.010508
7.919;-0.010508
7.92;-0.012152
7.921;-0.011823
7.922;-0.012645
7.923;-0.013631
7.924;-0.01544
7.925;-0.014782
7.926;-0.014782
7.927;-0.01659
7.928;-0.016262
7.929;-0.01544
7.93;-0.015769
7.931;-0.017084
7.932;-0.016426
7.933;-0.016919
7.934;-0.020207
7.935;-0.022837
7.936;-0.024152
7.937;-0.02744
7.938;-0.028098
7.939;-0.033194
7.94;-0.035331
7.941;-0.037468
7.942;-0.039605
7.943;-0.042564
7.944;-0.042728
7.945;-0.042399
7.946;-0.042071
7.947;-0.041578
7.948;-0.041413
7.949;-0.037961
7.95;-0.036646
7.951;-0.031221
7.952;-0.027769
7.953;-0.020536
7.954;-0.014947
7.955;-0.006398
7.956;0.003465
7.957;0.013164
7.958;0.023356
7.959;0.035192
7.96;0.047357
7.961;0.060014
7.962;0.075138
7.963;0.088289
7.964;0.10144
7.965;0.11492
7.966;0.126921
7.967;0.1404
7.968;0.151908
7.969;0.159798
7.97;0.169333
7.971;0.176237
7.972;0.181333
7.973;0.183635
7.974;0.183635
7.975;0.179689
7.976;0.172127
7.977;0.161771
7.978;0.149113
7.979;0.135469
7.98;0.11903
7.981;0.106372
7.982;0.091248
7.983;0.080399
7.984;0.066426
7.985;0.057713
7.986;0.04785
7.987;0.03848
7.988;0.030096
7.989;0.022041
7.99;0.015794
7.991;0.01004
7.992;0.004944
7.993;-0.000645
7.994;-0.002946
7.995;-0.006398
7.996;-0.008535
7.997;-0.009029
7.998;-0.010837
7.999;-0.012645
8;-0.013303
8.001;-0.013796
8.002;-0.01544
8.003;-0.017906
8.004;-0.016097
8.005;-0.016262
8.006;-0.017577
8.007;-0.016755
8.008;-0.017412
8.009;-0.014947
8.01;-0.014453
8.011;-0.011988
8.012;-0.010179
8.013;-0.00722
8.014;-0.006892
8.015;-0.003275
8.016;-0.002453
8.017;1.27E-05
8.018;-0.000974
8.019;0.00215
8.02;0.002314
8.021;0.001657
8.022;0.001985
8.023;0.002643
8.024;0.001821
8.025;0.001328
8.026;0.003301
8.027;0.003301
8.028;0.002972
8.029;0.002314
8.03;0.002807
8.031;0.002479
8.032;0.003301
8.033;0.000999
8.034;0.001985
8.035;-0.000809
8.036;0.001328
8.037;-0.00048
8.038;-0.001138
8.039;-0.00196
8.04;-0.003275
8.041;-0.002453
8.042;-0.003439
8.043;-0.002289
8.044;-0.002617
8.045;-0.003439
8.046;-0.001631
8.047;0.000177
8.048;1.27E-05
8.049;0.00067
8.05;-0.000316
8.051;1.27E-05
8.052;-0.000152
8.053;-0.000152
8.054;0.001328
8.055;0.000506
8.056;0.000342
8.057;-0.001302
8.058;-0.000809
8.059;-0.001302
8.06;-0.000809
8.061;0.000342
8.062;0.00215
8.063;0.000342
8.064;0.001821
8.065;0.002479
8.066;0.005109
8.067;0.003794
8.068;0.003629
8.069;0.00478
8.07;0.003301
8.071;0.003794
8.072;0.003465
8.073;0.004122
8.074;0.003958
8.075;0.004287
8.076;0.005109
8.077;0.004287
8.078;0.004122
8.079;0.007246
8.08;0.008068
8.081;0.009547
8.082;0.010369
8.083;0.01004
8.084;0.010534
8.085;0.01004
8.086;0.01152
8.087;0.011191
8.088;0.011684
8.089;0.011356
8.09;0.011356
8.091;0.01152
8.092;0.012835
8.093;0.011356
8.094;0.013821
8.095;0.013493
8.096;0.015301
8.097;0.017109
8.098;0.018589
8.099;0.020397
8.1;0.020397
8.101;0.020561
8.102;0.021548
8.103;0.020561
8.104;0.021054
8.105;0.02237
8.106;0.021876
8.107;0.022698
8.108;0.02237
8.109;0.023356
8.11;0.024013
8.111;0.024342
8.112;0.025329
8.113;0.028123
8.114;0.029603
8.115;0.03026
8.116;0.030425
8.117;0.031411
8.118;0.032562
8.119;0.033712
8.12;0.032726
8.121;0.033712
8.122;0.03437
8.123;0.034041
8.124;0.035356
8.125;0.036014
8.126;0.035521
8.127;0.036343
8.128;0.038151
8.129;0.039466
8.13;0.040288
8.131;0.041603
8.132;0.043411
8.133;0.044726
8.134;0.045384
8.135;0.045877
8.136;0.046699
8.137;0.048179
8.138;0.04637
8.139;0.048343
8.14;0.048014
8.141;0.048836
8.142;0.048014
8.143;0.050316
8.144;0.050316
8.145;0.052124
8.146;0.05459
8.147;0.055576
8.148;0.058371
8.149;0.058206
8.15;0.05985
8.151;0.059193
8.152;0.061494
8.153;0.060343
8.154;0.061001
8.155;0.061658
8.156;0.06133
8.157;0.061658
8.158;0.062973
8.159;0.063302
8.16;0.063795
8.161;0.064782
8.162;0.06659
8.163;0.068234
8.164;0.068727
8.165;0.071028
8.166;0.070042
8.167;0.072508
8.168;0.072672
8.169;0.073001
8.17;0.073166
8.171;0.072837
8.172;0.072837
8.173;0.07333
8.174;0.074316
8.175;0.075467
8.176;0.073494
8.177;0.074974
8.178;0.075631
8.179;0.075796
8.18;0.076453
8.181;0.077933
8.182;0.079084
8.183;0.079412
8.184;0.078426
8.185;0.07859
8.186;0.077275
8.187;0.076946
8.188;0.075796
8.189;0.073987
8.19;0.073659
8.191;0.072179
8.192;0.073659
8.193;0.072508
8.194;0.07185
8.195;0.071686
8.196;0.072837
8.197;0.072015
8.198;0.0707
8.199;0.071193
8.2;0.06922
8.201;0.06922
8.202;0.067741
8.203;0.065932
8.204;0.063467
8.205;0.062152
8.206;0.058535
8.207;0.060343
8.208;0.058042
8.209;0.057713
8.21;0.056069
8.211;0.05459
8.212;0.053932
8.213;0.051302
8.214;0.052288
8.215;0.051631
8.216;0.051302
8.217;0.048672
8.218;0.047357
8.219;0.04522
8.22;0.043904
8.221;0.041932
8.222;0.039959
8.223;0.038151
8.224;0.037986
8.225;0.034534
8.226;0.034041
8.227;0.033055
8.228;0.032233
8.229;0.031082
8.23;0.031082
8.231;0.030753
8.232;0.029767
8.233;0.028452
8.234;0.027466
8.235;0.025493
8.236;0.023191
8.237;0.022863
8.238;0.019739
8.239;0.018917
8.24;0.017438
8.241;0.016616
8.242;0.015958
8.243;0.014643
8.244;0.013657
8.245;0.013493
8.246;0.01415
8.247;0.012999
8.248;0.012999
8.249;0.012999
8.25;0.012013
8.251;0.010534
8.252;0.010534
8.253;0.008725
8.254;0.006588
8.255;0.004616
8.256;0.005109
8.257;0.002479
8.258;0.002479
8.259;0.00067
8.26;1.27E-05
8.261;0.001163
8.262;0.001163
8.263;0.001163
8.264;0.00215
8.265;0.001328
8.266;0.001328
8.267;0.000506
8.268;-0.000316
8.269;-0.001796
8.27;-0.002782
8.271;-0.002289
8.272;-0.002946
8.273;-0.005741
8.274;-0.006398
8.275;-0.006234
8.276;-0.006398
8.277;-0.006727
8.278;-0.00607
8.279;-0.007056
8.28;-0.005741
8.281;-0.006398
8.282;-0.005576
8.283;-0.006563
8.284;-0.005741
8.285;-0.008207
8.286;-0.007878
8.287;-0.007714
8.288;-0.009686
8.289;-0.010837
8.29;-0.010508
8.291;-0.011166
8.292;-0.012152
8.293;-0.011659
8.294;-0.011659
8.295;-0.010179
8.296;-0.010015
8.297;-0.009357
8.298;-0.010508
8.299;-0.009686
8.3;-0.011166
8.301;-0.010673
8.302;-0.009851
8.303;-0.01133
8.304;-0.012152
8.305;-0.011823
8.306;-0.01281
8.307;-0.012316
8.308;-0.01281
8.309;-0.012152
8.31;-0.014125
8.311;-0.012645
8.312;-0.011494
8.313;-0.010673
8.314;-0.011166
8.315;-0.011494
8.316;-0.010015
8.317;-0.010673
8.318;-0.010837
8.319;-0.01281
8.32;-0.011659
8.321;-0.011988
8.322;-0.012481
8.323;-0.014125
8.324;-0.014125
8.325;-0.012645
8.326;-0.013303
8.327;-0.012645
8.328;-0.013631
8.329;-0.012316
8.33;-0.012152
8.331;-0.011659
8.332;-0.010673
8.333;-0.01133
8.334;-0.01133
8.335;-0.010508
8.336;-0.010837
8.337;-0.011988
8.338;-0.01281
8.339;-0.013303
8.34;-0.013467
8.341;-0.013303
8.342;-0.013467
8.343;-0.012974
8.344;-0.013303
8.345;-0.012481
8.346;-0.011494
8.347;-0.010015
8.348;-0.009193
8.349;-0.009851
8.35;-0.009357
8.351;-0.0087
8.352;-0.010344
8.353;-0.011001
8.354;-0.011001
8.355;-0.010837
8.356;-0.01133
8.357;-0.012152
8.358;-0.011494
8.359;-0.012481
8.36;-0.013303
8.361;-0.012316
8.362;-0.01133
8.363;-0.011001
8.364;-0.011659
8.365;-0.009686
8.366;-0.009357
8.367;-0.009686
8.368;-0.010673
8.369;-0.010344
8.37;-0.010015
8.371;-0.010344
8.372;-0.010344
8.373;-0.011659
8.374;-0.01133
8.375;-0.012316
8.376;-0.012481
8.377;-0.01133
8.378;-0.010344
8.379;-0.011001
8.38;-0.009193
8.381;-0.007714
8.382;-0.008371
8.383;-0.009193
8.384;-0.009357
8.385;-0.00722
8.386;-0.008371
8.387;-0.009029
8.388;-0.009686
8.389;-0.011001
8.39;-0.010673
8.391;-0.010015
8.392;-0.010179
8.393;-0.010015
8.394;-0.010344
8.395;-0.010179
8.396;-0.0087
8.397;-0.0087
8.398;-0.008864
8.399;-0.008371
8.4;-0.007549
8.401;-0.007549
8.402;-0.009357
8.403;-0.008371
8.404;-0.008535
8.405;-0.009357
8.406;-0.010015
8.407;-0.011001
8.408;-0.010508
8.409;-0.011494
8.41;-0.010837
8.411;-0.009357
8.412;-0.009357
8.413;-0.009522
8.414;-0.009522
8.415;-0.007056
8.416;-0.008371
8.417;-0.007878
8.418;-0.007549
8.419;-0.008371
8.42;-0.008535
8.421;-0.009522
8.422;-0.009193
8.423;-0.009522
8.424;-0.011166
8.425;-0.009851
8.426;-0.011001
8.427;-0.011166
8.428;-0.01133
8.429;-0.009522
8.43;-0.008042
8.431;-0.008535
8.432;-0.007878
8.433;-0.006727
8.434;-0.00722
8.435;-0.008042
8.436;-0.0087
8.437;-0.009029
8.438;-0.010344
8.439;-0.010344
8.44;-0.010508
8.441;-0.010508
8.442;-0.010179
8.443;-0.011494
8.444;-0.009686
8.445;-0.009193
8.446;-0.010344
8.447;-0.009522
8.448;-0.008042
8.449;-0.007714
8.45;-0.008371
8.451;-0.007878
8.452;-0.007878
8.453;-0.0087
8.454;-0.009357
8.455;-0.009357
8.456;-0.010015
8.457;-0.010673
8.458;-0.010344
8.459;-0.010179
8.46;-0.010179
8.461;-0.010673
8.462;-0.010837
8.463;-0.008864
8.464;-0.006727
8.465;-0.008042
8.466;-0.007714
8.467;-0.008535
8.468;-0.008207
8.469;-0.0087
8.47;-0.009029
8.471;-0.009522
8.472;-0.010179
8.473;-0.010837
8.474;-0.010673
8.475;-0.011166
8.476;-0.011166
8.477;-0.010673
8.478;-0.010015
8.479;-0.009686
8.48;-0.009357
8.481;-0.008207
8.482;-0.008042
8.483;-0.00722
8.484;-0.006892
8.485;-0.008535
8.486;-0.008535
8.487;-0.009851
8.488;-0.010508
8.489;-0.009522
8.49;-0.010179
8.491;-0.01133
8.492;-0.011823
8.493;-0.008864
8.494;-0.010015
8.495;-0.010673
8.496;-0.009522
8.497;-0.0087
8.498;-0.008371
8.499;-0.007878
8.5;-0.006398
8.501;-0.007714
8.502;-0.007878
8.503;-0.009029
8.504;-0.008864
8.505;-0.008535
8.506;-0.010673
8.507;-0.010837
8.508;-0.010179
8.509;-0.009522
8.51;-0.010508
8.511;-0.012645
8.512;-0.009851
8.513;-0.009193
8.514;-0.009522
8.515;-0.007549
8.516;-0.007385
8.517;-0.008042
8.518;-0.008207
8.519;-0.007714
8.52;-0.008535
8.521;-0.010179
8.522;-0.010179
8.523;-0.010508
8.524;-0.010015
8.525;-0.011166
8.526;-0.011001
8.527;-0.010508
8.528;-0.010015
8.529;-0.010015
8.53;-0.008864
8.531;-0.008042
8.532;-0.007714
8.533;-0.008207
8.534;-0.007714
8.535;-0.008042
8.536;-0.008864
8.537;-0.008864
8.538;-0.009686
8.539;-0.009851
8.54;-0.009686
8.541;-0.011823
8.542;-0.009686
8.543;-0.009851
8.544;-0.010344
8.545;-0.010179
8.546;-0.008864
8.547;-0.008864
8.548;-0.008042
8.549;-0.007385
8.55;-0.006563
8.551;-0.007056
8.552;-0.008371
8.553;-0.0087
8.554;-0.007878
8.555;-0.009522
8.556;-0.010508
8.557;-0.010179
8.558;-0.009686
8.559;-0.009357
8.56;-0.011001
8.561;-0.010015
8.562;-0.009357
8.563;-0.008535
8.564;-0.008042
8.565;-0.00722
8.566;-0.007056
8.567;-0.007878
8.568;-0.007549
8.569;-0.00722
8.57;-0.0087
8.571;-0.009851
8.572;-0.009193
8.573;-0.010837
8.574;-0.010508
8.575;-0.010015
8.576;-0.009851
8.577;-0.010179
8.578;-0.010015
8.579;-0.009357
8.58;-0.008042
8.581;-0.008864
8.582;-0.00722
8.583;-0.006563
8.584;-0.006563
8.585;-0.008864
8.586;-0.009193
8.587;-0.006727
8.588;-0.00722
8.589;-0.007549
8.59;-0.010015
8.591;-0.0087
8.592;-0.008207
8.593;-0.008535
8.594;-0.010179
8.595;-0.0087
8.596;-0.009357
8.597;-0.008371
8.598;-0.008042
8.599;-0.006234
8.6;-0.006892
8.601;-0.007878
8.602;-0.007549
8.603;-0.007056
8.604;-0.008207
8.605;-0.010673
8.606;-0.009686
8.607;-0.011001
8.608;-0.011001
8.609;-0.011166
8.61;-0.011166
8.611;-0.010015
8.612;-0.009522
8.613;-0.009193
8.614;-0.00722
8.615;-0.007056
8.616;-0.008535
8.617;-0.007878
8.618;-0.007714
8.619;-0.008042
8.62;-0.009686
8.621;-0.009193
8.622;-0.009686
8.623;-0.009686
8.624;-0.011166
8.625;-0.010179
8.626;-0.009686
8.627;-0.009851
8.628;-0.009686
8.629;-0.008042
8.63;-0.007385
8.631;-0.00607
8.632;-0.005248
8.633;-0.00459
8.634;-0.00459
8.635;-0.005741
8.636;-0.00459
8.637;-0.005412
8.638;-0.005576
8.639;-0.006563
8.64;-0.005412
8.641;-0.004919
8.642;-0.006234
8.643;-0.005741
8.644;-0.004755
8.645;-0.004919
8.646;-0.003439
8.647;-0.002124
8.648;-0.001467
8.649;-0.001302
8.65;-0.00196
8.651;-0.001631
8.652;-0.00196
8.653;-0.001796
8.654;-0.002124
8.655;-0.001302
8.656;-0.002453
8.657;-0.002782
8.658;-0.002453
8.659;-0.001302
8.66;-0.001138
8.661;-0.000152
8.662;0.000999
8.663;0.002972
8.664;0.00215
8.665;0.004287
8.666;0.005438
8.667;0.005438
8.668;0.004616
8.669;0.004451
8.67;0.005766
8.671;0.005766
8.672;0.005109
8.673;0.006917
8.674;0.006917
8.675;0.00741
8.676;0.007739
8.677;0.007246
8.678;0.009054
8.679;0.009547
8.68;0.010862
8.681;0.013657
8.682;0.013328
8.683;0.014643
8.684;0.014479
8.685;0.014972
8.686;0.013986
8.687;0.013821
8.688;0.013986
8.689;0.013821
8.69;0.013164
8.691;0.012177
8.692;0.013986
8.693;0.012999
8.694;0.011684
8.695;0.012506
8.696;0.013164
8.697;0.013821
8.698;0.012835
8.699;0.011849
8.7;0.012506
8.701;0.012342
8.702;0.011027
8.703;0.010369
8.704;0.009054
8.705;0.008397
8.706;0.008561
8.707;0.006259
8.708;0.005109
8.709;0.005602
8.71;0.004616
8.711;0.004122
8.712;0.00478
8.713;0.005109
8.714;0.00478
8.715;0.006095
8.716;0.006095
8.717;0.004451
8.718;0.003301
8.719;0.002807
8.72;0.002314
8.721;0.000342
8.722;0.000506
8.723;0.000342
8.724;-0.001138
8.725;-0.002453
8.726;-0.002289
8.727;-0.002946
8.728;-0.002289
8.729;-0.002782
8.73;-0.001302
8.731;-0.001467
8.732;-0.001302
8.733;-0.002617
8.734;-0.002289
8.735;-0.004097
8.736;-0.002946
8.737;-0.004426
8.738;-0.003768
8.739;-0.005248
8.74;-0.006563
8.741;-0.007714
8.742;-0.007385
8.743;-0.00722
8.744;-0.00722
8.745;-0.007056
8.746;-0.006892
8.747;-0.006727
8.748;-0.00607
8.749;-0.004755
8.75;-0.005905
8.751;-0.006727
8.752;-0.00722
8.753;-0.006398
8.754;-0.008535
8.755;-0.009029
8.756;-0.009193
8.757;-0.009357
8.758;-0.010344
8.759;-0.010179
8.76;-0.010344
8.761;-0.011494
8.762;-0.009357
8.763;-0.009851
8.764;-0.007714
8.765;-0.007549
8.766;-0.007385
8.767;-0.007878
8.768;-0.008864
8.769;-0.009522
8.77;-0.010015
8.771;-0.010673
8.772;-0.010015
8.773;-0.010508
8.774;-0.012316
8.775;-0.012481
8.776;-0.011988
8.777;-0.012481
8.778;-0.011988
8.779;-0.011823
8.78;-0.011659
8.781;-0.012481
8.782;-0.013138
8.783;-0.012316
8.784;-0.01281
8.785;-0.014782
8.786;-0.014782
8.787;-0.015275
8.788;-0.018234
8.789;-0.019549
8.79;-0.020371
8.791;-0.023002
8.792;-0.025796
8.793;-0.02892
8.794;-0.029577
8.795;-0.031385
8.796;-0.032536
8.797;-0.035166
8.798;-0.03681
8.799;-0.038783
8.8;-0.038619
8.801;-0.040098
8.802;-0.04092
8.803;-0.041413
8.804;-0.041906
8.805;-0.040591
8.806;-0.037139
8.807;-0.033522
8.808;-0.03007
8.809;-0.022344
8.81;-0.015275
8.811;-0.005576
8.812;0.003465
8.813;0.015465
8.814;0.026808
8.815;0.038973
8.816;0.051466
8.817;0.065768
8.818;0.076453
8.819;0.088947
8.82;0.101769
8.821;0.114756
8.822;0.126263
8.823;0.13777
8.824;0.149277
8.825;0.158154
8.826;0.167524
8.827;0.174922
8.828;0.182155
8.829;0.18495
8.83;0.184621
8.831;0.181991
8.832;0.176073
8.833;0.164072
8.834;0.151414
8.835;0.135962
8.836;0.121003
8.837;0.105221
8.838;0.089604
8.839;0.076289
8.84;0.065604
8.841;0.054261
8.842;0.044398
8.843;0.037658
8.844;0.028781
8.845;0.022863
8.846;0.015794
8.847;0.012999
8.848;0.007081
8.849;0.001328
8.85;-0.000316
8.851;-0.003275
8.852;-0.007056
8.853;-0.009851
8.854;-0.013796
8.855;-0.013138
8.856;-0.014453
8.857;-0.017577
8.858;-0.016919
8.859;-0.017412
8.86;-0.017248
8.861;-0.018399
8.862;-0.015933
8.863;-0.015275
8.864;-0.015111
8.865;-0.012316
8.866;-0.01133
8.867;-0.009851
8.868;-0.007385
8.869;-0.007878
8.87;-0.005412
8.871;-0.00607
8.872;-0.003933
8.873;-0.002289
8.874;-0.001796
8.875;-0.000645
8.876;-0.001302
8.877;0.000835
8.878;0.002479
8.879;0.001985
8.88;0.00478
8.881;0.004616
8.882;0.005602
8.883;0.006259
8.884;0.005602
8.885;0.003794
8.886;0.002479
8.887;0.001328
8.888;0.001821
8.889;0.000342
8.89;-0.000645
8.891;-0.001631
8.892;-0.00048
8.893;-0.001138
8.894;-0.001631
8.895;-0.00048
8.896;0.000177
8.897;-0.00048
8.898;-0.000152
8.899;0.001163
8.9;0.001163
8.901;0.000177
8.902;-0.000974
8.903;-0.001467
8.904;-0.000974
8.905;-0.002124
8.906;-0.00196
8.907;-0.001796
8.908;-0.002946
8.909;-0.000974
8.91;-0.001631
8.911;-0.000316
8.912;-0.001302
8.913;-0.000974
8.914;0.00067
8.915;0.002807
8.916;0.002314
8.917;0.003301
8.918;0.002643
8.919;0.00215
8.92;0.001821
8.921;0.000835
8.922;0.00215
8.923;0.00215
8.924;0.000835
8.925;0.001492
8.926;0.003465
8.927;0.001985
8.928;0.002643
8.929;0.004122
8.93;0.005273
8.931;0.006259
8.932;0.007246
8.933;0.008068
8.934;0.007739
8.935;0.007575
8.936;0.007903
8.937;0.009547
8.938;0.006917
8.939;0.008068
8.94;0.007739
8.941;0.009547
8.942;0.00889
8.943;0.008725
8.944;0.010205
8.945;0.01152
8.946;0.012177
8.947;0.013493
8.948;0.015301
8.949;0.016123
8.95;0.015958
8.951;0.015136
8.952;0.016287
8.953;0.017109
8.954;0.017438
8.955;0.016616
8.956;0.017767
8.957;0.017438
8.958;0.018589
8.959;0.018753
8.96;0.020068
8.961;0.020397
8.962;0.021383
8.963;0.024178
8.964;0.025822
8.965;0.025657
8.966;0.02615
8.967;0.027466
8.968;0.026644
8.969;0.027794
8.97;0.027137
8.971;0.029931
8.972;0.029274
8.973;0.029767
8.974;0.029603
8.975;0.031411
8.976;0.031082
8.977;0.031082
8.978;0.032726
8.979;0.034534
8.98;0.035849
8.981;0.036343
8.982;0.038808
8.983;0.03963
8.984;0.039466
8.985;0.040288
8.986;0.041274
8.987;0.041603
8.988;0.04111
8.989;0.04111
8.99;0.043411
8.991;0.042589
8.992;0.044069
8.993;0.045548
8.994;0.045548
8.995;0.04785
8.996;0.048343
8.997;0.050973
8.998;0.051795
8.999;0.052453
9;0.052781
9.001;0.055905
9.002;0.055083
9.003;0.055576
9.004;0.055905
9.005;0.056891
9.006;0.057877
9.007;0.057055
9.008;0.057384
9.009;0.059028
9.01;0.060343
9.011;0.060508
9.012;0.061823
9.013;0.063795
9.014;0.064124
9.015;0.064782
9.016;0.067248
9.017;0.067905
9.018;0.067576
9.019;0.067248
9.02;0.069713
9.021;0.069056
9.022;0.068234
9.023;0.069385
9.024;0.070371
9.025;0.070535
9.026;0.071522
9.027;0.072015
9.028;0.073001
9.029;0.075467
9.03;0.074809
9.031;0.077275
9.032;0.076782
9.033;0.077933
9.034;0.07596
9.035;0.077604
9.036;0.076618
9.037;0.07744
9.038;0.075467
9.039;0.076289
9.04;0.074974
9.041;0.074152
9.042;0.075303
9.043;0.075138
9.044;0.07333
9.045;0.073494
9.046;0.075467
9.047;0.075138
9.048;0.075467
9.049;0.075138
9.05;0.075796
9.051;0.074481
9.052;0.072179
9.053;0.070207
9.054;0.070207
9.055;0.068234
9.056;0.068563
9.057;0.065439
9.058;0.065932
9.059;0.063302
9.06;0.061823
9.061;0.060343
9.062;0.060836
9.063;0.05985
9.064;0.058206
9.065;0.060014
9.066;0.058371
9.067;0.056727
9.068;0.05459
9.069;0.053275
9.07;0.051631
9.071;0.049822
9.072;0.047521
9.073;0.046206
9.074;0.043411
9.075;0.042261
9.076;0.041932
9.077;0.039466
9.078;0.039137
9.079;0.038151
9.08;0.039466
9.081;0.038644
9.082;0.035685
9.083;0.034041
9.084;0.034699
9.085;0.031411
9.086;0.030589
9.087;0.029438
9.088;0.027466
9.089;0.025493
9.09;0.024507
9.091;0.024013
9.092;0.021219
9.093;0.02089
9.094;0.018424
9.095;0.018917
9.096;0.018095
9.097;0.018589
9.098;0.017274
9.099;0.017602
9.1;0.015301
9.101;0.016123
9.102;0.013328
9.103;0.013657
9.104;0.011191
9.105;0.010369
9.106;0.00889
9.107;0.007903
9.108;0.006588
9.109;0.005438
9.11;0.005438
9.111;0.004616
9.112;0.004616
9.113;0.003958
9.114;0.004122
9.115;0.003794
9.116;0.003301
9.117;0.003465
9.118;0.002479
9.119;0.000342
9.12;0.000506
9.121;0.000177
9.122;-0.001631
9.123;-0.001631
9.124;-0.003275
9.125;-0.00459
9.126;-0.003275
9.127;-0.004097
9.128;-0.004919
9.129;-0.003768
9.13;-0.004426
9.131;-0.004755
9.132;-0.004426
9.133;-0.002946
9.134;-0.004261
9.135;-0.005741
9.136;-0.004919
9.137;-0.006234
9.138;-0.008042
9.139;-0.009522
9.14;-0.008207
9.141;-0.010015
9.142;-0.009522
9.143;-0.011659
9.144;-0.010508
9.145;-0.011001
9.146;-0.010179
9.147;-0.011166
9.148;-0.010015
9.149;-0.009357
9.15;-0.009029
9.151;-0.008864
9.152;-0.010179
9.153;-0.011166
9.154;-0.011823
9.155;-0.01133
9.156;-0.011988
9.157;-0.013467
9.158;-0.014782
9.159;-0.01281
9.16;-0.013303
9.161;-0.01281
9.162;-0.013796
9.163;-0.011988
9.164;-0.010179
9.165;-0.010344
9.166;-0.009851
9.167;-0.010673
9.168;-0.010673
9.169;-0.012481
9.17;-0.01133
9.171;-0.012974
9.172;-0.013796
9.173;-0.013796
9.174;-0.01396
9.175;-0.013467
9.176;-0.015111
9.177;-0.014618
9.178;-0.014125
9.179;-0.013631
9.18;-0.013303
9.181;-0.011494
9.182;-0.010673
9.183;-0.009851
9.184;-0.011494
9.185;-0.01133
9.186;-0.011659
9.187;-0.013303
9.188;-0.014125
9.189;-0.011823
9.19;-0.014618
9.191;-0.013631
9.192;-0.014947
9.193;-0.012974
9.194;-0.014125
9.195;-0.012974
9.196;-0.013303
9.197;-0.011659
9.198;-0.010673
9.199;-0.01133
9.2;-0.009522
9.201;-0.010508
9.202;-0.011166
9.203;-0.012152
9.204;-0.010344
9.205;-0.012152
9.206;-0.012316
9.207;-0.013303
9.208;-0.012316
9.209;-0.013303
9.21;-0.011823
9.211;-0.012974
9.212;-0.011659
9.213;-0.010508
9.214;-0.011659
9.215;-0.009686
9.216;-0.009522
9.217;-0.009686
9.218;-0.011166
9.219;-0.009851
9.22;-0.010015
9.221;-0.011988
9.222;-0.012645
9.223;-0.01133
9.224;-0.01396
9.225;-0.012974
9.226;-0.013467
9.227;-0.011659
9.228;-0.012645
9.229;-0.011823
9.23;-0.010015
9.231;-0.010015
9.232;-0.009686
9.233;-0.009851
9.234;-0.007878
9.235;-0.009193
9.236;-0.010508
9.237;-0.010673
9.238;-0.010344
9.239;-0.012481
9.24;-0.011494
9.241;-0.012152
9.242;-0.011001
9.243;-0.010344
9.244;-0.01133
9.245;-0.009522
9.246;-0.009029
9.247;-0.008535
9.248;-0.008371
9.249;-0.007385
9.25;-0.007878
9.251;-0.007878
9.252;-0.009357
9.253;-0.008371
9.254;-0.008864
9.255;-0.010179
9.256;-0.011001
9.257;-0.010837
9.258;-0.010837
9.259;-0.010837
9.26;-0.010837
9.261;-0.011001
9.262;-0.009851
9.263;-0.010015
9.264;-0.00722
9.265;-0.0087
9.266;-0.007878
9.267;-0.008207
9.268;-0.006892
9.269;-0.009851
9.27;-0.009686
9.271;-0.010179
9.272;-0.011001
9.273;-0.009357
9.274;-0.010344
9.275;-0.01133
9.276;-0.010837
9.277;-0.009522
9.278;-0.010837
9.279;-0.008864
9.28;-0.008864
9.281;-0.009029
9.282;-0.008535
9.283;-0.006892
9.284;-0.008371
9.285;-0.008535
9.286;-0.009029
9.287;-0.008864
9.288;-0.010344
9.289;-0.010508
9.29;-0.011988
9.291;-0.011166
9.292;-0.010837
9.293;-0.010015
9.294;-0.010179
9.295;-0.010508
9.296;-0.009193
9.297;-0.0087
9.298;-0.006727
9.299;-0.007878
9.3;-0.007714
9.301;-0.008864
9.302;-0.010015
9.303;-0.009193
9.304;-0.009357
9.305;-0.012152
9.306;-0.010344
9.307;-0.011001
9.308;-0.011823
9.309;-0.011166
9.31;-0.010673
9.311;-0.011494
9.312;-0.009851
9.313;-0.008042
9.314;-0.0087
9.315;-0.008535
9.316;-0.007878
9.317;-0.006892
9.318;-0.0087
9.319;-0.008864
9.32;-0.009851
9.321;-0.010837
9.322;-0.009851
9.323;-0.009029
9.324;-0.011659
9.325;-0.011001
9.326;-0.011494
9.327;-0.010179
9.328;-0.009357
9.329;-0.009686
9.33;-0.009193
9.331;-0.008371
9.332;-0.007549
9.333;-0.007714
9.334;-0.007549
9.335;-0.009029
9.336;-0.008042
9.337;-0.009357
9.338;-0.011001
9.339;-0.010508
9.34;-0.009686
9.341;-0.010344
9.342;-0.010015
9.343;-0.009851
9.344;-0.010837
9.345;-0.010344
9.346;-0.009357
9.347;-0.007878
9.348;-0.007385
9.349;-0.008042
9.35;-0.007549
9.351;-0.006892
9.352;-0.0087
9.353;-0.009029
9.354;-0.009193
9.355;-0.009193
9.356;-0.010015
9.357;-0.009357
9.358;-0.010015
9.359;-0.010837
9.36;-0.009851
9.361;-0.011659
9.362;-0.009522
9.363;-0.009522
9.364;-0.009357
9.365;-0.007714
9.366;-0.007878
9.367;-0.008535
9.368;-0.008371
9.369;-0.009357
9.37;-0.0087
9.371;-0.010015
9.372;-0.01133
9.373;-0.010673
9.374;-0.010673
9.375;-0.011166
9.376;-0.011659
9.377;-0.010344
9.378;-0.010344
9.379;-0.009686
9.38;-0.009357
9.381;-0.008371
9.382;-0.007878
9.383;-0.007549
9.384;-0.007878
9.385;-0.0087
9.386;-0.0087
9.387;-0.010015
9.388;-0.010015
9.389;-0.010837
9.39;-0.009522
9.391;-0.011659
9.392;-0.011166
9.393;-0.010015
9.394;-0.010015
9.395;-0.010508
9.396;-0.008371
9.397;-0.008535
9.398;-0.008535
9.399;-0.008371
9.4;-0.007385
9.401;-0.008864
9.402;-0.008207
9.403;-0.008864
9.404;-0.008371
9.405;-0.009686
9.406;-0.009851
9.407;-0.010673
9.408;-0.011001
9.409;-0.010508
9.41;-0.010837
9.411;-0.010179
9.412;-0.009686
9.413;-0.009522
9.414;-0.009029
9.415;-0.007714
9.416;-0.008371
9.417;-0.008042
9.418;-0.008042
9.419;-0.007878
9.42;-0.008207
9.421;-0.010179
9.422;-0.009522
9.423;-0.010673
9.424;-0.011001
9.425;-0.010673
9.426;-0.010179
9.427;-0.009522
9.428;-0.009193
9.429;-0.010015
9.43;-0.008371
9.431;-0.007878
9.432;-0.008042
9.433;-0.007714
9.434;-0.007714
9.435;-0.008864
9.436;-0.009193
9.437;-0.008042
9.438;-0.009357
9.439;-0.010344
9.44;-0.010837
9.441;-0.010015
9.442;-0.011166
9.443;-0.009029
9.444;-0.009193
9.445;-0.009193
9.446;-0.008535
9.447;-0.008042
9.448;-0.008042
9.449;-0.006398
9.45;-0.006727
9.451;-0.007878
9.452;-0.00722
9.453;-0.00722
9.454;-0.009193
9.455;-0.009357
9.456;-0.009851
9.457;-0.010508
9.458;-0.011166
9.459;-0.010837
9.46;-0.010015
9.461;-0.010015
9.462;-0.010508
9.463;-0.009686
9.464;-0.008535
9.465;-0.00722
9.466;-0.008535
9.467;-0.007385
9.468;-0.008535
9.469;-0.008535
9.47;-0.009357
9.471;-0.008042
9.472;-0.010179
9.473;-0.010837
9.474;-0.012152
9.475;-0.010837
9.476;-0.011001
9.477;-0.010344
9.478;-0.009851
9.479;-0.009686
9.48;-0.009029
9.481;-0.009029
9.482;-0.006234
9.483;-0.006727
9.484;-0.007385
9.485;-0.007385
9.486;-0.004919
9.487;-0.006892
9.488;-0.007056
9.489;-0.0087
9.49;-0.007878
9.491;-0.007878
9.492;-0.008535
9.493;-0.007878
9.494;-0.005248
9.495;-0.006398
9.496;-0.004097
9.497;-0.004097
9.498;-0.002782
9.499;-0.002782
9.5;-0.003439
9.501;-0.002124
9.502;-0.002617
9.503;-0.003111
9.504;-0.003439
9.505;-0.00459
9.506;-0.004097
9.507;-0.004919
9.508;-0.004261
9.509;-0.002946
9.51;-0.002453
9.511;-0.002453
9.512;-0.001796
9.513;-0.000152
9.514;0.000999
9.515;0.000506
9.516;0.003136
9.517;0.001492
9.518;0.001492
9.519;0.001985
9.52;0.001492
9.521;0.003301
9.522;0.002314
9.523;0.001821
9.524;0.002807
9.525;0.002972
9.526;0.003136
9.527;0.004287
9.528;0.004944
9.529;0.008232
9.53;0.008232
9.531;0.009547
9.532;0.009876
9.533;0.010205
9.534;0.01004
9.535;0.011684
9.536;0.011684
9.537;0.011684
9.538;0.011027
9.539;0.012342
9.54;0.011191
9.541;0.012177
9.542;0.011191
9.543;0.012506
9.544;0.013328
9.545;0.013328
9.546;0.014315
9.547;0.014643
9.548;0.015465
9.549;0.014972
9.55;0.015301
9.551;0.014479
9.552;0.012177
9.553;0.011849
9.554;0.011684
9.555;0.011191
9.556;0.010369
9.557;0.008232
9.558;0.00889
9.559;0.008232
9.56;0.007903
9.561;0.00741
9.562;0.007575
9.563;0.008561
9.564;0.006588
9.565;0.007081
9.566;0.007903
9.567;0.006753
9.568;0.005931
9.569;0.005766
9.57;0.005273
9.571;0.003794
9.572;0.002643
9.573;0.001163
9.574;0.000177
9.575;0.000506
9.576;0.00067
9.577;0.000835
9.578;-0.000316
9.579;0.000177
9.58;0.001328
9.581;0.000506
9.582;0.001657
9.583;0.000506
9.584;0.000177
9.585;-0.000645
9.586;-0.000809
9.587;-0.002124
9.588;-0.003768
9.589;-0.00459
9.59;-0.004097
9.591;-0.006234
9.592;-0.005741
9.593;-0.005083
9.594;-0.004261
9.595;-0.004919
9.596;-0.005741
9.597;-0.005412
9.598;-0.00607
9.599;-0.004919
9.6;-0.003768
9.601;-0.005576
9.602;-0.006234
9.603;-0.006563
9.604;-0.007056
9.605;-0.008371
9.606;-0.009029
9.607;-0.009029
9.608;-0.009851
9.609;-0.010179
9.61;-0.010179
9.611;-0.010015
9.612;-0.010015
9.613;-0.008042
9.614;-0.00722
9.615;-0.007056
9.616;-0.006892
9.617;-0.007878
9.618;-0.007714
9.619;-0.0087
9.62;-0.008535
9.621;-0.010015
9.622;-0.010179
9.623;-0.011494
9.624;-0.011166
9.625;-0.01133
9.626;-0.010179
9.627;-0.011659
9.628;-0.012152
9.629;-0.010179
9.63;-0.010015
9.631;-0.010508
9.632;-0.010837
9.633;-0.010015
9.634;-0.009357
9.635;-0.011001
9.636;-0.012974
9.637;-0.012152
9.638;-0.014289
9.639;-0.015275
9.64;-0.016755
9.641;-0.016755
9.642;-0.01659
9.643;-0.018234
9.644;-0.017906
9.645;-0.019221
9.646;-0.021029
9.647;-0.022508
9.648;-0.023166
9.649;-0.025303
9.65;-0.028098
9.651;-0.029906
9.652;-0.033029
9.653;-0.035331
9.654;-0.038454
9.655;-0.040098
9.656;-0.04092
9.657;-0.042893
9.658;-0.043879
9.659;-0.043386
9.66;-0.042564
9.661;-0.040591
9.662;-0.037961
9.663;-0.032207
9.664;-0.025796
9.665;-0.020207
9.666;-0.012481
9.667;-0.001796
9.668;0.006259
9.669;0.016616
9.67;0.026644
9.671;0.038315
9.672;0.049658
9.673;0.063302
9.674;0.074152
9.675;0.088454
9.676;0.100783
9.677;0.114098
9.678;0.12577
9.679;0.138428
9.68;0.152236
9.681;0.161771
9.682;0.171305
9.683;0.17821
9.684;0.183635
9.685;0.1861
9.686;0.185278
9.687;0.182155
9.688;0.172785
9.689;0.161935
9.69;0.149277
9.691;0.132345
9.692;0.11755
9.693;0.10292
9.694;0.088782
9.695;0.076782
9.696;0.06659
9.697;0.057384
9.698;0.04785
9.699;0.040288
9.7;0.03289
9.701;0.024342
9.702;0.017109
9.703;0.011684
9.704;0.005438
9.705;0.001657
9.706;-0.002617
9.707;-0.006892
9.708;-0.010015
9.709;-0.011166
9.71;-0.013303
9.711;-0.014453
9.712;-0.013796
9.713;-0.014782
9.714;-0.014947
9.715;-0.014782
9.716;-0.014618
9.717;-0.015769
9.718;-0.015111
9.719;-0.015275
9.72;-0.013138
9.721;-0.013631
9.722;-0.01396
9.723;-0.012481
9.724;-0.011494
9.725;-0.009686
9.726;-0.00607
9.727;-0.004919
9.728;-0.004755
9.729;-0.001302
9.73;0.001328
9.731;0.002807
9.732;0.003629
9.733;0.003465
9.734;0.004944
9.735;0.005109
9.736;0.003958
9.737;0.003794
9.738;0.003629
9.739;0.004451
9.74;0.003794
9.741;0.001492
9.742;0.001821
9.743;0.001821
9.744;0.001328
9.745;0.001657
9.746;0.001492
9.747;0.001657
9.748;0.001328
9.749;0.000999
9.75;0.002314
9.751;1.27E-05
9.752;1.27E-05
9.753;-0.000974
9.754;-0.000152
9.755;-0.00048
9.756;-0.000974
9.757;-0.001796
9.758;-0.003439
9.759;-0.002617
9.76;-0.002453
9.761;-0.001138
9.762;-0.002124
9.763;1.27E-05
9.764;-0.000645
9.765;0.00067
9.766;0.001985
9.767;0.002643
9.768;0.000999
9.769;0.001985
9.77;0.00067
9.771;0.001163
9.772;0.000506
9.773;0.00067
9.774;0.00067
9.775;0.000177
9.776;0.00067
9.777;0.001163
9.778;0.001328
9.779;0.003136
9.78;0.002807
9.781;0.005273
9.782;0.005602
9.783;0.005931
9.784;0.006095
9.785;0.005766
9.786;0.005931
9.787;0.005766
9.788;0.00478
9.789;0.004616
9.79;0.005273
9.791;0.007246
9.792;0.006424
9.793;0.007903
9.794;0.007246
9.795;0.007739
9.796;0.01004
9.797;0.011684
9.798;0.011191
9.799;0.013493
9.8;0.012671
9.801;0.012671
9.802;0.013328
9.803;0.01415
9.804;0.012671
9.805;0.014315
9.806;0.013164
9.807;0.013821
9.808;0.014315
9.809;0.015465
9.81;0.017274
9.811;0.017274
9.812;0.01826
9.813;0.018917
9.814;0.021712
9.815;0.022534
9.816;0.023849
9.817;0.023191
9.818;0.023685
9.819;0.024507
9.82;0.025329
9.821;0.024671
9.822;0.025493
9.823;0.024671
9.824;0.024507
9.825;0.025986
9.826;0.02763
9.827;0.028945
9.828;0.029438
9.829;0.030425
9.83;0.030918
9.831;0.033712
9.832;0.033877
9.833;0.035192
9.834;0.036014
9.835;0.037
9.836;0.037493
9.837;0.037164
9.838;0.036836
9.839;0.037658
9.84;0.038315
9.841;0.038644
9.842;0.03963
9.843;0.039795
9.844;0.041932
9.845;0.041932
9.846;0.044069
9.847;0.044891
9.848;0.047357
9.849;0.050316
9.85;0.049658
9.851;0.050644
9.852;0.050809
9.853;0.049822
9.854;0.052124
9.855;0.05048
9.856;0.051795
9.857;0.052453
9.858;0.052781
9.859;0.054754
9.86;0.05574
9.861;0.056727
9.862;0.055905
9.863;0.059193
9.864;0.060508
9.865;0.061823
9.866;0.063138
9.867;0.064782
9.868;0.062973
9.869;0.065111
9.87;0.064453
9.871;0.065932
9.872;0.065111
9.873;0.064782
9.874;0.065604
9.875;0.066261
9.876;0.067083
9.877;0.066754
9.878;0.06922
9.879;0.070207
9.88;0.071357
9.881;0.073166
9.882;0.074481
9.883;0.073823
9.884;0.076125
9.885;0.075796
9.886;0.074809
9.887;0.076782
9.888;0.075796
9.889;0.074809
9.89;0.075631
9.891;0.075796
9.892;0.074974
9.893;0.076946
9.894;0.076125
9.895;0.076782
9.896;0.077604
9.897;0.078097
9.898;0.077604
9.899;0.078426
9.9;0.077604
9.901;0.076946
9.902;0.075796
9.903;0.07596
9.904;0.075138
9.905;0.073659
9.906;0.071686
9.907;0.070864
9.908;0.071028
9.909;0.069385
9.91;0.069056
9.911;0.067248
9.912;0.067905
9.913;0.069056
9.914;0.068398
9.915;0.066426
9.916;0.065768
9.917;0.06396
9.918;0.062645
9.919;0.060672
9.92;0.060343
9.921;0.056891
9.922;0.055905
9.923;0.054918
9.924;0.052781
9.925;0.051631
9.926;0.049165
9.927;0.049987
9.928;0.047028
9.929;0.048343
9.93;0.046863
9.931;0.045548
9.932;0.044726
9.933;0.043576
9.934;0.043082
9.935;0.040617
9.936;0.038644
9.937;0.036836
9.938;0.035192
9.939;0.033219
9.94;0.033055
9.941;0.028945
9.942;0.028616
9.943;0.027794
9.944;0.026479
9.945;0.025822
9.946;0.025
9.947;0.024507
9.948;0.025493
9.949;0.024342
9.95;0.02352
9.951;0.021054
9.952;0.019904
9.953;0.018917
9.954;0.017602
9.955;0.014315
9.956;0.012671
9.957;0.013986
9.958;0.012835
9.959;0.013164
9.96;0.010534
9.961;0.010205
9.962;0.009876
9.963;0.010534
9.964;0.008561
9.965;0.009218
9.966;0.008561
9.967;0.007903
9.968;0.006588
9.969;0.005931
9.97;0.004122
9.971;0.001985
9.972;0.001821
9.973;0.001821
9.974;0.001163
9.975;-0.000809
9.976;-0.000645
9.977;-0.00048
9.978;-0.00048
9.979;-0.000974
9.98;-0.001138
9.981;-0.001138
9.982;-0.001138
9.983;-0.000809
9.984;-0.001796
9.985;-0.002946
9.986;-0.00459
9.987;-0.00459
9.988;-0.005248
9.989;-0.006398
9.99;-0.007714
9.991;-0.006563
9.992;-0.006892
9.993;-0.00722
9.994;-0.008042
9.995;-0.009193
9.996;-0.007385
9.997;-0.006234
9.998;-0.006892
9.999;-0.006727
10;-0.007385
10.001;-0.008042
10.002;-0.009029
10.003;-0.009357
10.004;-0.011494
10.005;-0.011823
10.006;-0.011988
10.007;-0.010344
10.008;-0.011659
10.009;-0.011823
10.01;-0.01133
10.011;-0.011166
10.012;-0.011988
10.013;-0.01133
10.014;-0.010837
10.015;-0.010179
10.016;-0.010673
10.017;-0.009357
10.018;-0.011166
10.019;-0.010344
10.02;-0.011494
10.021;-0.01133
10.022;-0.011659
10.023;-0.012645
10.024;-0.013631
10.025;-0.013303
10.026;-0.013303
10.027;-0.012152
10.028;-0.013138
10.029;-0.012974
10.03;-0.011988
10.031;-0.011494
10.032;-0.009851
10.033;-0.011823
10.034;-0.010344
10.035;-0.012316
10.036;-0.011823
10.037;-0.012645
10.038;-0.011823
10.039;-0.013303
10.04;-0.01281
10.041;-0.012481
10.042;-0.013631
10.043;-0.013467
10.044;-0.013631
10.045;-0.013467
10.046;-0.012152
10.047;-0.010837
10.048;-0.010837
10.049;-0.009851
10.05;-0.01133
10.051;-0.010508
10.052;-0.011166
10.053;-0.010837
10.054;-0.012152
10.055;-0.012974
10.056;-0.013631
10.057;-0.011988
10.058;-0.013303
10.059;-0.011823
10.06;-0.013467
10.061;-0.011001
10.062;-0.011494
10.063;-0.01133
10.064;-0.009851
10.065;-0.010508
10.066;-0.0087
10.067;-0.009851
10.068;-0.009851
10.069;-0.010837
10.07;-0.009357
10.071;-0.010837
10.072;-0.011001
10.073;-0.01133
10.074;-0.011166
10.075;-0.011988
10.076;-0.011823
10.077;-0.011494
10.078;-0.011659
10.079;-0.011988
10.08;-0.011166
10.081;-0.009193
10.082;-0.008864
10.083;-0.008371
10.084;-0.009193
10.085;-0.009029
10.086;-0.010179
10.087;-0.010015
10.088;-0.01133
10.089;-0.011001
10.09;-0.010344
10.091;-0.011001
10.092;-0.011166
10.093;-0.010179
10.094;-0.010837
10.095;-0.010179
10.096;-0.010015
10.097;-0.008864
10.098;-0.007549
10.099;-0.0087
10.1;-0.00722
10.101;-0.007878
10.102;-0.006727
10.103;-0.009029
10.104;-0.008535
10.105;-0.0087
10.106;-0.010179
10.107;-0.009686
10.108;-0.010344
10.109;-0.009851
10.11;-0.011659
10.111;-0.009029
10.112;-0.009357
10.113;-0.008371
10.114;-0.009851
10.115;-0.007549
10.116;-0.006892
10.117;-0.006234
10.118;-0.008042
10.119;-0.007714
10.12;-0.0087
10.121;-0.0087
10.122;-0.009522
10.123;-0.009193
10.124;-0.010179
10.125;-0.010837
10.126;-0.010508
10.127;-0.010508
10.128;-0.009686
10.129;-0.009851
10.13;-0.007056
10.131;-0.008042
10.132;-0.006563
10.133;-0.008864
10.134;-0.006892
10.135;-0.008042
10.136;-0.008535
10.137;-0.007714
10.138;-0.009357
10.139;-0.009686
10.14;-0.010179
10.141;-0.009357
10.142;-0.010837
10.143;-0.009522
10.144;-0.010179
10.145;-0.010508
10.146;-0.010179
10.147;-0.008042
10.148;-0.008371
10.149;-0.00722
10.15;-0.007385
10.151;-0.00722
10.152;-0.008864
10.153;-0.007878
10.154;-0.009522
10.155;-0.010015
10.156;-0.010673
10.157;-0.010015
10.158;-0.010508
10.159;-0.010673
10.16;-0.009522
10.161;-0.009522
10.162;-0.009357
10.163;-0.009357
10.164;-0.007878
10.165;-0.007385
10.166;-0.007056
10.167;-0.008042
10.168;-0.008042
10.169;-0.009029
10.17;-0.008535
10.171;-0.007714
10.172;-0.010179
10.173;-0.010508
10.174;-0.011001
10.175;-0.010673
10.176;-0.010673
10.177;-0.009522
10.178;-0.010508
10.179;-0.009686
10.18;-0.008042
10.181;-0.006727
10.182;-0.0087
10.183;-0.007385
10.184;-0.007878
10.185;-0.007549
10.186;-0.0087
10.187;-0.009522
10.188;-0.010015
10.189;-0.010344
10.19;-0.010344
10.191;-0.011001
10.192;-0.009851
10.193;-0.010673
10.194;-0.009522
10.195;-0.011001
10.196;-0.009029
10.197;-0.009522
10.198;-0.007714
10.199;-0.007056
10.2;-0.007056
10.201;-0.007549
10.202;-0.007385
10.203;-0.008535
10.204;-0.008864
10.205;-0.010015
10.206;-0.009522
10.207;-0.009851
10.208;-0.011001
10.209;-0.010015
10.21;-0.010015
10.211;-0.009029
10.212;-0.009851
10.213;-0.008371
10.214;-0.008535
10.215;-0.00722
10.216;-0.00722
10.217;-0.007056
10.218;-0.008371
10.219;-0.007714
10.22;-0.008535
10.221;-0.009193
10.222;-0.009357
10.223;-0.010179
10.224;-0.009357
10.225;-0.009686
10.226;-0.010179
10.227;-0.011659
10.228;-0.009357
10.229;-0.010015
10.23;-0.008042
10.231;-0.008207
10.232;-0.008371
10.233;-0.007056
10.234;-0.008207
10.235;-0.008535
10.236;-0.009522
10.237;-0.008535
10.238;-0.011001
10.239;-0.010673
10.24;-0.009851
10.241;-0.008864
10.242;-0.011494
10.243;-0.009357
10.244;-0.008864
10.245;-0.009522
10.246;-0.009193
10.247;-0.007878
10.248;-0.007714
10.249;-0.007549
10.25;-0.00722
10.251;-0.007714
10.252;-0.007385
10.253;-0.008042
10.254;-0.008864
10.255;-0.009357
10.256;-0.009686
10.257;-0.010673
10.258;-0.009851
10.259;-0.010015
10.26;-0.009357
10.261;-0.010179
10.262;-0.010179
10.263;-0.008371
10.264;-0.007714
10.265;-0.00722
10.266;-0.006563
10.267;-0.007385
10.268;-0.007878
10.269;-0.008371
10.27;-0.0087
10.271;-0.008042
10.272;-0.010673
10.273;-0.010508
10.274;-0.009029
10.275;-0.010015
10.276;-0.011001
10.277;-0.010179
10.278;-0.009686
10.279;-0.0087
10.28;-0.008207
10.281;-0.00722
10.282;-0.007056
10.283;-0.007385
10.284;-0.007549
10.285;-0.008864
10.286;-0.007878
10.287;-0.009193
10.288;-0.008864
10.289;-0.009522
10.29;-0.008864
10.291;-0.011166
10.292;-0.009686
10.293;-0.010015
10.294;-0.009522
10.295;-0.010344
10.296;-0.009193
10.297;-0.008207
10.298;-0.008207
10.299;-0.005248
10.3;-0.00607
10.301;-0.005576
10.302;-0.00722
10.303;-0.006727
10.304;-0.007549
10.305;-0.008371
10.306;-0.010673
10.307;-0.010015
10.308;-0.009851
10.309;-0.010179
10.31;-0.009522
10.311;-0.0087
10.312;-0.009193
10.313;-0.008042
10.314;-0.007549
10.315;-0.008042
10.316;-0.005576
10.317;-0.006727
10.318;-0.006727
10.319;-0.008207
10.32;-0.008371
10.321;-0.010344
10.322;-0.009686
10.323;-0.010673
10.324;-0.008864
10.325;-0.010673
10.326;-0.009851
10.327;-0.010179
10.328;-0.010508
10.329;-0.009193
10.33;-0.009357
10.331;-0.0087
10.332;-0.007385
10.333;-0.006234
10.334;-0.007714
10.335;-0.008535
10.336;-0.009522
10.337;-0.008535
10.338;-0.009193
10.339;-0.009193
10.34;-0.009193
10.341;-0.009851
10.342;-0.008371
10.343;-0.00722
10.344;-0.006727
10.345;-0.00722
10.346;-0.005576
10.347;-0.005905
10.348;-0.00459
10.349;-0.003768
10.35;-0.003111
10.351;-0.00459
10.352;-0.002946
10.353;-0.002617
10.354;-0.004261
10.355;-0.005248
10.356;-0.003768
10.357;-0.004919
10.358;-0.004426
10.359;-0.004426
10.36;-0.003111
10.361;-0.002946
10.362;-0.003604
10.363;-0.003275
10.364;-0.001467
10.365;-0.000152
10.366;-0.000974
10.367;0.000999
10.368;0.000177
10.369;0.000835
10.37;-0.001467
10.371;1.27E-05
10.372;-0.000645
10.373;0.000177
10.374;1.27E-05
10.375;0.001328
10.376;0.000835
10.377;0.00215
10.378;0.002972
10.379;0.003794
10.38;0.005931
10.381;0.005931
10.382;0.006753
10.383;0.007739
10.384;0.008561
10.385;0.008068
10.386;0.008068
10.387;0.00889
10.388;0.008068
10.389;0.007903
10.39;0.008561
10.391;0.009547
10.392;0.009876
10.393;0.01004
10.394;0.01152
10.395;0.013328
10.396;0.013328
10.397;0.015301
10.398;0.015136
10.399;0.01678
10.4;0.014808
10.401;0.016287
10.402;0.015794
10.403;0.015136
10.404;0.013164
10.405;0.013164
10.406;0.012671
10.407;0.012999
10.408;0.011191
10.409;0.011191
10.41;0.010534
10.411;0.011027
10.412;0.009218
10.413;0.010534
10.414;0.012013
10.415;0.011027
10.416;0.01152
10.417;0.011191
10.418;0.010369
10.419;0.007903
10.42;0.00741
10.421;0.007081
10.422;0.004944
10.423;0.004122
10.424;0.004944
10.425;0.005273
10.426;0.002972
10.427;0.004287
10.428;0.004451
10.429;0.002972
10.43;0.00215
10.431;0.003465
10.432;0.004122
10.433;0.003958
10.434;0.00215
10.435;0.002643
10.436;0.001163
10.437;-0.000152
10.438;-0.000974
10.439;-0.001631
10.44;-0.00196
10.441;-0.002124
10.442;-0.003604
10.443;-0.003275
10.444;-0.003604
10.445;-0.004426
10.446;-0.003768
10.447;-0.003604
10.448;-0.003275
10.449;-0.002782
10.45;-0.002124
10.451;-0.002782
10.452;-0.003768
10.453;-0.005741
10.454;-0.004755
10.455;-0.005576
10.456;-0.006727
10.457;-0.008042
10.458;-0.007878
10.459;-0.006727
10.46;-0.008042
10.461;-0.007385
10.462;-0.007385
10.463;-0.006727
10.464;-0.008042
10.465;-0.006398
10.466;-0.006398
10.467;-0.004919
10.468;-0.008042
10.469;-0.008042
10.47;-0.007385
10.471;-0.008371
10.472;-0.009193
10.473;-0.009357
10.474;-0.010179
10.475;-0.010508
10.476;-0.009851
10.477;-0.010508
10.478;-0.008535
10.479;-0.010015
10.48;-0.009522
10.481;-0.008864
10.482;-0.007549
10.483;-0.008864
10.484;-0.00722
10.485;-0.008535
10.486;-0.010015
10.487;-0.011001
10.488;-0.011494
10.489;-0.011001
10.49;-0.011823
10.491;-0.013138
10.492;-0.013138
10.493;-0.013303
10.494;-0.015111
10.495;-0.01396
10.496;-0.015275
10.497;-0.013467
10.498;-0.014453
10.499;-0.015275
10.5;-0.014782
10.501;-0.017412
10.502;-0.019714
10.503;-0.021687
10.504;-0.024481
10.505;-0.027769
10.506;-0.030563
10.507;-0.031714
10.508;-0.033358
10.509;-0.036481
10.51;-0.038125
10.511;-0.04092
10.512;-0.040756
10.513;-0.042235
10.514;-0.04092
10.515;-0.039605
10.516;-0.038947
10.517;-0.03829
10.518;-0.035166
10.519;-0.030728
10.52;-0.026125
10.521;-0.020043
10.522;-0.013631
10.523;-0.004097
10.524;0.003301
10.525;0.014315
10.526;0.025822
10.527;0.039137
10.528;0.050151
10.529;0.064289
10.53;0.077768
10.531;0.090098
10.532;0.103742
10.533;0.117879
10.534;0.130373
10.535;0.141387
10.536;0.151743
10.537;0.162757
10.538;0.170483
10.539;0.175908
10.54;0.181826
10.541;0.185114
10.542;0.184621
10.543;0.179525
10.544;0.173114
10.545;0.161935
10.546;0.149442
10.547;0.134811
10.548;0.120181
10.549;0.106536
10.55;0.090919
10.551;0.078919
10.552;0.067248
10.553;0.057549
10.554;0.047357
10.555;0.037164
10.556;0.029438
10.557;0.022698
10.558;0.015794
10.559;0.01004
10.56;0.004451
10.561;0.001821
10.562;-0.002782
10.563;-0.005576
10.564;-0.005576
10.565;-0.008207
10.566;-0.010508
10.567;-0.011494
10.568;-0.012316
10.569;-0.014125
10.57;-0.014947
10.571;-0.015275
10.572;-0.016919
10.573;-0.01807
10.574;-0.016262
10.575;-0.01659
10.576;-0.015275
10.577;-0.015604
10.578;-0.013467
10.579;-0.010837
10.58;-0.008207
10.581;-0.00607
10.582;-0.003439
10.583;-0.00196
10.584;-0.000809
10.585;-0.000645
10.586;0.001821
10.587;0.002479
10.588;0.001985
10.589;0.001985
10.59;0.00215
10.591;0.003136
10.592;0.001985
10.593;0.003136
10.594;0.004616
10.595;0.004287
10.596;0.003301
10.597;0.005273
10.598;0.004616
10.599;0.004451
10.6;0.004451
10.601;0.004122
10.602;0.00215
10.603;0.000999
10.604;0.000506
10.605;-0.000645
10.606;-0.000152
10.607;-0.002453
10.608;-0.002289
10.609;-0.001138
10.61;-0.000974
10.611;-0.000974
10.612;-0.000645
10.613;0.000342
10.614;0.00067
10.615;0.001163
10.616;0.001328
10.617;0.001821
10.618;0.001492
10.619;0.00067
10.62;-0.000152
10.621;1.27E-05
10.622;-0.000809
10.623;-0.000809
10.624;-0.000152
10.625;-0.00048
10.626;-0.001631
10.627;0.000835
10.628;0.000835
10.629;0.000177
10.63;0.002643
10.631;0.003958
10.632;0.004451
10.633;0.004616
10.634;0.00478
10.635;0.005602
10.636;0.003958
10.637;0.004616
10.638;0.004287
10.639;0.004287
10.64;0.003301
10.641;0.003465
10.642;0.00478
10.643;0.005766
10.644;0.005438
10.645;0.005602
10.646;0.006259
10.647;0.009054
10.648;0.01004
10.649;0.010534
10.65;0.009218
10.651;0.010862
10.652;0.009547
10.653;0.011684
10.654;0.011027
10.655;0.011684
10.656;0.009218
10.657;0.011191
10.658;0.012177
10.659;0.013657
10.66;0.012177
10.661;0.013493
10.662;0.01563
10.663;0.015301
10.664;0.017274
10.665;0.019575
10.666;0.019411
10.667;0.019739
10.668;0.021219
10.669;0.021054
10.67;0.021383
10.671;0.021383
10.672;0.022205
10.673;0.021054
10.674;0.021383
10.675;0.021712
10.676;0.025329
10.677;0.024507
10.678;0.024835
10.679;0.025657
10.68;0.02763
10.681;0.028781
10.682;0.031082
10.683;0.03174
10.684;0.032233
10.685;0.032233
10.686;0.031082
10.687;0.032726
10.688;0.034206
10.689;0.032397
10.69;0.032562
10.691;0.034863
10.692;0.035685
10.693;0.037822
10.694;0.037493
10.695;0.038644
10.696;0.03963
10.697;0.041932
10.698;0.04374
10.699;0.044233
10.7;0.04522
10.701;0.044726
10.702;0.045548
10.703;0.046699
10.704;0.046535
10.705;0.04522
10.706;0.047192
10.707;0.048507
10.708;0.048672
10.709;0.048672
10.71;0.051138
10.711;0.051138
10.712;0.052781
10.713;0.053932
10.714;0.055247
10.715;0.058535
10.716;0.058699
10.717;0.059193
10.718;0.05985
10.719;0.059028
10.72;0.059686
10.721;0.061001
10.722;0.062152
10.723;0.060836
10.724;0.061165
10.725;0.062809
10.726;0.064289
10.727;0.065768
10.728;0.065604
10.729;0.065768
10.73;0.067741
10.731;0.069056
10.732;0.071522
10.733;0.072508
10.734;0.072015
10.735;0.07185
10.736;0.072837
10.737;0.073987
10.738;0.072837
10.739;0.072179
10.74;0.072837
10.741;0.074316
10.742;0.075303
10.743;0.075796
10.744;0.076453
10.745;0.075467
10.746;0.076618
10.747;0.077768
10.748;0.078755
10.749;0.079412
10.75;0.078919
10.751;0.07859
10.752;0.078262
10.753;0.077933
10.754;0.076453
10.755;0.076782
10.756;0.076946
10.757;0.074809
10.758;0.075303
10.759;0.074481
10.76;0.074645
10.761;0.07333
10.762;0.073659
10.763;0.073987
10.764;0.072672
10.765;0.072508
10.766;0.072672
10.767;0.072344
10.768;0.0707
10.769;0.06807
10.77;0.067248
10.771;0.065439
10.772;0.062645
10.773;0.06133
10.774;0.059357
10.775;0.058864
10.776;0.058371
10.777;0.057713
10.778;0.057384
10.779;0.054918
10.78;0.054261
10.781;0.053439
10.782;0.052288
10.783;0.052617
10.784;0.050973
10.785;0.048672
10.786;0.048507
10.787;0.045548
10.788;0.042589
10.789;0.040945
10.79;0.039795
10.791;0.038315
10.792;0.037658
10.793;0.036014
10.794;0.035356
10.795;0.033877
10.796;0.033548
10.797;0.033055
10.798;0.031411
10.799;0.030425
10.8;0.030918
10.801;0.030425
10.802;0.027959
10.803;0.025657
10.804;0.024342
10.805;0.022698
10.806;0.020397
10.807;0.018917
10.808;0.017931
10.809;0.016945
10.81;0.015958
10.811;0.015958
10.812;0.016123
10.813;0.015136
10.814;0.014808
10.815;0.01415
10.816;0.013493
10.817;0.013493
10.818;0.011356
10.819;0.010698
10.82;0.008068
10.821;0.007903
10.822;0.005766
10.823;0.005931
10.824;0.004616
10.825;0.003465
10.826;0.003136
10.827;0.00215
10.828;0.001821
10.829;0.003465
10.83;0.002807
10.831;0.002972
10.832;0.002314
10.833;0.001328
10.834;0.001657
10.835;0.00067
10.836;-0.000974
10.837;-0.001138
10.838;-0.001631
10.839;-0.003439
10.84;-0.004919
10.841;-0.004261
10.842;-0.00459
10.843;-0.004919
10.844;-0.005576
10.845;-0.00459
10.846;-0.004261
10.847;-0.004261
10.848;-0.00607
10.849;-0.004097
10.85;-0.004261
10.851;-0.005576
10.852;-0.006892
10.853;-0.00722
10.854;-0.0087
10.855;-0.009193
10.856;-0.010015
10.857;-0.009851
10.858;-0.010508
10.859;-0.01133
10.86;-0.010179
10.861;-0.010508
10.862;-0.010673
10.863;-0.011166
10.864;-0.009357
10.865;-0.008042
10.866;-0.008207
10.867;-0.009029
10.868;-0.008864
10.869;-0.011001
10.87;-0.010673
10.871;-0.010837
10.872;-0.01133
10.873;-0.013138
10.874;-0.013303
10.875;-0.012974
10.876;-0.01133
10.877;-0.012316
10.878;-0.013631
10.879;-0.012316
10.88;-0.009851
10.881;-0.010344
10.882;-0.011001
10.883;-0.009686
10.884;-0.009851
10.885;-0.010673
10.886;-0.01133
10.887;-0.01133
10.888;-0.012481
10.889;-0.013467
10.89;-0.014125
10.891;-0.012974
10.892;-0.01281
10.893;-0.013796
10.894;-0.011494
10.895;-0.011823
10.896;-0.01133
10.897;-0.012645
10.898;-0.010837
10.899;-0.009686
10.9;-0.010508
10.901;-0.010344
10.902;-0.011001
10.903;-0.01133
10.904;-0.011988
10.905;-0.011166
10.906;-0.01133
10.907;-0.01281
10.908;-0.013138
10.909;-0.01396
10.91;-0.011659
10.911;-0.01281
10.912;-0.01281
10.913;-0.01133
10.914;-0.009686
10.915;-0.009029
10.916;-0.009522
10.917;-0.008207
10.918;-0.009357
10.919;-0.010179
10.92;-0.009686
10.921;-0.010837
10.922;-0.010508
10.923;-0.012152
10.924;-0.012481
10.925;-0.012316
10.926;-0.011823
10.927;-0.01281
10.928;-0.011659
10.929;-0.011988
10.93;-0.011001
10.931;-0.009851
10.932;-0.009686
10.933;-0.009522
10.934;-0.010179
10.935;-0.010179
10.936;-0.009851
10.937;-0.010344
10.938;-0.010508
10.939;-0.011494
10.94;-0.011001
10.941;-0.011823
10.942;-0.012316
10.943;-0.01133
10.944;-0.010837
10.945;-0.009522
10.946;-0.009686
10.947;-0.010015
10.948;-0.007878
10.949;-0.007549
10.95;-0.007878
10.951;-0.007385
10.952;-0.0087
10.953;-0.008371
10.954;-0.009029
10.955;-0.009193
10.956;-0.010015
10.957;-0.011823
10.958;-0.009522
10.959;-0.010015
10.96;-0.009357
10.961;-0.009851
10.962;-0.008042
10.963;-0.008535
10.964;-0.008535
10.965;-0.008042
10.966;-0.006563
10.967;-0.006727
10.968;-0.007385
10.969;-0.007056
10.97;-0.007878
10.971;-0.007878
10.972;-0.009851
10.973;-0.010179
10.974;-0.010179
10.975;-0.009522
10.976;-0.010344
10.977;-0.008042
10.978;-0.008371
10.979;-0.009357
10.98;-0.008535
10.981;-0.006892
10.982;-0.007385
10.983;-0.00722
10.984;-0.007056
10.985;-0.006892
10.986;-0.008207
10.987;-0.008042
10.988;-0.008371
10.989;-0.009851
10.99;-0.009522
10.991;-0.011988
10.992;-0.010344
10.993;-0.010015
10.994;-0.009851
10.995;-0.009029
10.996;-0.009851
10.997;-0.007878
10.998;-0.007056
10.999;-0.00722
11;-0.006563
11.001;-0.007878
11.002;-0.008207
11.003;-0.0087
11.004;-0.008207
11.005;-0.009357
11.006;-0.010508
11.007;-0.010508
11.008;-0.010508
11.009;-0.009193
11.01;-0.010015
11.011;-0.009357
11.012;-0.009193
11.013;-0.009193
11.014;-0.008371
11.015;-0.006727
11.016;-0.007714
11.017;-0.00722
11.018;-0.007385
11.019;-0.007056
11.02;-0.009029
11.021;-0.009522
11.022;-0.009522
11.023;-0.010837
11.024;-0.010344
11.025;-0.011001
11.026;-0.009029
11.027;-0.009193
11.028;-0.009029
11.029;-0.009029
11.03;-0.008535
11.031;-0.008371
11.032;-0.007878
11.033;-0.007549
11.034;-0.006234
11.035;-0.008207
11.036;-0.008371
11.037;-0.009029
11.038;-0.008864
11.039;-0.010015
11.04;-0.011001
11.041;-0.009686
11.042;-0.010508
11.043;-0.009686
11.044;-0.009851
11.045;-0.008207
11.046;-0.009851
11.047;-0.008371
11.048;-0.007385
11.049;-0.006563
11.05;-0.007714
11.051;-0.008042
11.052;-0.007714
11.053;-0.008535
11.054;-0.009193
11.055;-0.009686
11.056;-0.009193
11.057;-0.010179
11.058;-0.009357
11.059;-0.009522
11.06;-0.009193
11.061;-0.009357
11.062;-0.008864
11.063;-0.008864
11.064;-0.006234
11.065;-0.008207
11.066;-0.007878
11.067;-0.007056
11.068;-0.008535
11.069;-0.008042
11.07;-0.010673
11.071;-0.008207
11.072;-0.009686
11.073;-0.010673
11.074;-0.010015
11.075;-0.010673
11.076;-0.009686
11.077;-0.009686
11.078;-0.009029
11.079;-0.008371
11.08;-0.008864
11.081;-0.008371
11.082;-0.007385
11.083;-0.006892
11.084;-0.007714
11.085;-0.0087
11.086;-0.007385
11.087;-0.0087
11.088;-0.009193
11.089;-0.010015
11.09;-0.009851
11.091;-0.010015
11.092;-0.010344
11.093;-0.010015
11.094;-0.008535
11.095;-0.008535
11.096;-0.009522
11.097;-0.007385
11.098;-0.00722
11.099;-0.006892
11.1;-0.007385
11.101;-0.007056
11.102;-0.008535
11.103;-0.007878
11.104;-0.009357
11.105;-0.009686
11.106;-0.009686
11.107;-0.01133
11.108;-0.011001
11.109;-0.009193
11.11;-0.009029
11.111;-0.009193
11.112;-0.0087
11.113;-0.008864
11.114;-0.007385
11.115;-0.008042
11.116;-0.006563
11.117;-0.00722
11.118;-0.007056
11.119;-0.008042
11.12;-0.007878
11.121;-0.009522
11.122;-0.010508
11.123;-0.009193
11.124;-0.009522
11.125;-0.009851
11.126;-0.010179
11.127;-0.010015
11.128;-0.009851
11.129;-0.0087
11.13;-0.009029
11.131;-0.008042
11.132;-0.006727
11.133;-0.007385
11.134;-0.008207
11.135;-0.007385
11.136;-0.008207
11.137;-0.008371
11.138;-0.009357
11.139;-0.009193
11.14;-0.011001
11.141;-0.010179
11.142;-0.009522
11.143;-0.009193
11.144;-0.009357
11.145;-0.009522
11.146;-0.009357
11.147;-0.008535
11.148;-0.008371
11.149;-0.008371
11.15;-0.00722
11.151;-0.007056
11.152;-0.007714
11.153;-0.009357
11.154;-0.009193
11.155;-0.008864
11.156;-0.009357
11.157;-0.009851
11.158;-0.008042
11.159;-0.009029
11.16;-0.0087
11.161;-0.008371
11.162;-0.0087
11.163;-0.009193
11.164;-0.008535
11.165;-0.006727
11.166;-0.006892
11.167;-0.005905
11.168;-0.0087
11.169;-0.007385
11.17;-0.007878
11.171;-0.008042
11.172;-0.010344
11.173;-0.009193
11.174;-0.010508
11.175;-0.010837
11.176;-0.009851
11.177;-0.009193
11.178;-0.010015
11.179;-0.010015
11.18;-0.008042
11.181;-0.0087
11.182;-0.006563
11.183;-0.008042
11.184;-0.007385
11.185;-0.008042
11.186;-0.009029
11.187;-0.009193
11.188;-0.0087
11.189;-0.009522
11.19;-0.010837
11.191;-0.010179
11.192;-0.010508
11.193;-0.010179
11.194;-0.009193
11.195;-0.008371
11.196;-0.00722
11.197;-0.007549
11.198;-0.00607
11.199;-0.004919
11.2;-0.003933
11.201;-0.005412
11.202;-0.00607
11.203;-0.005083
11.204;-0.00607
11.205;-0.006727
11.206;-0.006563
11.207;-0.005576
11.208;-0.005083
11.209;-0.00607
11.21;-0.004919
11.211;-0.00459
11.212;-0.004097
11.213;-0.003768
11.214;-0.001796
11.215;-0.000809
11.216;-0.000974
11.217;-0.001302
11.218;-0.001138
11.219;-0.002453
11.22;-0.002617
11.221;-0.001631
11.222;-0.001302
11.223;-0.002782
11.224;-0.002289
11.225;-0.001631
11.226;-0.001138
11.227;-0.001467
11.228;-0.001302
11.229;0.001657
11.23;0.001492
11.231;0.003794
11.232;0.002643
11.233;0.006424
11.234;0.005438
11.235;0.005766
11.236;0.004451
11.237;0.005273
11.238;0.005109
11.239;0.004944
11.24;0.005273
11.241;0.005766
11.242;0.007739
11.243;0.00741
11.244;0.008561
11.245;0.009383
11.246;0.009547
11.247;0.010369
11.248;0.013821
11.249;0.01415
11.25;0.014643
11.251;0.014479
11.252;0.01415
11.253;0.014643
11.254;0.013328
11.255;0.012835
11.256;0.012999
11.257;0.013164
11.258;0.011356
11.259;0.014479
11.26;0.013493
11.261;0.013493
11.262;0.011191
11.263;0.013657
11.264;0.014808
11.265;0.014972
11.266;0.013164
11.267;0.013657
11.268;0.012177
11.269;0.010205
11.27;0.010205
11.271;0.00889
11.272;0.008561
11.273;0.00741
11.274;0.006753
11.275;0.006424
11.276;0.005109
11.277;0.004451
11.278;0.006588
11.279;0.005931
11.28;0.005766
11.281;0.005438
11.282;0.006259
11.283;0.006588
11.284;0.006424
11.285;0.004451
11.286;0.003301
11.287;0.002479
11.288;0.00067
11.289;0.000999
11.29;-0.000152
11.291;0.000342
11.292;-0.001302
11.293;-0.000316
11.294;-0.001467
11.295;-0.001796
11.296;-0.000645
11.297;-0.000152
11.298;-0.000152
11.299;-0.000152
11.3;-0.000645
11.301;-0.001138
11.302;-0.002453
11.303;-0.00459
11.304;-0.003768
11.305;-0.004755
11.306;-0.005741
11.307;-0.007385
11.308;-0.005741
11.309;-0.006892
11.31;-0.007549
11.311;-0.007385
11.312;-0.005248
11.313;-0.00607
11.314;-0.005248
11.315;-0.00459
11.316;-0.004755
11.317;-0.004261
11.318;-0.005248
11.319;-0.005905
11.32;-0.007549
11.321;-0.009193
11.322;-0.009193
11.323;-0.008535
11.324;-0.009193
11.325;-0.0087
11.326;-0.011001
11.327;-0.008864
11.328;-0.009193
11.329;-0.009029
11.33;-0.008864
11.331;-0.007056
11.332;-0.007549
11.333;-0.00722
11.334;-0.007385
11.335;-0.007714
11.336;-0.009357
11.337;-0.010179
11.338;-0.009851
11.339;-0.010508
11.34;-0.011823
11.341;-0.011494
11.342;-0.011166
11.343;-0.011659
11.344;-0.011166
11.345;-0.011494
11.346;-0.010344
11.347;-0.011494
11.348;-0.01133
11.349;-0.010673
11.35;-0.011166
11.351;-0.012481
11.352;-0.013138
11.353;-0.01396
11.354;-0.015604
11.355;-0.017741
11.356;-0.019549
11.357;-0.020043
11.358;-0.021358
11.359;-0.023988
11.36;-0.026125
11.361;-0.027605
11.362;-0.029248
11.363;-0.031879
11.364;-0.032865
11.365;-0.033851
11.366;-0.035495
11.367;-0.03829
11.368;-0.038454
11.369;-0.039934
11.37;-0.041578
11.371;-0.043057
11.372;-0.041413
11.373;-0.040427
11.374;-0.037797
11.375;-0.034016
11.376;-0.02744
11.377;-0.0207
11.378;-0.01281
11.379;-0.002946
11.38;0.006095
11.381;0.018424
11.382;0.028781
11.383;0.042096
11.384;0.053932
11.385;0.065604
11.386;0.077768
11.387;0.091577
11.388;0.101769
11.389;0.114591
11.39;0.126099
11.391;0.139907
11.392;0.15125
11.393;0.160456
11.394;0.169168
11.395;0.177388
11.396;0.183963
11.397;0.1861
11.398;0.187087
11.399;0.182813
11.4;0.176073
11.401;0.163086
11.402;0.150757
11.403;0.134647
11.404;0.119359
11.405;0.103249
11.406;0.089933
11.407;0.075796
11.408;0.064946
11.409;0.054918
11.41;0.046535
11.411;0.037986
11.412;0.029603
11.413;0.023191
11.414;0.018095
11.415;0.012506
11.416;0.007739
11.417;0.003301
11.418;-0.001467
11.419;-0.00459
11.42;-0.008864
11.421;-0.009522
11.422;-0.012481
11.423;-0.014782
11.424;-0.016426
11.425;-0.015111
11.426;-0.016097
11.427;-0.017248
11.428;-0.015769
11.429;-0.01659
11.43;-0.015769
11.431;-0.014782
11.432;-0.012645
11.433;-0.011494
11.434;-0.010508
11.435;-0.011001
11.436;-0.008042
11.437;-0.007056
11.438;-0.005741
11.439;-0.005412
11.44;-0.003768
11.441;-0.001796
11.442;0.00067
11.443;0.001492
11.444;0.001328
11.445;0.002643
11.446;0.003301
11.447;0.005109
11.448;0.005931
11.449;0.005602
11.45;0.005109
11.451;0.007575
11.452;0.005931
11.453;0.003301
11.454;0.002807
11.455;0.002972
11.456;0.001985
11.457;-0.000316
11.458;1.27E-05
11.459;0.000506
11.46;-0.000152
11.461;0.000506
11.462;-0.000316
11.463;-0.000974
11.464;1.27E-05
11.465;0.000342
11.466;0.003465
11.467;0.001328
11.468;0.000835
11.469;-0.000645
11.47;-0.000809
11.471;-0.000645
11.472;-0.00196
11.473;-0.001796
11.474;-0.001796
11.475;-0.000809
11.476;-0.000974
11.477;-0.000316
11.478;0.000177
11.479;0.000835
11.48;0.000999
11.481;0.002807
11.482;0.001657
11.483;0.003794
11.484;0.001821
11.485;0.002314
11.486;0.002807
11.487;0.001985
11.488;0.001163
11.489;0.003136
11.49;0.002479
11.491;0.002479
11.492;0.002314
11.493;0.003136
11.494;0.004122
11.495;0.002972
11.496;0.005109
11.497;0.005109
11.498;0.006424
11.499;0.006917
11.5;0.009218
11.501;0.008068
11.502;0.007246
11.503;0.00741
11.504;0.008068
11.505;0.007903
11.506;0.007575
11.507;0.008725
11.508;0.008725
11.509;0.009876
11.51;0.009876
11.511;0.011684
11.512;0.011849
11.513;0.012671
11.514;0.012506
11.515;0.015794
11.516;0.016287
11.517;0.016452
11.518;0.016287
11.519;0.016945
11.52;0.017109
11.521;0.017438
11.522;0.017438
11.523;0.017767
11.524;0.017274
11.525;0.019246
11.526;0.020068
11.527;0.02089
11.528;0.022041
11.529;0.022205
11.53;0.023191
11.531;0.025493
11.532;0.027301
11.533;0.026972
11.534;0.02763
11.535;0.027794
11.536;0.027959
11.537;0.029438
11.538;0.029603
11.539;0.028945
11.54;0.029438
11.541;0.029438
11.542;0.029767
11.543;0.032233
11.544;0.033384
11.545;0.034699
11.546;0.034699
11.547;0.035521
11.548;0.037
11.549;0.040123
11.55;0.03963
11.551;0.040617
11.552;0.040781
11.553;0.040945
11.554;0.040288
11.555;0.042096
11.556;0.041603
11.557;0.041932
11.558;0.042754
11.559;0.04374
11.56;0.046041
11.561;0.046699
11.562;0.048179
11.563;0.048179
11.564;0.05048
11.565;0.052946
11.566;0.053275
11.567;0.053603
11.568;0.053768
11.569;0.054754
11.57;0.053932
11.571;0.056398
11.572;0.056069
11.573;0.056727
11.574;0.056069
11.575;0.057549
11.576;0.058535
11.577;0.059686
11.578;0.060343
11.579;0.062973
11.58;0.062973
11.581;0.064782
11.582;0.065604
11.583;0.065439
11.584;0.067905
11.585;0.066919
11.586;0.068727
11.587;0.068234
11.588;0.068234
11.589;0.067905
11.59;0.070042
11.591;0.068398
11.592;0.072015
11.593;0.069878
11.594;0.073823
11.595;0.073166
11.596;0.074481
11.597;0.074974
11.598;0.077768
11.599;0.078097
11.6;0.07859
11.601;0.078262
11.602;0.077604
11.603;0.077768
11.604;0.077604
11.605;0.077933
11.606;0.077604
11.607;0.075631
11.608;0.075796
11.609;0.075631
11.61;0.076289
11.611;0.075631
11.612;0.074974
11.613;0.075796
11.614;0.075467
11.615;0.077604
11.616;0.076946
11.617;0.076618
11.618;0.075467
11.619;0.073001
11.62;0.073823
11.621;0.071028
11.622;0.070207
11.623;0.06807
11.624;0.068234
11.625;0.066919
11.626;0.065932
11.627;0.062973
11.628;0.06396
11.629;0.062645
11.63;0.061165
11.631;0.060672
11.632;0.061165
11.633;0.060836
11.634;0.058864
11.635;0.057384
11.636;0.05459
11.637;0.052781
11.638;0.051138
11.639;0.049822
11.64;0.047028
11.641;0.046041
11.642;0.044891
11.643;0.043904
11.644;0.042261
11.645;0.041439
11.646;0.040781
11.647;0.040123
11.648;0.040617
11.649;0.039302
11.65;0.037986
11.651;0.035685
11.652;0.034699
11.653;0.032068
11.654;0.031247
11.655;0.029274
11.656;0.025986
11.657;0.025329
11.658;0.025493
11.659;0.024507
11.66;0.022863
11.661;0.020726
11.662;0.021054
11.663;0.020561
11.664;0.019246
11.665;0.019904
11.666;0.019411
11.667;0.01826
11.668;0.015958
11.669;0.01678
11.67;0.014643
11.671;0.012506
11.672;0.009876
11.673;0.010534
11.674;0.00889
11.675;0.008397
11.676;0.006588
11.677;0.007739
11.678;0.007081
11.679;0.006259
11.68;0.005602
11.681;0.006095
11.682;0.005273
11.683;0.005438
11.684;0.005273
11.685;0.004122
11.686;0.003136
11.687;0.001821
11.688;0.000342
11.689;-0.000809
11.69;-0.001467
11.691;-0.002124
11.692;-0.002617
11.693;-0.002289
11.694;-0.00196
11.695;-0.00196
11.696;-0.002617
11.697;-0.003604
11.698;-0.002289
11.699;-0.001467
11.7;-0.002782
11.701;-0.001796
11.702;-0.004755
11.703;-0.005083
11.704;-0.00607
11.705;-0.006727
11.706;-0.009851
11.707;-0.008207
11.708;-0.009193
11.709;-0.008535
11.71;-0.0087
11.711;-0.008864
11.712;-0.009522
11.713;-0.008371
11.714;-0.008535
11.715;-0.008371
11.716;-0.009357
11.717;-0.008042
11.718;-0.008864
11.719;-0.008864
11.72;-0.008864
11.721;-0.011001
11.722;-0.010673
11.723;-0.012974
11.724;-0.011823
11.725;-0.013631
11.726;-0.010508
11.727;-0.011659
11.728;-0.011494
11.729;-0.011166
11.73;-0.011659
11.731;-0.010508
11.732;-0.009686
11.733;-0.008371
11.734;-0.010179
11.735;-0.009851
11.736;-0.010837
11.737;-0.010673
11.738;-0.012316
11.739;-0.012152
11.74;-0.012645
11.741;-0.014125
11.742;-0.013138
11.743;-0.012645
11.744;-0.013303
11.745;-0.012316
11.746;-0.01133
11.747;-0.011659
11.748;-0.011001
11.749;-0.008207
11.75;-0.009193
11.751;-0.011001
11.752;-0.010673
11.753;-0.011001
11.754;-0.011494
11.755;-0.011988
11.756;-0.012481
11.757;-0.012645
11.758;-0.012645
11.759;-0.012481
11.76;-0.012316
11.761;-0.012316
11.762;-0.011494
11.763;-0.011988
11.764;-0.010179
11.765;-0.010015
11.766;-0.010179
11.767;-0.010344
11.768;-0.011001
11.769;-0.010508
11.77;-0.01133
11.771;-0.010015
11.772;-0.010673
11.773;-0.011166
11.774;-0.011988
11.775;-0.012481
11.776;-0.011823
11.777;-0.010837
11.778;-0.011001
11.779;-0.01133
11.78;-0.010015
11.781;-0.009686
11.782;-0.0087
11.783;-0.009522
11.784;-0.009357
11.785;-0.009522
11.786;-0.010015
11.787;-0.011001
11.788;-0.011823
11.789;-0.01133
11.79;-0.012152
11.791;-0.012481
11.792;-0.011823
11.793;-0.010508
11.794;-0.009686
11.795;-0.010508
11.796;-0.010837
11.797;-0.010015
11.798;-0.009357
11.799;-0.008042
11.8;-0.008864
11.801;-0.0087
11.802;-0.008207
11.803;-0.009522
11.804;-0.009851
11.805;-0.009851
11.806;-0.010508
11.807;-0.011001
11.808;-0.010508
11.809;-0.008864
11.81;-0.009851
11.811;-0.009851
11.812;-0.008864
11.813;-0.008864
11.814;-0.007878
11.815;-0.007549
11.816;-0.007056
11.817;-0.005741
11.818;-0.008042
11.819;-0.007878
11.82;-0.0087
11.821;-0.009686
11.822;-0.009029
11.823;-0.009193
11.824;-0.009686
11.825;-0.010673
11.826;-0.010179
11.827;-0.010508
11.828;-0.009029
11.829;-0.008371
11.83;-0.0087
11.831;-0.007385
11.832;-0.00722
11.833;-0.007056
11.834;-0.00722
11.835;-0.00722
11.836;-0.008207
11.837;-0.009029
11.838;-0.008535
11.839;-0.009357
11.84;-0.009029
11.841;-0.01133
11.842;-0.009686
11.843;-0.010344
11.844;-0.009357
11.845;-0.010015
11.846;-0.007714
11.847;-0.007549
11.848;-0.008042
11.849;-0.008042
11.85;-0.007714
11.851;-0.006398
11.852;-0.007714
11.853;-0.008042
11.854;-0.0087
11.855;-0.009851
11.856;-0.010179
11.857;-0.011166
11.858;-0.011166
11.859;-0.009851
11.86;-0.011166
11.861;-0.009686
11.862;-0.008864
11.863;-0.009029
11.864;-0.008371
11.865;-0.008042
11.866;-0.006727
11.867;-0.007549
11.868;-0.007878
11.869;-0.007878
11.87;-0.0087
11.871;-0.009522
11.872;-0.008864
11.873;-0.009686
11.874;-0.011001
11.875;-0.010344
11.876;-0.008371
11.877;-0.0087
11.878;-0.008535
11.879;-0.008864
11.88;-0.009029
11.881;-0.00722
11.882;-0.006234
11.883;-0.007385
11.884;-0.008042
11.885;-0.00722
11.886;-0.0087
11.887;-0.009029
11.888;-0.008864
11.889;-0.010508
11.89;-0.009851
11.891;-0.009686
11.892;-0.008864
11.893;-0.010344
11.894;-0.009686
11.895;-0.0087
11.896;-0.008371
11.897;-0.008864
11.898;-0.008864
11.899;-0.007878
11.9;-0.006563
11.901;-0.008535
11.902;-0.007714
11.903;-0.009193
11.904;-0.0087
11.905;-0.010344
11.906;-0.010015
11.907;-0.010179
11.908;-0.01133
11.909;-0.010179
11.91;-0.010344
11.911;-0.009193
11.912;-0.008535
11.913;-0.0087
11.914;-0.007385
11.915;-0.00722
11.916;-0.008371
11.917;-0.006727
11.918;-0.007056
11.919;-0.008042
11.92;-0.009029
11.921;-0.007549
11.922;-0.0087
11.923;-0.009851
11.924;-0.010673
11.925;-0.010508
11.926;-0.010508
11.927;-0.010508
11.928;-0.009522
11.929;-0.008864
11.93;-0.009029
11.931;-0.008371
11.932;-0.007549
11.933;-0.007385
11.934;-0.006563
11.935;-0.007714
11.936;-0.007714
11.937;-0.008864
11.938;-0.008207
11.939;-0.009686
11.94;-0.011166
11.941;-0.010673
11.942;-0.008864
11.943;-0.010179
11.944;-0.009193
11.945;-0.009357
11.946;-0.008207
11.947;-0.007878
11.948;-0.008207
11.949;-0.007056
11.95;-0.007056
11.951;-0.007056
11.952;-0.008042
11.953;-0.008371
11.954;-0.008371
11.955;-0.008207
11.956;-0.009686
11.957;-0.010673
11.958;-0.01133
11.959;-0.009357
11.96;-0.010015
11.961;-0.009029
11.962;-0.009851
11.963;-0.007878
11.964;-0.007549
11.965;-0.007878
11.966;-0.006892
11.967;-0.006234
11.968;-0.007714
11.969;-0.007878
11.97;-0.007878
11.971;-0.009029
11.972;-0.010179
11.973;-0.010015
11.974;-0.01133
11.975;-0.010179
11.976;-0.009522
11.977;-0.009193
11.978;-0.009357
11.979;-0.008371
11.98;-0.007878
11.981;-0.008864
11.982;-0.006727
11.983;-0.006892
11.984;-0.00722
11.985;-0.008042
11.986;-0.007385
11.987;-0.009357
11.988;-0.009357
11.989;-0.009522
11.99;-0.010179
11.991;-0.010837
11.992;-0.009522
11.993;-0.008864
11.994;-0.010179
11.995;-0.0087
11.996;-0.009193
11.997;-0.009357
11.998;-0.0087
11.999;-0.006892
12;-0.006234
12.001;-0.007056
12.002;-0.007549
12.003;-0.008371
12.004;-0.008371
12.005;-0.010015
12.006;-0.011166
12.007;-0.009522
12.008;-0.010837
12.009;-0.010179
12.01;-0.010015
12.011;-0.0087
12.012;-0.007714
12.013;-0.007714
12.014;-0.006727
12.015;-0.006234
12.016;-0.00607
12.017;-0.006563
12.018;-0.00722
12.019;-0.007385
12.02;-0.00722
12.021;-0.009193
12.022;-0.008371
12.023;-0.009029
12.024;-0.010344
12.025;-0.010179
12.026;-0.010673
12.027;-0.008535
12.028;-0.008864
12.029;-0.008864
12.03;-0.008207
12.031;-0.007549
12.032;-0.006727
12.033;-0.006398
12.034;-0.006892
12.035;-0.006727
12.036;-0.008864
12.037;-0.008207
12.038;-0.010179
12.039;-0.010179
12.04;-0.010508
12.041;-0.010508
12.042;-0.010344
12.043;-0.010344
12.044;-0.0087
12.045;-0.009686
12.046;-0.008042
12.047;-0.0087
12.048;-0.009029
12.049;-0.00722
12.05;-0.006398
12.051;-0.007549
12.052;-0.007714
12.053;-0.007714
12.054;-0.008371
12.055;-0.00722
12.056;-0.007549
12.057;-0.00722
12.058;-0.006727
12.059;-0.007549
12.06;-0.007056
12.061;-0.00607
12.062;-0.005083
12.063;-0.003439
12.064;-0.004426
12.065;-0.003111
12.066;-0.002453
12.067;-0.002782
12.068;-0.002289
12.069;-0.003111
12.07;-0.004261
12.071;-0.001631
12.072;-0.005083
12.073;-0.004261
12.074;-0.003768
12.075;-0.005083
12.076;-0.003275
12.077;-0.003111
12.078;-0.001631
12.079;-0.000974
12.08;-0.000316
12.081;0.000506
12.082;0.000835
12.083;0.001821
12.084;0.003301
12.085;0.001328
12.086;0.001985
12.087;0.002807
12.088;0.001492
12.089;0.001985
12.09;0.002314
12.091;0.002972
12.092;0.003465
12.093;0.003465
12.094;0.005273
12.095;0.006095
12.096;0.006588
12.097;0.008397
12.098;0.00889
12.099;0.010369
12.1;0.011027
12.101;0.012177
12.102;0.010862
12.103;0.010698
12.104;0.011356
12.105;0.009712
12.106;0.01152
12.107;0.013164
12.108;0.012506
12.109;0.011849
12.11;0.012835
12.111;0.013986
12.112;0.014479
12.113;0.016452
12.114;0.01563
12.115;0.016616
12.116;0.016123
12.117;0.015794
12.118;0.01563
12.119;0.01415
12.12;0.012835
12.121;0.012671
12.122;0.010862
12.123;0.00889
12.124;0.008725
12.125;0.01004
12.126;0.00889
12.127;0.009712
12.128;0.008397
12.129;0.009547
12.13;0.00889
12.131;0.008561
12.132;0.00889
12.133;0.008232
12.134;0.007903
12.135;0.005602
12.136;0.006753
12.137;0.005438
12.138;0.002643
12.139;0.004122
12.14;0.003465
12.141;0.000835
12.142;0.000835
12.143;0.000999
12.144;0.001985
12.145;0.000177
12.146;0.001985
12.147;0.001492
12.148;0.00215
12.149;0.002479
12.15;1.27E-05
12.151;0.000342
12.152;0.000177
12.153;-0.000809
12.154;-0.001631
12.155;-0.002782
12.156;-0.003604
12.157;-0.004097
12.158;-0.005083
12.159;-0.004919
12.16;-0.00459
12.161;-0.004755
12.162;-0.004261
12.163;-0.004919
12.164;-0.005248
12.165;-0.005412
12.166;-0.003111
12.167;-0.003604
12.168;-0.004426
12.169;-0.005576
12.17;-0.005741
12.171;-0.006892
12.172;-0.007056
12.173;-0.00722
12.174;-0.007714
12.175;-0.008864
12.176;-0.007878
12.177;-0.009193
12.178;-0.008207
12.179;-0.008207
12.18;-0.007385
12.181;-0.007549
12.182;-0.006398
12.183;-0.005905
12.184;-0.007714
12.185;-0.007549
12.186;-0.008042
12.187;-0.009029
12.188;-0.009357
12.189;-0.009522
12.19;-0.009357
12.191;-0.010508
12.192;-0.01133
12.193;-0.010508
12.194;-0.011001
12.195;-0.010015
12.196;-0.009357
12.197;-0.009357
12.198;-0.009357
12.199;-0.010344
12.2;-0.008535
12.201;-0.009357
12.202;-0.010179
12.203;-0.012152
12.204;-0.012645
12.205;-0.014618
12.206;-0.013796
12.207;-0.015275
12.208;-0.016097
12.209;-0.016426
12.21;-0.016426
12.211;-0.017577
12.212;-0.016097
12.213;-0.018563
12.214;-0.020043
12.215;-0.021029
12.216;-0.02333
12.217;-0.024481
12.218;-0.028426
12.219;-0.030563
12.22;-0.032865
12.221;-0.033851
12.222;-0.038783
12.223;-0.03944
12.224;-0.042399
12.225;-0.041906
12.226;-0.041578
12.227;-0.042728
12.228;-0.040262
12.229;-0.039769
12.23;-0.034673
12.231;-0.030728
12.232;-0.025467
12.233;-0.018892
12.234;-0.010837
12.235;-0.002124
12.236;0.00741
12.237;0.017438
12.238;0.027959
12.239;0.038151
12.24;0.051138
12.241;0.062645
12.242;0.07596
12.243;0.089111
12.244;0.101934
12.245;0.116893
12.246;0.129222
12.247;0.141222
12.248;0.151743
12.249;0.164072
12.25;0.172785
12.251;0.180347
12.252;0.183306
12.253;0.187415
12.254;0.18495
12.255;0.181662
12.256;0.171799
12.257;0.161113
12.258;0.147469
12.259;0.132181
12.26;0.118208
12.261;0.103413
12.262;0.08944
12.263;0.076453
12.264;0.066426
12.265;0.057877
12.266;0.049494
12.267;0.03963
12.268;0.031904
12.269;0.023191
12.27;0.017109
12.271;0.010369
12.272;0.004944
12.273;0.000506
12.274;-0.002617
12.275;-0.006892
12.276;-0.008864
12.277;-0.010344
12.278;-0.013467
12.279;-0.014453
12.28;-0.014125
12.281;-0.014947
12.282;-0.014289
12.283;-0.013138
12.284;-0.013303
12.285;-0.014782
12.286;-0.015604
12.287;-0.015111
12.288;-0.016097
12.289;-0.014782
12.29;-0.013631
12.291;-0.011494
12.292;-0.010673
12.293;-0.0087
12.294;-0.006398
12.295;-0.005248
12.296;-0.002617
12.297;-0.00196
12.298;0.002479
12.299;0.004122
12.3;0.004616
12.301;0.005438
12.302;0.002972
12.303;0.003465
12.304;0.00478
12.305;0.003629
12.306;0.003629
12.307;0.003465
12.308;0.001985
12.309;0.001821
12.31;0.001492
12.311;0.001985
12.312;0.000506
12.313;0.00215
12.314;0.001328
12.315;0.001985
12.316;0.002807
12.317;0.002643
12.318;0.000999
12.319;0.00067
12.32;1.27E-05
12.321;-0.000809
12.322;-0.000316
12.323;-0.001467
12.324;-0.001467
12.325;-0.00196
12.326;-0.000974
12.327;-0.002946
12.328;-0.000809
12.329;-0.00048
12.33;0.000342
12.331;0.000506
12.332;0.001328
12.333;0.001821
12.334;0.003465
12.335;0.001328
12.336;0.001163
12.337;0.001163
12.338;0.000506
12.339;0.000835
12.34;0.001163
12.341;0.000177
12.342;-0.000316
12.343;0.000835
12.344;0.001163
12.345;0.001985
12.346;0.002643
12.347;0.004287
12.348;0.00478
12.349;0.006753
12.35;0.006588
12.351;0.006424
12.352;0.00478
12.353;0.005766
12.354;0.005273
12.355;0.005766
12.356;0.005109
12.357;0.005109
12.358;0.00478
12.359;0.006424
12.36;0.008561
12.361;0.006588
12.362;0.008068
12.363;0.009712
12.364;0.010698
12.365;0.011684
12.366;0.012671
12.367;0.013986
12.368;0.013164
12.369;0.013493
12.37;0.012999
12.371;0.014315
12.372;0.013493
12.373;0.013986
12.374;0.013164
12.375;0.014808
12.376;0.013986
12.377;0.017109
12.378;0.018753
12.379;0.019904
12.38;0.019739
12.381;0.020726
12.382;0.022863
12.383;0.025
12.384;0.024178
12.385;0.023849
12.386;0.023685
12.387;0.024342
12.388;0.024178
12.389;0.024178
12.39;0.024507
12.391;0.024342
12.392;0.024835
12.393;0.027959
12.394;0.028781
12.395;0.028781
12.396;0.03174
12.397;0.031575
12.398;0.033384
12.399;0.035027
12.4;0.035685
12.401;0.036671
12.402;0.034863
12.403;0.035356
12.404;0.035685
12.405;0.036671
12.406;0.036014
12.407;0.038315
12.408;0.037493
12.409;0.040288
12.41;0.040781
12.411;0.041603
12.412;0.043082
12.413;0.044398
12.414;0.04374
12.415;0.046535
12.416;0.047685
12.417;0.049165
12.418;0.051302
12.419;0.049822
12.42;0.050151
12.421;0.050151
12.422;0.050151
12.423;0.050809
12.424;0.051302
12.425;0.051138
12.426;0.053603
12.427;0.055576
12.428;0.056398
12.429;0.057713
12.43;0.060343
12.431;0.05985
12.432;0.062152
12.433;0.062152
12.434;0.063467
12.435;0.064782
12.436;0.063302
12.437;0.063795
12.438;0.063795
12.439;0.064289
12.44;0.06396
12.441;0.066426
12.442;0.06659
12.443;0.067741
12.444;0.067741
12.445;0.070207
12.446;0.070371
12.447;0.072015
12.448;0.072179
12.449;0.073987
12.45;0.075631
12.451;0.075631
12.452;0.075467
12.453;0.076125
12.454;0.077111
12.455;0.075796
12.456;0.075796
12.457;0.074481
12.458;0.074645
12.459;0.075631
12.46;0.076618
12.461;0.078262
12.462;0.076946
12.463;0.077604
12.464;0.078755
12.465;0.07859
12.466;0.079084
12.467;0.079905
12.468;0.077604
12.469;0.076618
12.47;0.076289
12.471;0.074809
12.472;0.074152
12.473;0.073987
12.474;0.072672
12.475;0.071522
12.476;0.07185
12.477;0.069713
12.478;0.070535
12.479;0.069713
12.48;0.069878
12.481;0.068727
12.482;0.069385
12.483;0.067412
12.484;0.067083
12.485;0.063302
12.486;0.061658
12.487;0.060343
12.488;0.060672
12.489;0.056727
12.49;0.056234
12.491;0.055247
12.492;0.051795
12.493;0.051631
12.494;0.051466
12.495;0.050151
12.496;0.048672
12.497;0.049
12.498;0.047357
12.499;0.047357
12.5;0.045055
12.501;0.04374
12.502;0.041932
12.503;0.040945
12.504;0.037329
12.505;0.035685
12.506;0.034699
12.507;0.033712
12.508;0.032397
12.509;0.030589
12.51;0.029931
12.511;0.028616
12.512;0.027959
12.513;0.028123
12.514;0.027301
12.515;0.025657
12.516;0.02615
12.517;0.024178
12.518;0.023356
12.519;0.021219
12.52;0.019904
12.521;0.017931
12.522;0.01678
12.523;0.014972
12.524;0.014315
12.525;0.013328
12.526;0.012999
12.527;0.012835
12.528;0.012342
12.529;0.012342
12.53;0.011027
12.531;0.011191
12.532;0.010205
12.533;0.010862
12.534;0.007575
12.535;0.008232
12.536;0.006259
12.537;0.006259
12.538;0.003629
12.539;0.003794
12.54;0.002643
12.541;0.000999
12.542;0.00067
12.543;0.000999
12.544;0.000506
12.545;-0.000316
12.546;0.000506
12.547;0.000177
12.548;0.000342
12.549;-0.000316
12.55;-0.00048
12.551;-0.000645
12.552;-0.001796
12.553;-0.003933
12.554;-0.002782
12.555;-0.005083
12.556;-0.005741
12.557;-0.00607
12.558;-0.006398
12.559;-0.006563
12.56;-0.00722
12.561;-0.006727
12.562;-0.00722
12.563;-0.006234
12.564;-0.006563
12.565;-0.006563
12.566;-0.006398
12.567;-0.006727
12.568;-0.008371
12.569;-0.009029
12.57;-0.009029
12.571;-0.010344
12.572;-0.010673
12.573;-0.010344
12.574;-0.011166
12.575;-0.011166
12.576;-0.01133
12.577;-0.009357
12.578;-0.010015
12.579;-0.01133
12.58;-0.009686
12.581;-0.010508
12.582;-0.009357
12.583;-0.010344
12.584;-0.009193
12.585;-0.009522
12.586;-0.010673
12.587;-0.010015
12.588;-0.010673
12.589;-0.011823
12.59;-0.013303
12.591;-0.012481
12.592;-0.013303
12.593;-0.011494
12.594;-0.013138
12.595;-0.011659
12.596;-0.011659
12.597;-0.010015
12.598;-0.012481
12.599;-0.010015
12.6;-0.009029
12.601;-0.010508
12.602;-0.011166
12.603;-0.011494
12.604;-0.012152
12.605;-0.012645
12.606;-0.012645
12.607;-0.011988
12.608;-0.013138
12.609;-0.013796
12.61;-0.012316
12.611;-0.011823
12.612;-0.011494
12.613;-0.012481
12.614;-0.010508
12.615;-0.010673
12.616;-0.008864
12.617;-0.009851
12.618;-0.010508
12.619;-0.011001
12.62;-0.011001
12.621;-0.011659
12.622;-0.012974
12.623;-0.012974
12.624;-0.013631
12.625;-0.013303
12.626;-0.012645
12.627;-0.011001
12.628;-0.012481
12.629;-0.010673
12.63;-0.010508
12.631;-0.009851
12.632;-0.009851
12.633;-0.0087
12.634;-0.008535
12.635;-0.009029
12.636;-0.009686
12.637;-0.010673
12.638;-0.011001
12.639;-0.011988
12.64;-0.011659
12.641;-0.011988
12.642;-0.011494
12.643;-0.012152
12.644;-0.010837
12.645;-0.011001
12.646;-0.010015
12.647;-0.010837
12.648;-0.009686
12.649;-0.008864
12.65;-0.007878
12.651;-0.008535
12.652;-0.009686
12.653;-0.009686
12.654;-0.01133
12.655;-0.01133
12.656;-0.01133
12.657;-0.010179
12.658;-0.01133
12.659;-0.01133
12.66;-0.010508
12.661;-0.009029
12.662;-0.010837
12.663;-0.008535
12.664;-0.008535
12.665;-0.008042
12.666;-0.006892
12.667;-0.006892
12.668;-0.006234
12.669;-0.007878
12.67;-0.008207
12.671;-0.008535
12.672;-0.009522
12.673;-0.009522
12.674;-0.010015
12.675;-0.010673
12.676;-0.009522
12.677;-0.011823
12.678;-0.008042
12.679;-0.0087
12.68;-0.007878
12.681;-0.008207
12.682;-0.006563
12.683;-0.006727
12.684;-0.006892
12.685;-0.007549
12.686;-0.008371
12.687;-0.007385
12.688;-0.008535
12.689;-0.010508
12.69;-0.009851
12.691;-0.010015
12.692;-0.011166
12.693;-0.010015
12.694;-0.009522
12.695;-0.009357
12.696;-0.009193
12.697;-0.007714
12.698;-0.00722
12.699;-0.00722
12.7;-0.006727
12.701;-0.006398
12.702;-0.007056
12.703;-0.008864
12.704;-0.008864
12.705;-0.009193
12.706;-0.009686
12.707;-0.010015
12.708;-0.010673
12.709;-0.010344
12.71;-0.009522
12.711;-0.010015
12.712;-0.010179
12.713;-0.008207
12.714;-0.007714
12.715;-0.008207
12.716;-0.007056
12.717;-0.006727
12.718;-0.007549
12.719;-0.008207
12.72;-0.008371
12.721;-0.007385
12.722;-0.009851
12.723;-0.010179
12.724;-0.009522
12.725;-0.010508
12.726;-0.01133
12.727;-0.009193
12.728;-0.0087
12.729;-0.008864
12.73;-0.008371
12.731;-0.0087
12.732;-0.007714
12.733;-0.005905
12.734;-0.007056
12.735;-0.006398
12.736;-0.008042
12.737;-0.008864
12.738;-0.009193
12.739;-0.009851
12.74;-0.010344
12.741;-0.012316
12.742;-0.010015
12.743;-0.009522
12.744;-0.009193
12.745;-0.009686
12.746;-0.007714
12.747;-0.007714
12.748;-0.007878
12.749;-0.00722
12.75;-0.006398
12.751;-0.006727
12.752;-0.009193
12.753;-0.00722
12.754;-0.008864
12.755;-0.0087
12.756;-0.011659
12.757;-0.008864
12.758;-0.010673
12.759;-0.010179
12.76;-0.010015
12.761;-0.0087
12.762;-0.009029
12.763;-0.009522
12.764;-0.008042
12.765;-0.006892
12.766;-0.006563
12.767;-0.006727
12.768;-0.00722
12.769;-0.007714
12.77;-0.008042
12.771;-0.010015
12.772;-0.009357
12.773;-0.010015
12.774;-0.010673
12.775;-0.012316
12.776;-0.009193
12.777;-0.009357
12.778;-0.008864
12.779;-0.009357
12.78;-0.007878
12.781;-0.007549
12.782;-0.008207
12.783;-0.00722
12.784;-0.006234
12.785;-0.006892
12.786;-0.0087
12.787;-0.007714
12.788;-0.009851
12.789;-0.010508
12.79;-0.010673
12.791;-0.010673
12.792;-0.009522
12.793;-0.009029
12.794;-0.009851
12.795;-0.009686
12.796;-0.008371
12.797;-0.007549
12.798;-0.008207
12.799;-0.007878
12.8;-0.006892
12.801;-0.00722
12.802;-0.007385
12.803;-0.008371
12.804;-0.008864
12.805;-0.010673
12.806;-0.010015
12.807;-0.009522
12.808;-0.010673
12.809;-0.010673
12.81;-0.010508
12.811;-0.008535
12.812;-0.009193
12.813;-0.009193
12.814;-0.00722
12.815;-0.006563
12.816;-0.007385
12.817;-0.007385
12.818;-0.007549
12.819;-0.007878
12.82;-0.009029
12.821;-0.0087
12.822;-0.009522
12.823;-0.009851
12.824;-0.011001
12.825;-0.010673
12.826;-0.010508
12.827;-0.009686
12.828;-0.010508
12.829;-0.009029
12.83;-0.007878
12.831;-0.009029
12.832;-0.007385
12.833;-0.006727
12.834;-0.006727
12.835;-0.007385
12.836;-0.007056
12.837;-0.009357
12.838;-0.009193
12.839;-0.010673
12.84;-0.009357
12.841;-0.009851
12.842;-0.010508
12.843;-0.010508
12.844;-0.009029
12.845;-0.009686
12.846;-0.009193
12.847;-0.008042
12.848;-0.008207
12.849;-0.006563
12.85;-0.008207
12.851;-0.007385
12.852;-0.007549
12.853;-0.007385
12.854;-0.010015
12.855;-0.009851
12.856;-0.010508
12.857;-0.010673
12.858;-0.010179
12.859;-0.011166
12.86;-0.009851
12.861;-0.009851
12.862;-0.0087
12.863;-0.009193
12.864;-0.007714
12.865;-0.009522
12.866;-0.006727
12.867;-0.006727
12.868;-0.005905
12.869;-0.007385
12.87;-0.00722
12.871;-0.00722
12.872;-0.007878
12.873;-0.009686
12.874;-0.008042
12.875;-0.009193
12.876;-0.009686
12.877;-0.009029
12.878;-0.009851
12.879;-0.009029
12.88;-0.008535
12.881;-0.00722
12.882;-0.006892
12.883;-0.006563
12.884;-0.008371
12.885;-0.008042
12.886;-0.007549
12.887;-0.009029
12.888;-0.009522
12.889;-0.010015
12.89;-0.009522
12.891;-0.011166
12.892;-0.010508
12.893;-0.009522
12.894;-0.009686
12.895;-0.009851
12.896;-0.009357
12.897;-0.007878
12.898;-0.008535
12.899;-0.008535
12.9;-0.007385
12.901;-0.007385
12.902;-0.007878
12.903;-0.0087
12.904;-0.010344
12.905;-0.008371
12.906;-0.010344
12.907;-0.009357
12.908;-0.010015
12.909;-0.0087
12.91;-0.008042
12.911;-0.007549
12.912;-0.006727
12.913;-0.006727
12.914;-0.005741
12.915;-0.004755
12.916;-0.004097
12.917;-0.005248
12.918;-0.003768
12.919;-0.004919
12.92;-0.003275
12.921;-0.004097
12.922;-0.005248
12.923;-0.004919
12.924;-0.004919
12.925;-0.005905
12.926;-0.004261
12.927;-0.004097
12.928;-0.003275
12.929;-0.003275
12.93;-0.002617
12.931;-0.00196
12.932;-0.001302
12.933;-0.000809
12.934;0.000177
12.935;0.000342
12.936;0.000342
12.937;0.000177
12.938;-0.001138
12.939;0.000506
12.94;-0.001467
12.941;-0.000316
12.942;1.27E-05
12.943;0.001163
12.944;0.001657
12.945;0.003958
12.946;0.004287
12.947;0.004122
12.948;0.00478
12.949;0.007246
12.95;0.007575
12.951;0.008232
12.952;0.007739
12.953;0.008561
12.954;0.009218
12.955;0.007575
12.956;0.008068
12.957;0.00889
12.958;0.008397
12.959;0.009712
12.96;0.011356
12.961;0.011684
12.962;0.011684
12.963;0.012342
12.964;0.013493
12.965;0.015794
12.966;0.015136
12.967;0.016123
12.968;0.016123
12.969;0.01678
12.97;0.015136
12.971;0.014479
12.972;0.012506
12.973;0.012177
12.974;0.011684
12.975;0.011191
12.976;0.011849
12.977;0.012177
12.978;0.009547
12.979;0.01152
12.98;0.011684
12.981;0.011191
12.982;0.010862
12.983;0.011356
12.984;0.010862
12.985;0.01004
12.986;0.00889
12.987;0.007903
12.988;0.007081
12.989;0.006095
12.99;0.005109
12.991;0.004287
12.992;0.003794
12.993;0.003301
12.994;0.004122
12.995;0.003465
12.996;0.004944
12.997;0.002643
12.998;0.001163
12.999;0.003465
13;0.003794
13.001;0.003301
13.002;0.001985
13.003;0.001328
13.004;0.00067
13.005;1.27E-05
13.006;-0.000645
13.007;-0.002124
13.008;-0.003604
13.009;-0.002782
13.01;-0.002289
13.011;-0.003275
13.012;-0.004919
13.013;-0.002782
13.014;-0.002124
13.015;-0.002782
13.016;-0.003439
13.017;-0.002289
13.018;-0.002782
13.019;-0.004097
13.02;-0.005412
13.021;-0.006563
13.022;-0.00722
13.023;-0.007714
13.024;-0.007714
13.025;-0.00722
13.026;-0.008042
13.027;-0.008371
13.028;-0.007056
13.029;-0.00607
13.03;-0.006234
13.031;-0.006892
13.032;-0.007056
13.033;-0.00607
13.034;-0.006563
13.035;-0.006234
13.036;-0.006727
13.037;-0.007385
13.038;-0.009851
13.039;-0.009522
13.04;-0.010179
13.041;-0.010344
13.042;-0.012316
13.043;-0.010179
13.044;-0.009851
13.045;-0.010015
13.046;-0.009193
13.047;-0.008864
13.048;-0.009029
13.049;-0.009851
13.05;-0.008042
13.051;-0.007549
13.052;-0.009193
13.053;-0.009686
13.054;-0.010837
13.055;-0.011823
13.056;-0.012152
13.057;-0.013303
13.058;-0.01281
13.059;-0.013138
13.06;-0.013303
13.061;-0.014782
13.062;-0.013303
13.063;-0.013138
13.064;-0.013631
13.065;-0.014453
13.066;-0.013631
13.067;-0.014289
13.068;-0.01659
13.069;-0.018728
13.07;-0.020536
13.071;-0.022508
13.072;-0.026618
13.073;-0.02892
13.074;-0.03007
13.075;-0.033029
13.076;-0.03566
13.077;-0.035988
13.078;-0.037961
13.079;-0.039934
13.08;-0.040427
13.081;-0.040098
13.082;-0.041084
13.083;-0.039769
13.084;-0.038947
13.085;-0.037961
13.086;-0.033851
13.087;-0.030728
13.088;-0.027111
13.089;-0.019549
13.09;-0.013467
13.091;-0.004755
13.092;0.003958
13.093;0.014479
13.094;0.027137
13.095;0.03848
13.096;0.052124
13.097;0.06659
13.098;0.07744
13.099;0.092235
13.1;0.106372
13.101;0.117879
13.102;0.129222
13.103;0.141715
13.104;0.153223
13.105;0.161442
13.106;0.168346
13.107;0.177059
13.108;0.181991
13.109;0.18347
13.11;0.183963
13.111;0.181497
13.112;0.173114
13.113;0.161606
13.114;0.148784
13.115;0.133989
13.116;0.119687
13.117;0.104071
13.118;0.091577
13.119;0.077933
13.12;0.066097
13.121;0.053932
13.122;0.045384
13.123;0.037658
13.124;0.02763
13.125;0.019739
13.126;0.015465
13.127;0.009876
13.128;0.005438
13.129;0.000835
13.13;-0.002289
13.131;-0.003768
13.132;-0.007056
13.133;-0.007385
13.134;-0.011001
13.135;-0.01281
13.136;-0.014618
13.137;-0.015111
13.138;-0.01659
13.139;-0.016919
13.14;-0.018563
13.141;-0.018234
13.142;-0.018399
13.143;-0.016426
13.144;-0.015604
13.145;-0.013631
13.146;-0.011988
13.147;-0.009686
13.148;-0.008864
13.149;-0.005741
13.15;-0.003768
13.151;-0.003275
13.152;-0.001302
13.153;1.27E-05
13.154;0.001163
13.155;-0.000316
13.156;0.00067
13.157;0.001821
13.158;0.001657
13.159;0.001985
13.16;0.004451
13.161;0.003136
13.162;0.003794
13.163;0.004122
13.164;0.004616
13.165;0.004616
13.166;0.003629
13.167;0.004616
13.168;0.003958
13.169;0.001821
13.17;0.00067
13.171;0.000506
13.172;-0.000316
13.173;-0.001467
13.174;-0.002617
13.175;-0.002289
13.176;-0.002782
13.177;-0.001796
13.178;-0.000974
13.179;-0.001138
13.18;0.000177
13.181;-0.000152
13.182;-0.000809
13.183;0.001821
13.184;0.001328
13.185;-0.001302
13.186;-0.000152
13.187;0.000506
13.188;-0.001467
13.189;-0.002124
13.19;-0.001138
13.191;-0.000809
13.192;-0.001467
13.193;-0.000809
13.194;0.00067
13.195;0.000506
13.196;1.27E-05
13.197;0.002479
13.198;0.002807
13.199;0.002643
13.2;0.002972
13.201;0.004287
13.202;0.004122
13.203;0.003301
13.204;0.002972
13.205;0.003301
13.206;0.002479
13.207;0.002479
13.208;0.00215
13.209;0.002972
13.21;0.004287
13.211;0.005273
13.212;0.006588
13.213;0.007739
13.214;0.007081
13.215;0.007739
13.216;0.01004
13.217;0.009876
13.218;0.00889
13.219;0.008561
13.22;0.01004
13.221;0.010862
13.222;0.009383
13.223;0.009876
13.224;0.010369
13.225;0.010369
13.226;0.011191
13.227;0.013821
13.228;0.014315
13.229;0.01563
13.23;0.014643
13.231;0.016287
13.232;0.017274
13.233;0.020068
13.234;0.019082
13.235;0.02089
13.236;0.019575
13.237;0.020397
13.238;0.019904
13.239;0.020561
13.24;0.020397
13.241;0.019904
13.242;0.020726
13.243;0.022698
13.244;0.023356
13.245;0.024507
13.246;0.025657
13.247;0.026479
13.248;0.027137
13.249;0.028288
13.25;0.031082
13.251;0.03174
13.252;0.031247
13.253;0.030918
13.254;0.032068
13.255;0.031904
13.256;0.032397
13.257;0.032397
13.258;0.033384
13.259;0.033055
13.26;0.034863
13.261;0.036014
13.262;0.038808
13.263;0.03963
13.264;0.039466
13.265;0.03963
13.266;0.04374
13.267;0.043082
13.268;0.042589
13.269;0.044069
13.27;0.044069
13.271;0.044562
13.272;0.045055
13.273;0.04637
13.274;0.046699
13.275;0.045877
13.276;0.048343
13.277;0.049329
13.278;0.05048
13.279;0.050973
13.28;0.053768
13.281;0.055083
13.282;0.055576
13.283;0.057877
13.284;0.058535
13.285;0.059193
13.286;0.058206
13.287;0.058699
13.288;0.059686
13.289;0.059193
13.29;0.060014
13.291;0.059686
13.292;0.061658
13.293;0.061823
13.294;0.062152
13.295;0.064617
13.296;0.065932
13.297;0.066919
13.298;0.068563
13.299;0.06922
13.3;0.070535
13.301;0.070864
13.302;0.070864
13.303;0.072015
13.304;0.071193
13.305;0.071357
13.306;0.072015
13.307;0.07185
13.308;0.072672
13.309;0.071686
13.31;0.075303
13.311;0.074974
13.312;0.075303
13.313;0.075303
13.314;0.076782
13.315;0.076289
13.316;0.079084
13.317;0.079412
13.318;0.078919
13.319;0.078426
13.32;0.077604
13.321;0.075467
13.322;0.076618
13.323;0.075796
13.324;0.073823
13.325;0.073659
13.326;0.072837
13.327;0.074152
13.328;0.072344
13.329;0.07596
13.33;0.074152
13.331;0.074152
13.332;0.072837
13.333;0.073659
13.334;0.071193
13.335;0.071028
13.336;0.068563
13.337;0.069056
13.338;0.066097
13.339;0.064289
13.34;0.062316
13.341;0.060836
13.342;0.058864
13.343;0.057713
13.344;0.059028
13.345;0.056398
13.346;0.057713
13.347;0.054425
13.348;0.054918
13.349;0.053439
13.35;0.052781
13.351;0.050973
13.352;0.049329
13.353;0.047521
13.354;0.046535
13.355;0.043247
13.356;0.042589
13.357;0.039466
13.358;0.037493
13.359;0.037493
13.36;0.035849
13.361;0.036671
13.362;0.034206
13.363;0.034206
13.364;0.033384
13.365;0.030589
13.366;0.030425
13.367;0.032233
13.368;0.029603
13.369;0.027466
13.37;0.025986
13.371;0.025493
13.372;0.02237
13.373;0.021054
13.374;0.019082
13.375;0.01826
13.376;0.017767
13.377;0.015301
13.378;0.016616
13.379;0.015794
13.38;0.014972
13.381;0.014643
13.382;0.014972
13.383;0.014643
13.384;0.012177
13.385;0.012342
13.386;0.011849
13.387;0.008397
13.388;0.007903
13.389;0.005438
13.39;0.005438
13.391;0.004451
13.392;0.001985
13.393;0.002479
13.394;0.002972
13.395;0.002314
13.396;0.001657
13.397;0.002972
13.398;0.002643
13.399;0.002479
13.4;0.001163
13.401;0.002314
13.402;0.000506
13.403;-0.000152
13.404;-0.002289
13.405;-0.003111
13.406;-0.003604
13.407;-0.005741
13.408;-0.005412
13.409;-0.005905
13.41;-0.006398
13.411;-0.005905
13.412;-0.005083
13.413;-0.004426
13.414;-0.005083
13.415;-0.005741
13.416;-0.004426
13.417;-0.00607
13.418;-0.007385
13.419;-0.007549
13.42;-0.006563
13.421;-0.009029
13.422;-0.010673
13.423;-0.009357
13.424;-0.010508
13.425;-0.011494
13.426;-0.011988
13.427;-0.011166
13.428;-0.011659
13.429;-0.011166
13.43;-0.009357
13.431;-0.009357
13.432;-0.009522
13.433;-0.009851
13.434;-0.008535
13.435;-0.009357
13.436;-0.010015
13.437;-0.011988
13.438;-0.012316
13.439;-0.012974
13.44;-0.013631
13.441;-0.01396
13.442;-0.013796
13.443;-0.012645
13.444;-0.011001
13.445;-0.012316
13.446;-0.010837
13.447;-0.011001
13.448;-0.010508
13.449;-0.009851
13.45;-0.009029
13.451;-0.011659
13.452;-0.012316
13.453;-0.011001
13.454;-0.011823
13.455;-0.013138
13.456;-0.014453
13.457;-0.013631
13.458;-0.014618
13.459;-0.014453
13.46;-0.01281
13.461;-0.012481
13.462;-0.012974
13.463;-0.011988
13.464;-0.01281
13.465;-0.010837
13.466;-0.011166
13.467;-0.011001
13.468;-0.011166
13.469;-0.010673
13.47;-0.010673
13.471;-0.012645
13.472;-0.013303
13.473;-0.013138
13.474;-0.014289
13.475;-0.014125
13.476;-0.013796
13.477;-0.013631
13.478;-0.013303
13.479;-0.012152
13.48;-0.010837
13.481;-0.009522
13.482;-0.009357
13.483;-0.009686
13.484;-0.009029
13.485;-0.010344
13.486;-0.011988
13.487;-0.009522
13.488;-0.011988
13.489;-0.011988
13.49;-0.013796
13.491;-0.013467
13.492;-0.012974
13.493;-0.013138
13.494;-0.011166
13.495;-0.01281
13.496;-0.011166
13.497;-0.010673
13.498;-0.009686
13.499;-0.010015
13.5;-0.008864
13.501;-0.009686
13.502;-0.009522
13.503;-0.011001
13.504;-0.01133
13.505;-0.01396
13.506;-0.01133
13.507;-0.011659
13.508;-0.013138
13.509;-0.012481
13.51;-0.012645
13.511;-0.012974
13.512;-0.012152
13.513;-0.008864
13.514;-0.008535
13.515;-0.0087
13.516;-0.008371
13.517;-0.008042
13.518;-0.008042
13.519;-0.008371
13.52;-0.01133
13.521;-0.009029
13.522;-0.010673
13.523;-0.010837
13.524;-0.010673
13.525;-0.010673
13.526;-0.010837
13.527;-0.009193
13.528;-0.009686
13.529;-0.009357
13.53;-0.007878
13.531;-0.008864
13.532;-0.008535
13.533;-0.008042
13.534;-0.0087
13.535;-0.008371
13.536;-0.008207
13.537;-0.008207
13.538;-0.009851
13.539;-0.010673
13.54;-0.010015
13.541;-0.010508
13.542;-0.011494
13.543;-0.010837
13.544;-0.010015
13.545;-0.010015
13.546;-0.009851
13.547;-0.009193
13.548;-0.008535
13.549;-0.008535
13.55;-0.008207
13.551;-0.006892
13.552;-0.008535
13.553;-0.008535
13.554;-0.009686
13.555;-0.009357
13.556;-0.009686
13.557;-0.011659
13.558;-0.010673
13.559;-0.009029
13.56;-0.010508
13.561;-0.010508
13.562;-0.010344
13.563;-0.009029
13.564;-0.0087
13.565;-0.007878
13.566;-0.00722
13.567;-0.0087
13.568;-0.00722
13.569;-0.010015
13.57;-0.008864
13.571;-0.009686
13.572;-0.009851
13.573;-0.010344
13.574;-0.009851
13.575;-0.010508
13.576;-0.01133
13.577;-0.010837
13.578;-0.010015
13.579;-0.009686
13.58;-0.008864
13.581;-0.007878
13.582;-0.0087
13.583;-0.006563
13.584;-0.0087
13.585;-0.007714
13.586;-0.009193
13.587;-0.009522
13.588;-0.010673
13.589;-0.010015
13.59;-0.010015
13.591;-0.011001
13.592;-0.011166
13.593;-0.011166
13.594;-0.009851
13.595;-0.010673
13.596;-0.009029
13.597;-0.009686
13.598;-0.008864
13.599;-0.008864
13.6;-0.006563
13.601;-0.00722
13.602;-0.009357
13.603;-0.009193
13.604;-0.007878
13.605;-0.011166
13.606;-0.010837
13.607;-0.010673
13.608;-0.010508
13.609;-0.011166
13.61;-0.011001
13.611;-0.010015
13.612;-0.008864
13.613;-0.009522
13.614;-0.010673
13.615;-0.007714
13.616;-0.008864
13.617;-0.008042
13.618;-0.008371
13.619;-0.008042
13.62;-0.0087
13.621;-0.009686
13.622;-0.010673
13.623;-0.011166
13.624;-0.011659
13.625;-0.011166
13.626;-0.011823
13.627;-0.009686
13.628;-0.009686
13.629;-0.010344
13.63;-0.008371
13.631;-0.007878
13.632;-0.009357
13.633;-0.008207
13.634;-0.007714
13.635;-0.008042
13.636;-0.008042
13.637;-0.007714
13.638;-0.009193
13.639;-0.010837
13.64;-0.011001
13.641;-0.010673
13.642;-0.012316
13.643;-0.010508
13.644;-0.010179
13.645;-0.009357
13.646;-0.008864
13.647;-0.008371
13.648;-0.009029
13.649;-0.007549
13.65;-0.008042
13.651;-0.007878
13.652;-0.007878
13.653;-0.007714
13.654;-0.009193
13.655;-0.009193
13.656;-0.010344
13.657;-0.01133
13.658;-0.010508
13.659;-0.011494
13.66;-0.010508
13.661;-0.009851
13.662;-0.009851
13.663;-0.009851
13.664;-0.007385
13.665;-0.008042
13.666;-0.008535
13.667;-0.008371
13.668;-0.008042
13.669;-0.009357
13.67;-0.009193
13.671;-0.009851
13.672;-0.010179
13.673;-0.010673
13.674;-0.011659
13.675;-0.010015
13.676;-0.010179
13.677;-0.010673
13.678;-0.010673
13.679;-0.009193
13.68;-0.008042
13.681;-0.007878
13.682;-0.008042
13.683;-0.007385
13.684;-0.007549
13.685;-0.008371
13.686;-0.008042
13.687;-0.008371
13.688;-0.009851
13.689;-0.009851
13.69;-0.010015
13.691;-0.010344
13.692;-0.010508
13.693;-0.01133
13.694;-0.010344
13.695;-0.009686
13.696;-0.009029
13.697;-0.009851
13.698;-0.008371
13.699;-0.008207
13.7;-0.007878
13.701;-0.007385
13.702;-0.008371
13.703;-0.009029
13.704;-0.009029
13.705;-0.009851
13.706;-0.01133
13.707;-0.009686
13.708;-0.011823
13.709;-0.011494
13.71;-0.010673
13.711;-0.010673
13.712;-0.010508
13.713;-0.007714
13.714;-0.008042
13.715;-0.007878
13.716;-0.00722
13.717;-0.006892
13.718;-0.007714
13.719;-0.009357
13.72;-0.0087
13.721;-0.009357
13.722;-0.009851
13.723;-0.010344
13.724;-0.008864
13.725;-0.008864
13.726;-0.009522
13.727;-0.008864
13.728;-0.007385
13.729;-0.008535
13.73;-0.008371
13.731;-0.007385
13.732;-0.007714
13.733;-0.007056
13.734;-0.007056
13.735;-0.007056
13.736;-0.008371
13.737;-0.008371
13.738;-0.009522
13.739;-0.010015
13.74;-0.010015
13.741;-0.010837
13.742;-0.011166
13.743;-0.010015
13.744;-0.010344
13.745;-0.009686
13.746;-0.009686
13.747;-0.009029
13.748;-0.007714
13.749;-0.007714
13.75;-0.007878
13.751;-0.007878
13.752;-0.00722
13.753;-0.010508
13.754;-0.010015
13.755;-0.009851
13.756;-0.011001
13.757;-0.01133
13.758;-0.009851
13.759;-0.011001
13.76;-0.010673
13.761;-0.010837
13.762;-0.009029
13.763;-0.008864
13.764;-0.008042
13.765;-0.006563
13.766;-0.005576
13.767;-0.004755
13.768;-0.006398
13.769;-0.005905
13.77;-0.007385
13.771;-0.006398
13.772;-0.008535
13.773;-0.00607
13.774;-0.007056
13.775;-0.007385
13.776;-0.006563
13.777;-0.005741
13.778;-0.003768
13.779;-0.005412
13.78;-0.003111
13.781;-0.003933
13.782;-0.001631
13.783;-0.002946
13.784;-0.000974
13.785;-0.001796
13.786;-0.002453
13.787;-0.001796
13.788;-0.002453
13.789;-0.003933
13.79;-0.002782
13.791;-0.002946
13.792;-0.001467
13.793;-0.002124
13.794;-0.001138
13.795;-0.002453
13.796;0.001328
13.797;0.001328
13.798;0.002807
13.799;0.003301
13.8;0.003958
13.801;0.004616
13.802;0.005273
13.803;0.006095
13.804;0.004287
13.805;0.004451
13.806;0.003958
13.807;0.005438
13.808;0.005438
13.809;0.006259
13.81;0.006917
13.811;0.008068
13.812;0.008232
13.813;0.009547
13.814;0.00889
13.815;0.012342
13.816;0.013164
13.817;0.013493
13.818;0.013986
13.819;0.013821
13.82;0.014643
13.821;0.014315
13.822;0.013328
13.823;0.013164
13.824;0.012506
13.825;0.012999
13.826;0.012342
13.827;0.013328
13.828;0.012671
13.829;0.013328
13.83;0.013986
13.831;0.014808
13.832;0.013821
13.833;0.014643
13.834;0.012671
13.835;0.012671
13.836;0.010698
13.837;0.011027
13.838;0.009218
13.839;0.008397
13.84;0.007575
13.841;0.008068
13.842;0.006917
13.843;0.00478
13.844;0.005766
13.845;0.006588
13.846;0.005931
13.847;0.006095
13.848;0.006424
13.849;0.006424
13.85;0.007575
13.851;0.005602
13.852;0.005766
13.853;0.003301
13.854;0.00215
13.855;-0.000152
13.856;-0.000152
13.857;-0.000645
13.858;-0.001302
13.859;-0.00048
13.86;1.27E-05
13.861;0.000342
13.862;-0.000809
13.863;0.000506
13.864;-0.00048
13.865;-0.000316
13.866;-0.00048
13.867;-0.000152
13.868;-0.003275
13.869;-0.002617
13.87;-0.003275
13.871;-0.002782
13.872;-0.004426
13.873;-0.005248
13.874;-0.005741
13.875;-0.005741
13.876;-0.007385
13.877;-0.006727
13.878;-0.006563
13.879;-0.00607
13.88;-0.004755
13.881;-0.004755
13.882;-0.005083
13.883;-0.004919
13.884;-0.00459
13.885;-0.00607
13.886;-0.006398
13.887;-0.007714
13.888;-0.008207
13.889;-0.010015
13.89;-0.010344
13.891;-0.009851
13.892;-0.009522
13.893;-0.008864
13.894;-0.008864
13.895;-0.008535
13.896;-0.009357
13.897;-0.007878
13.898;-0.008371
13.899;-0.008207
13.9;-0.007878
13.901;-0.006727
13.902;-0.007714
13.903;-0.0087
13.904;-0.009029
13.905;-0.010015
13.906;-0.010837
13.907;-0.01133
13.908;-0.012152
13.909;-0.01133
13.91;-0.012645
13.911;-0.012152
13.912;-0.011494
13.913;-0.009029
13.914;-0.009029
13.915;-0.011001
13.916;-0.01133
13.917;-0.01133
13.918;-0.012152
13.919;-0.012152
13.92;-0.013796
13.921;-0.016097
13.922;-0.016426
13.923;-0.018563
13.924;-0.017248
13.925;-0.020865
13.926;-0.022344
13.927;-0.023824
13.928;-0.025961
13.929;-0.027769
13.93;-0.029906
13.931;-0.03007
13.932;-0.032865
13.933;-0.034016
13.934;-0.035988
13.935;-0.037632
13.936;-0.03944
13.937;-0.041249
13.938;-0.041084
13.939;-0.042235
13.94;-0.043221
13.941;-0.040262
13.942;-0.036975
13.943;-0.032372
13.944;-0.026289
13.945;-0.020207
13.946;-0.011823
13.947;-0.001631
13.948;0.008397
13.949;0.017767
13.95;0.029274
13.951;0.040781
13.952;0.053275
13.953;0.065768
13.954;0.077275
13.955;0.091248
13.956;0.102427
13.957;0.116235
13.958;0.127907
13.959;0.140729
13.96;0.151743
13.961;0.1621
13.962;0.170155
13.963;0.177881
13.964;0.18347
13.965;0.187415
13.966;0.186593
13.967;0.183141
13.968;0.173771
13.969;0.162264
13.97;0.149771
13.971;0.132674
13.972;0.117386
13.973;0.10144
13.974;0.086974
13.975;0.073659
13.976;0.063302
13.977;0.053768
13.978;0.046863
13.979;0.037329
13.98;0.030918
13.981;0.024178
13.982;0.01826
13.983;0.01152
13.984;0.008068
13.985;0.002479
13.986;-0.00196
13.987;-0.004426
13.988;-0.008371
13.989;-0.010837
13.99;-0.013796
13.991;-0.014289
13.992;-0.015604
13.993;-0.017084
13.994;-0.017412
13.995;-0.01659
13.996;-0.016262
13.997;-0.015769
13.998;-0.015933
13.999;-0.014453
14;-0.012645
14.001;-0.010673
14.002;-0.011166
14.003;-0.009193
14.004;-0.007878
14.005;-0.007878
14.006;-0.005905
14.007;-0.006398
14.008;-0.004097
14.009;-0.002782
14.01;-0.000152
14.011;0.001492
14.012;0.001985
14.013;0.00215
14.014;0.004451
14.015;0.006259
14.016;0.005766
14.017;0.005931
14.018;0.007081
14.019;0.006259
14.02;0.005109
14.021;0.004122
14.022;0.001985
14.023;0.001985
14.024;0.000835
14.025;0.00067
14.026;0.000177
14.027;0.000342
14.028;-0.001796
14.029;0.000342
14.03;0.001163
14.031;0.001328
14.032;-0.000316
14.033;0.001492
14.034;0.001821
14.035;0.000177
14.036;0.001163
14.037;-0.000316
14.038;-0.001796
14.039;-0.001467
14.04;-0.000645
14.041;-0.002289
14.042;-0.001796
14.043;-0.002124
14.044;-0.000809
14.045;-0.00048
14.046;0.001492
14.047;0.000177
14.048;0.001657
14.049;0.002479
14.05;0.002807
14.051;0.003465
14.052;0.002807
14.053;0.002479
14.054;0.001492
14.055;0.001657
14.056;0.00067
14.057;0.00215
14.058;0.000835
14.059;0.001985
14.06;0.002479
14.061;0.004122
14.062;0.002807
14.063;0.004944
14.064;0.006095
14.065;0.006588
14.066;0.008068
14.067;0.007903
14.068;0.008232
14.069;0.007903
14.07;0.00741
14.071;0.007739
14.072;0.007081
14.073;0.006753
14.074;0.006753
14.075;0.008232
14.076;0.007575
14.077;0.008725
14.078;0.011356
14.079;0.012013
14.08;0.012506
14.081;0.013986
14.082;0.014643
14.083;0.016616
14.084;0.017109
14.085;0.01678
14.086;0.01678
14.087;0.015958
14.088;0.016287
14.089;0.016616
14.09;0.017767
14.091;0.017438
14.092;0.017109
14.093;0.019246
14.094;0.020397
14.095;0.021054
14.096;0.022534
14.097;0.022863
14.098;0.025
14.099;0.025822
14.1;0.027301
14.101;0.027137
14.102;0.027794
14.103;0.028288
14.104;0.027301
14.105;0.028945
14.106;0.028616
14.107;0.028123
14.108;0.029931
14.109;0.029603
14.11;0.030589
14.111;0.03174
14.112;0.034206
14.113;0.035356
14.114;0.036178
14.115;0.036836
14.116;0.037329
14.117;0.039959
14.118;0.040617
14.119;0.039795
14.12;0.041274
14.121;0.040452
14.122;0.040617
14.123;0.041603
14.124;0.041439
14.125;0.040781
14.126;0.041932
14.127;0.044233
14.128;0.046206
14.129;0.046863
14.13;0.050151
14.131;0.049494
14.132;0.050644
14.133;0.052453
14.134;0.053603
14.135;0.054754
14.136;0.05311
14.137;0.054425
14.138;0.055247
14.139;0.055576
14.14;0.055083
14.141;0.056398
14.142;0.058206
14.143;0.058206
14.144;0.058699
14.145;0.060014
14.146;0.061494
14.147;0.064124
14.148;0.064782
14.149;0.065439
14.15;0.06659
14.151;0.067576
14.152;0.067576
14.153;0.068234
14.154;0.068563
14.155;0.067248
14.156;0.068398
14.157;0.068563
14.158;0.06922
14.159;0.069056
14.16;0.072179
14.161;0.072015
14.162;0.074152
14.163;0.073494
14.164;0.076125
14.165;0.077111
14.166;0.077768
14.167;0.077604
14.168;0.08007
14.169;0.078426
14.17;0.077275
14.171;0.076289
14.172;0.077111
14.173;0.075796
14.174;0.077111
14.175;0.07596
14.176;0.076618
14.177;0.076782
14.178;0.076946
14.179;0.07744
14.18;0.076453
14.181;0.07596
14.182;0.076618
14.183;0.076782
14.184;0.077111
14.185;0.076125
14.186;0.074152
14.187;0.074481
14.188;0.071193
14.189;0.070371
14.19;0.069878
14.191;0.06807
14.192;0.067741
14.193;0.06659
14.194;0.066919
14.195;0.065439
14.196;0.064782
14.197;0.062973
14.198;0.063631
14.199;0.061494
14.2;0.062316
14.201;0.059357
14.202;0.059686
14.203;0.054754
14.204;0.05574
14.205;0.051795
14.206;0.050809
14.207;0.049165
14.208;0.048507
14.209;0.047192
14.21;0.044562
14.211;0.045055
14.212;0.04374
14.213;0.041439
14.214;0.042096
14.215;0.040945
14.216;0.040452
14.217;0.038808
14.218;0.037986
14.219;0.036178
14.22;0.034534
14.221;0.03174
14.222;0.029274
14.223;0.027137
14.224;0.027466
14.225;0.02615
14.226;0.025329
14.227;0.024178
14.228;0.023849
14.229;0.022863
14.23;0.023027
14.231;0.021712
14.232;0.02237
14.233;0.019411
14.234;0.018917
14.235;0.016945
14.236;0.016945
14.237;0.015794
14.238;0.014315
14.239;0.012506
14.24;0.010369
14.241;0.009218
14.242;0.009218
14.243;0.009218
14.244;0.007739
14.245;0.008068
14.246;0.006095
14.247;0.006917
14.248;0.006095
14.249;0.006259
14.25;0.005438
14.251;0.005766
14.252;0.005438
14.253;0.003958
14.254;0.003465
14.255;0.001163
14.256;0.000342
14.257;-0.001467
14.258;-0.001467
14.259;-0.001631
14.26;-0.00196
14.261;-0.002946
14.262;-0.00196
14.263;-0.00196
14.264;-0.000974
14.265;-0.002124
14.266;-0.002617
14.267;-0.001631
14.268;-0.002289
14.269;-0.003275
14.27;-0.005083
14.271;-0.005248
14.272;-0.006234
14.273;-0.008042
14.274;-0.007878
14.275;-0.007714
14.276;-0.008864
14.277;-0.008042
14.278;-0.008042
14.279;-0.008371
14.28;-0.008042
14.281;-0.008042
14.282;-0.007714
14.283;-0.008042
14.284;-0.008535
14.285;-0.008042
14.286;-0.008535
14.287;-0.008864
14.288;-0.009851
14.289;-0.010508
14.29;-0.011823
14.291;-0.011988
14.292;-0.011988
14.293;-0.011823
14.294;-0.011823
14.295;-0.011823
14.296;-0.011001
14.297;-0.009357
14.298;-0.009686
14.299;-0.008535
14.3;-0.008371
14.301;-0.008864
14.302;-0.010344
14.303;-0.009851
14.304;-0.010508
14.305;-0.011659
14.306;-0.012974
14.307;-0.013303
14.308;-0.012316
14.309;-0.01281
14.31;-0.013303
14.311;-0.013303
14.312;-0.011988
14.313;-0.01133
14.314;-0.011494
14.315;-0.009686
14.316;-0.011823
14.317;-0.009357
14.318;-0.009686
14.319;-0.010015
14.32;-0.011166
14.321;-0.011988
14.322;-0.012481
14.323;-0.012316
14.324;-0.01281
14.325;-0.013303
14.326;-0.012481
14.327;-0.013138
14.328;-0.012152
14.329;-0.011823
14.33;-0.011166
14.331;-0.010673
14.332;-0.010344
14.333;-0.009357
14.334;-0.009686
14.335;-0.010837
14.336;-0.011494
14.337;-0.009851
14.338;-0.010344
14.339;-0.011494
14.34;-0.011659
14.341;-0.011823
14.342;-0.01133
14.343;-0.011166
14.344;-0.011988
14.345;-0.011494
14.346;-0.011659
14.347;-0.010344
14.348;-0.010015
14.349;-0.007878
14.35;-0.008535
14.351;-0.009029
14.352;-0.009851
14.353;-0.010015
14.354;-0.010508
14.355;-0.011166
14.356;-0.011988
14.357;-0.012974
14.358;-0.011988
14.359;-0.01133
14.36;-0.012152
14.361;-0.009686
14.362;-0.009851
14.363;-0.010508
14.364;-0.008864
14.365;-0.009193
14.366;-0.008864
14.367;-0.007714
14.368;-0.007549
14.369;-0.0087
14.37;-0.008535
14.371;-0.008371
14.372;-0.010508
14.373;-0.010015
14.374;-0.010179
14.375;-0.010673
14.376;-0.011166
14.377;-0.009851
14.378;-0.009522
14.379;-0.009029
14.38;-0.00722
14.381;-0.005741
14.382;-0.007714
14.383;-0.006563
14.384;-0.006727
14.385;-0.00722
14.386;-0.008042
14.387;-0.00722
14.388;-0.007878
14.389;-0.008535
14.39;-0.009193
14.391;-0.010015
14.392;-0.010179
14.393;-0.010179
14.394;-0.010179
14.395;-0.007878
14.396;-0.008042
14.397;-0.008042
14.398;-0.00607
14.399;-0.00607
14.4;-0.007056
14.401;-0.007385
14.402;-0.00722
14.403;-0.00722
14.404;-0.008371
14.405;-0.009193
14.406;-0.009357
14.407;-0.010673
14.408;-0.009029
14.409;-0.009686
14.41;-0.009193
14.411;-0.008864
14.412;-0.009357
14.413;-0.007878
14.414;-0.00722
14.415;-0.007549
14.416;-0.007056
14.417;-0.006563
14.418;-0.006727
14.419;-0.007549
14.42;-0.007385
14.421;-0.008042
14.422;-0.0087
14.423;-0.009357
14.424;-0.009851
14.425;-0.010673
14.426;-0.009686
14.427;-0.010344
14.428;-0.009686
14.429;-0.008207
14.43;-0.007878
14.431;-0.007714
14.432;-0.006727
14.433;-0.007385
14.434;-0.006234
14.435;-0.006563
14.436;-0.006727
14.437;-0.007878
14.438;-0.007056
14.439;-0.008864
14.44;-0.009686
14.441;-0.009851
14.442;-0.010673
14.443;-0.009851
14.444;-0.009193
14.445;-0.008207
14.446;-0.008864
14.447;-0.006892
14.448;-0.006398
14.449;-0.006234
14.45;-0.006234
14.451;-0.006398
14.452;-0.006563
14.453;-0.006727
14.454;-0.007878
14.455;-0.008207
14.456;-0.009851
14.457;-0.009686
14.458;-0.009193
14.459;-0.010344
14.46;-0.009851
14.461;-0.009029
14.462;-0.008535
14.463;-0.007549
14.464;-0.007714
14.465;-0.007549
14.466;-0.006892
14.467;-0.007549
14.468;-0.006398
14.469;-0.007549
14.47;-0.007056
14.471;-0.008042
14.472;-0.009686
14.473;-0.009522
14.474;-0.009686
14.475;-0.009357
14.476;-0.010508
14.477;-0.009686
14.478;-0.0087
14.479;-0.009029
14.48;-0.008042
14.481;-0.007714
14.482;-0.006563
14.483;-0.006563
14.484;-0.006563
14.485;-0.00722
14.486;-0.008042
14.487;-0.007714
14.488;-0.008535
14.489;-0.0087
14.49;-0.009851
14.491;-0.010673
14.492;-0.0087
14.493;-0.009029
14.494;-0.008864
14.495;-0.008535
14.496;-0.008864
14.497;-0.008042
14.498;-0.006727
14.499;-0.007714
14.5;-0.006563
14.501;-0.007385
14.502;-0.006727
14.503;-0.006727
14.504;-0.008042
14.505;-0.008042
14.506;-0.010673
14.507;-0.010179
14.508;-0.010673
14.509;-0.009357
14.51;-0.009357
14.511;-0.0087
14.512;-0.006892
14.513;-0.007385
14.514;-0.007385
14.515;-0.00722
14.516;-0.006398
14.517;-0.005905
14.518;-0.006892
14.519;-0.007385
14.52;-0.007549
14.521;-0.008535
14.522;-0.008042
14.523;-0.009851
14.524;-0.009029
14.525;-0.010015
14.526;-0.008535
14.527;-0.009193
14.528;-0.008535
14.529;-0.007385
14.53;-0.007714
14.531;-0.006563
14.532;-0.007056
14.533;-0.00722
14.534;-0.006398
14.535;-0.006563
14.536;-0.006892
14.537;-0.00722
14.538;-0.008042
14.539;-0.008371
14.54;-0.010673
14.541;-0.009357
14.542;-0.010673
14.543;-0.009029
14.544;-0.010344
14.545;-0.008207
14.546;-0.0087
14.547;-0.007385
14.548;-0.007549
14.549;-0.006892
14.55;-0.006563
14.551;-0.007385
14.552;-0.00722
14.553;-0.007385
14.554;-0.007549
14.555;-0.009029
14.556;-0.009029
14.557;-0.009193
14.558;-0.010508
14.559;-0.009522
14.56;-0.009193
14.561;-0.010015
14.562;-0.008042
14.563;-0.008864
14.564;-0.007385
14.565;-0.006727
14.566;-0.007056
14.567;-0.006727
14.568;-0.007385
14.569;-0.00722
14.57;-0.009193
14.571;-0.007549
14.572;-0.009851
14.573;-0.009357
14.574;-0.009686
14.575;-0.009522
14.576;-0.009029
14.577;-0.008535
14.578;-0.008864
14.579;-0.006727
14.58;-0.00607
14.581;-0.00607
14.582;-0.005576
14.583;-0.004097
14.584;-0.00459
14.585;-0.006398
14.586;-0.006234
14.587;-0.007056
14.588;-0.007549
14.589;-0.008042
14.59;-0.009193
14.591;-0.010015
14.592;-0.009686
14.593;-0.009193
14.594;-0.008371
14.595;-0.007714
14.596;-0.007549
14.597;-0.006727
14.598;-0.007549
14.599;-0.006563
14.6;-0.00722
14.601;-0.006892
14.602;-0.00722
14.603;-0.006398
14.604;-0.008371
14.605;-0.009193
14.606;-0.009522
14.607;-0.009193
14.608;-0.010179
14.609;-0.009851
14.61;-0.009686
14.611;-0.008864
14.612;-0.0087
14.613;-0.007878
14.614;-0.00722
14.615;-0.007549
14.616;-0.00722
14.617;-0.007056
14.618;-0.005741
14.619;-0.006892
14.62;-0.007385
14.621;-0.007878
14.622;-0.006892
14.623;-0.006892
14.624;-0.007878
14.625;-0.008042
14.626;-0.006727
14.627;-0.007549
14.628;-0.00607
14.629;-0.005412
14.63;-0.004919
14.631;-0.002946
14.632;-0.002289
14.633;-0.00196
14.634;-0.002453
14.635;-0.000645
14.636;-0.002453
14.637;-0.003275
14.638;-0.003275
14.639;-0.002946
14.64;-0.003275
14.641;-0.003933
14.642;-0.003439
14.643;-0.002617
14.644;-0.002453
14.645;-0.001467
14.646;-0.001138
14.647;-0.000152
14.648;0.001985
14.649;0.000835
14.65;0.001821
14.651;0.002479
14.652;0.002807
14.653;0.002479
14.654;0.003136
14.655;0.002807
14.656;0.002972
14.657;0.003136
14.658;0.002479
14.659;0.003958
14.66;0.003794
14.661;0.005602
14.662;0.006095
14.663;0.008068
14.664;0.008232
14.665;0.010534
14.666;0.010534
14.667;0.012013
14.668;0.010205
14.669;0.010534
14.67;0.010862
14.671;0.012342
14.672;0.01152
14.673;0.01152
14.674;0.01152
14.675;0.012013
14.676;0.012506
14.677;0.013657
14.678;0.013164
14.679;0.014315
14.68;0.015465
14.681;0.016287
14.682;0.016945
14.683;0.017109
14.684;0.01678
14.685;0.016616
14.686;0.01678
14.687;0.014972
14.688;0.014972
14.689;0.012506
14.69;0.01152
14.691;0.011191
14.692;0.010698
14.693;0.009712
14.694;0.00889
14.695;0.008725
14.696;0.009218
14.697;0.010205
14.698;0.009547
14.699;0.009712
14.7;0.009054
14.701;0.009218
14.702;0.007575
14.703;0.006753
14.704;0.006424
14.705;0.006095
14.706;0.004287
14.707;0.004122
14.708;0.003301
14.709;0.002314
14.71;0.001328
14.711;0.00215
14.712;0.002807
14.713;0.001492
14.714;0.003136
14.715;0.002643
14.716;0.003136
14.717;0.002479
14.718;0.001985
14.719;0.00067
14.72;1.27E-05
14.721;-0.000645
14.722;-0.00196
14.723;-0.001631
14.724;-0.004426
14.725;-0.003604
14.726;-0.004426
14.727;-0.004755
14.728;-0.005248
14.729;-0.003275
14.73;-0.002782
14.731;-0.002124
14.732;-0.003275
14.733;-0.004261
14.734;-0.003933
14.735;-0.003933
14.736;-0.003439
14.737;-0.005412
14.738;-0.00459
14.739;-0.006398
14.74;-0.006234
14.741;-0.007549
14.742;-0.008371
14.743;-0.007878
14.744;-0.008864
14.745;-0.007714
14.746;-0.007056
14.747;-0.00722
14.748;-0.006727
14.749;-0.004919
14.75;-0.005576
14.751;-0.006563
14.752;-0.005905
14.753;-0.007549
14.754;-0.008371
14.755;-0.0087
14.756;-0.009851
14.757;-0.009851
14.758;-0.010015
14.759;-0.009686
14.76;-0.01133
14.761;-0.008864
14.762;-0.009357
14.763;-0.009193
14.764;-0.008535
14.765;-0.007385
14.766;-0.008042
14.767;-0.009193
14.768;-0.0087
14.769;-0.009522
14.77;-0.009686
14.771;-0.011001
14.772;-0.012316
14.773;-0.01396
14.774;-0.013303
14.775;-0.014782
14.776;-0.014453
14.777;-0.016262
14.778;-0.016755
14.779;-0.015275
14.78;-0.015604
14.781;-0.017741
14.782;-0.018234
14.783;-0.020865
14.784;-0.02218
14.785;-0.025467
14.786;-0.027769
14.787;-0.029248
14.788;-0.032865
14.789;-0.035331
14.79;-0.03944
14.791;-0.039934
14.792;-0.041578
14.793;-0.040756
14.794;-0.042728
14.795;-0.040591
14.796;-0.040427
14.797;-0.036975
14.798;-0.033851
14.799;-0.027605
14.8;-0.02333
14.801;-0.016262
14.802;-0.010508
14.803;-0.001302
14.804;0.007081
14.805;0.016945
14.806;0.028123
14.807;0.038973
14.808;0.052946
14.809;0.066261
14.81;0.079248
14.811;0.091413
14.812;0.10555
14.813;0.11755
14.814;0.131688
14.815;0.143195
14.816;0.15536
14.817;0.165716
14.818;0.17262
14.819;0.180676
14.82;0.185278
14.821;0.187909
14.822;0.184456
14.823;0.180018
14.824;0.171963
14.825;0.160291
14.826;0.146483
14.827;0.132345
14.828;0.117222
14.829;0.102427
14.83;0.088454
14.831;0.077604
14.832;0.066754
14.833;0.057713
14.834;0.048343
14.835;0.039302
14.836;0.03174
14.837;0.023191
14.838;0.01678
14.839;0.009712
14.84;0.005273
14.841;-0.000152
14.842;-0.002782
14.843;-0.006398
14.844;-0.007878
14.845;-0.010015
14.846;-0.01133
14.847;-0.012316
14.848;-0.011659
14.849;-0.012974
14.85;-0.012481
14.851;-0.012645
14.852;-0.013631
14.853;-0.015769
14.854;-0.014618
14.855;-0.014782
14.856;-0.015769
14.857;-0.015275
14.858;-0.013796
14.859;-0.011001
14.86;-0.0087
14.861;-0.006563
14.862;-0.003604
14.863;-0.003768
14.864;-0.001138
14.865;0.002314
14.866;0.003301
14.867;0.003794
14.868;0.004944
14.869;0.004451
14.87;0.004616
14.871;0.004451
14.872;0.004944
14.873;0.002807
14.874;0.004616
14.875;0.002972
14.876;0.003465
14.877;0.003465
14.878;0.001821
14.879;0.003465
14.88;0.003794
14.881;0.004122
14.882;0.002314
14.883;0.00215
14.884;0.002643
14.885;0.002807
14.886;0.000835
14.887;0.000999
14.888;0.000177
14.889;0.000835
14.89;-0.000809
14.891;-0.001467
14.892;-0.001796
14.893;-0.002453
14.894;-0.001138
14.895;0.000177
14.896;-0.000152
14.897;0.00067
14.898;0.000999
14.899;0.002314
14.9;0.002807
14.901;0.001657
14.902;0.002479
14.903;0.002314
14.904;0.002479
14.905;0.000506
14.906;0.001163
14.907;0.000342
14.908;0.00067
14.909;0.000835
14.91;0.001328
14.911;0.001328
14.912;0.002643
14.913;0.003958
14.914;0.005273
14.915;0.006095
14.916;0.005273
14.917;0.006095
14.918;0.007081
14.919;0.007246
14.92;0.005438
14.921;0.007575
14.922;0.005438
14.923;0.006095
14.924;0.005931
14.925;0.006095
14.926;0.006259
14.927;0.008397
14.928;0.007903
14.929;0.009218
14.93;0.009218
14.931;0.010862
14.932;0.010862
14.933;0.013821
14.934;0.013493
14.935;0.013328
14.936;0.012835
14.937;0.014479
14.938;0.013328
14.939;0.013986
14.94;0.014972
14.941;0.013986
14.942;0.013657
14.943;0.015136
14.944;0.015301
14.945;0.018917
14.946;0.018424
14.947;0.020068
14.948;0.021219
14.949;0.024178
14.95;0.021548
14.951;0.024342
14.952;0.024178
14.953;0.024178
14.954;0.023685
14.955;0.024835
14.956;0.024178
14.957;0.025
14.958;0.024835
14.959;0.025986
14.96;0.026315
14.961;0.02763
14.962;0.029931
14.963;0.031575
14.964;0.032562
14.965;0.032397
14.966;0.033548
14.967;0.035685
14.968;0.036014
14.969;0.035685
14.97;0.036343
14.971;0.036343
14.972;0.036178
14.973;0.037
14.974;0.037329
14.975;0.037493
14.976;0.038644
14.977;0.039137
14.978;0.041603
14.979;0.042754
14.98;0.042918
14.981;0.045384
14.982;0.045713
14.983;0.048343
14.984;0.048014
14.985;0.050316
14.986;0.05048
14.987;0.050973
14.988;0.049822
14.989;0.050809
14.99;0.050644
14.991;0.051466
14.992;0.051466
14.993;0.054261
14.994;0.054918
14.995;0.055247
14.996;0.058042
14.997;0.05985
14.998;0.061165
14.999;0.060836
15;0.062809
15.001;0.063138
15.002;0.06396
15.003;0.06396
15.004;0.064782
15.005;0.064289
15.006;0.065275
15.007;0.064289
15.008;0.066097
15.009;0.065604
15.01;0.066754
15.011;0.068234
15.012;0.070864
15.013;0.072179
15.014;0.072508
15.015;0.073001
15.016;0.074974
15.017;0.075138
15.018;0.075467
15.019;0.075303
15.02;0.076618
15.021;0.075631
15.022;0.076453
15.023;0.077111
15.024;0.076782
15.025;0.075631
15.026;0.074645
15.027;0.076946
15.028;0.077604
15.029;0.077111
15.03;0.079577
15.031;0.079741
15.032;0.081056
15.033;0.079084
15.034;0.08007
15.035;0.079084
15.036;0.078262
15.037;0.07744
15.038;0.075138
15.039;0.076453
15.04;0.073987
15.041;0.074316
15.042;0.074645
15.043;0.072672
15.044;0.072508
15.045;0.071357
15.046;0.072015
15.047;0.070864
15.048;0.069385
15.049;0.070042
15.05;0.069385
15.051;0.067741
15.052;0.065768
15.053;0.063302
15.054;0.061987
15.055;0.06133
15.056;0.059028
15.057;0.057713
15.058;0.056891
15.059;0.05459
15.06;0.054261
15.061;0.052124
15.062;0.051795
15.063;0.050644
15.064;0.051631
15.065;0.049494
15.066;0.049
15.067;0.04785
15.068;0.045384
15.069;0.042918
15.07;0.041274
15.071;0.04111
15.072;0.039302
15.073;0.037329
15.074;0.033877
15.075;0.033384
15.076;0.032562
15.077;0.032068
15.078;0.029603
15.079;0.03026
15.08;0.029274
15.081;0.028616
15.082;0.027137
15.083;0.028945
15.084;0.026644
15.085;0.025329
15.086;0.02352
15.087;0.02237
15.088;0.020726
15.089;0.017931
15.09;0.018095
15.091;0.014972
15.092;0.014808
15.093;0.014479
15.094;0.013493
15.095;0.012177
15.096;0.013821
15.097;0.012506
15.098;0.012013
15.099;0.012506
15.1;0.010534
15.101;0.009876
15.102;0.008561
15.103;0.009218
15.104;0.006753
15.105;0.006753
15.106;0.004616
15.107;0.003465
15.108;0.001492
15.109;0.002479
15.11;0.001657
15.111;0.000999
15.112;0.001328
15.113;0.002314
15.114;0.002479
15.115;0.00067
15.116;0.001657
15.117;0.001492
15.118;0.000506
15.119;-0.001631
15.12;-0.001138
15.121;-0.001796
15.122;-0.003933
15.123;-0.004919
15.124;-0.004426
15.125;-0.005905
15.126;-0.005741
15.127;-0.007549
15.128;-0.00607
15.129;-0.005576
15.13;-0.005576
15.131;-0.00607
15.132;-0.005083
15.133;-0.005412
15.134;-0.006398
15.135;-0.006398
15.136;-0.005905
15.137;-0.006727
15.138;-0.0087
15.139;-0.011166
15.14;-0.011494
15.141;-0.010508
15.142;-0.011823
15.143;-0.009686
15.144;-0.009851
15.145;-0.010015
15.146;-0.009522
15.147;-0.009686
15.148;-0.009522
15.149;-0.0087
15.15;-0.0087
15.151;-0.008207
15.152;-0.009851
15.153;-0.010837
15.154;-0.010179
15.155;-0.009851
15.156;-0.010673
15.157;-0.011823
15.158;-0.012152
15.159;-0.011659
15.16;-0.01133
15.161;-0.011988
15.162;-0.011494
15.163;-0.010673
15.164;-0.010344
15.165;-0.010673
15.166;-0.009522
15.167;-0.008864
15.168;-0.009686
15.169;-0.010179
15.17;-0.009686
15.171;-0.011166
15.172;-0.011988
15.173;-0.012152
15.174;-0.012481
15.175;-0.012974
15.176;-0.013303
15.177;-0.011823
15.178;-0.010673
15.179;-0.011001
15.18;-0.011001
15.181;-0.010015
15.182;-0.009193
15.183;-0.009029
15.184;-0.009522
15.185;-0.009851
15.186;-0.009851
15.187;-0.010508
15.188;-0.01133
15.189;-0.011988
15.19;-0.011823
15.191;-0.01396
15.192;-0.012481
15.193;-0.011166
15.194;-0.011659
15.195;-0.011166
15.196;-0.010015
15.197;-0.008371
15.198;-0.009029
15.199;-0.0087
15.2;-0.008207
15.201;-0.008371
15.202;-0.009686
15.203;-0.009522
15.204;-0.008864
15.205;-0.010179
15.206;-0.011659
15.207;-0.011494
15.208;-0.01133
15.209;-0.012481
15.21;-0.011494
15.211;-0.011166
15.212;-0.010344
15.213;-0.009193
15.214;-0.009193
15.215;-0.007714
15.216;-0.007714
15.217;-0.007549
15.218;-0.007878
15.219;-0.007878
15.22;-0.008207
15.221;-0.009851
15.222;-0.010015
15.223;-0.010673
15.224;-0.011659
15.225;-0.010508
15.226;-0.010673
15.227;-0.0087
15.228;-0.009851
15.229;-0.007714
15.23;-0.008042
15.231;-0.007056
15.232;-0.006727
15.233;-0.00607
15.234;-0.005741
15.235;-0.005905
15.236;-0.008042
15.237;-0.007714
15.238;-0.006892
15.239;-0.009193
15.24;-0.009686
15.241;-0.009686
15.242;-0.009357
15.243;-0.008864
15.244;-0.009522
15.245;-0.0087
15.246;-0.008207
15.247;-0.007878
15.248;-0.006398
15.249;-0.00722
15.25;-0.005412
15.251;-0.006398
15.252;-0.006563
15.253;-0.006727
15.254;-0.007714
15.255;-0.008042
15.256;-0.008864
15.257;-0.009029
15.258;-0.010179
15.259;-0.009686
15.26;-0.008371
15.261;-0.0087
15.262;-0.009029
15.263;-0.008042
15.264;-0.006727
15.265;-0.007714
15.266;-0.006398
15.267;-0.007714
15.268;-0.006892
15.269;-0.007549
15.27;-0.007878
15.271;-0.007714
15.272;-0.008207
15.273;-0.009851
15.274;-0.010015
15.275;-0.010015
15.276;-0.009193
15.277;-0.009851
15.278;-0.0087
15.279;-0.0087
15.28;-0.007714
15.281;-0.007385
15.282;-0.006563
15.283;-0.006234
15.284;-0.006398
15.285;-0.007714
15.286;-0.007385
15.287;-0.008535
15.288;-0.008371
15.289;-0.009193
15.29;-0.009357
15.291;-0.010015
15.292;-0.010673
15.293;-0.009193
15.294;-0.0087
15.295;-0.009029
15.296;-0.0087
15.297;-0.006892
15.298;-0.007385
15.299;-0.006563
15.3;-0.005905
15.301;-0.007056
15.302;-0.007056
15.303;-0.007056
15.304;-0.007878
15.305;-0.008042
15.306;-0.0087
15.307;-0.010344
15.308;-0.009686
15.309;-0.010344
15.31;-0.0087
15.311;-0.009357
15.312;-0.009193
15.313;-0.007714
15.314;-0.007385
15.315;-0.008042
15.316;-0.006398
15.317;-0.007385
15.318;-0.007549
15.319;-0.007878
15.32;-0.009029
15.321;-0.007549
15.322;-0.008535
15.323;-0.009686
15.324;-0.010015
15.325;-0.009357
15.326;-0.009686
15.327;-0.010344
15.328;-0.009851
15.329;-0.008371
15.33;-0.0087
15.331;-0.007056
15.332;-0.007385
15.333;-0.007056
15.334;-0.006892
15.335;-0.006727
15.336;-0.006398
15.337;-0.008371
15.338;-0.008864
15.339;-0.007878
15.34;-0.009357
15.341;-0.010673
15.342;-0.010015
15.343;-0.009029
15.344;-0.010015
15.345;-0.009686
15.346;-0.009193
15.347;-0.007549
15.348;-0.006563
15.349;-0.0087
15.35;-0.007714
15.351;-0.00607
15.352;-0.006727
15.353;-0.007056
15.354;-0.007878
15.355;-0.007714
15.356;-0.009193
15.357;-0.008535
15.358;-0.011001
15.359;-0.010179
15.36;-0.010344
15.361;-0.009851
15.362;-0.009029
15.363;-0.008042
15.364;-0.008535
15.365;-0.007385
15.366;-0.005741
15.367;-0.007549
15.368;-0.008042
15.369;-0.007549
15.37;-0.008535
15.371;-0.008535
15.372;-0.009522
15.373;-0.009357
15.374;-0.008207
15.375;-0.009851
15.376;-0.010015
15.377;-0.008535
15.378;-0.009522
15.379;-0.009522
15.38;-0.008535
15.381;-0.007549
15.382;-0.006892
15.383;-0.006892
15.384;-0.007385
15.385;-0.006892
15.386;-0.007549
15.387;-0.008042
15.388;-0.009029
15.389;-0.009522
15.39;-0.010015
15.391;-0.009851
15.392;-0.010179
15.393;-0.010344
15.394;-0.010344
15.395;-0.009193
15.396;-0.008535
15.397;-0.008371
15.398;-0.008535
15.399;-0.007056
15.4;-0.006398
15.401;-0.007385
15.402;-0.007385
15.403;-0.007878
15.404;-0.008864
15.405;-0.009686
15.406;-0.010508
15.407;-0.009522
15.408;-0.010344
15.409;-0.011001
15.41;-0.010344
15.411;-0.009522
15.412;-0.009357
15.413;-0.009522
15.414;-0.008042
15.415;-0.006234
15.416;-0.006892
15.417;-0.006727
15.418;-0.00722
15.419;-0.007549
15.42;-0.007878
15.421;-0.007714
15.422;-0.008864
15.423;-0.010179
15.424;-0.010508
15.425;-0.010508
15.426;-0.009029
15.427;-0.009686
15.428;-0.010508
15.429;-0.009357
15.43;-0.008371
15.431;-0.008042
15.432;-0.007878
15.433;-0.006727
15.434;-0.006892
15.435;-0.006398
15.436;-0.005741
15.437;-0.005905
15.438;-0.006234
15.439;-0.008042
15.44;-0.0087
15.441;-0.009357
15.442;-0.010015
15.443;-0.010015
15.444;-0.009357
15.445;-0.0087
15.446;-0.007056
15.447;-0.007878
15.448;-0.00607
15.449;-0.006398
15.45;-0.006398
15.451;-0.006563
15.452;-0.00607
15.453;-0.006892
15.454;-0.008371
15.455;-0.009357
15.456;-0.008207
15.457;-0.011001
15.458;-0.010837
15.459;-0.010508
15.46;-0.009686
15.461;-0.010344
15.462;-0.010673
15.463;-0.009193
15.464;-0.008371
15.465;-0.007056
15.466;-0.007549
15.467;-0.007385
15.468;-0.006892
15.469;-0.006727
15.47;-0.008042
15.471;-0.009522
15.472;-0.009686
15.473;-0.009522
15.474;-0.009851
15.475;-0.009357
15.476;-0.009851
15.477;-0.009357
15.478;-0.007878
15.479;-0.007056
15.48;-0.005741
15.481;-0.005741
15.482;-0.004426
15.483;-0.004261
15.484;-0.003604
15.485;-0.004919
15.486;-0.002782
15.487;-0.003768
15.488;-0.003768
15.489;-0.005083
15.49;-0.00459
15.491;-0.005741
15.492;-0.006398
15.493;-0.005412
15.494;-0.002946
15.495;-0.004426
15.496;-0.002289
15.497;-0.002124
15.498;-0.001796
15.499;-0.000974
15.5;0.000506
15.501;-0.00048
15.502;-0.00048
15.503;-0.000152
15.504;0.000835
15.505;0.000177
15.506;-0.000809
15.507;-0.002782
15.508;-0.000645
15.509;0.000506
15.51;0.000342
15.511;1.27E-05
15.512;0.002314
15.513;0.003958
15.514;0.004944
15.515;0.005766
15.516;0.006424
15.517;0.007575
15.518;0.006753
15.519;0.008725
15.52;0.007739
15.521;0.009383
15.522;0.007246
15.523;0.008232
15.524;0.008725
15.525;0.008561
15.526;0.007903
15.527;0.009876
15.528;0.011027
15.529;0.012506
15.53;0.013493
15.531;0.015136
15.532;0.015136
15.533;0.01563
15.534;0.015465
15.535;0.017602
15.536;0.015958
15.537;0.015465
15.538;0.014479
15.539;0.01415
15.54;0.012999
15.541;0.012342
15.542;0.013164
15.543;0.012999
15.544;0.010698
15.545;0.011849
15.546;0.01152
15.547;0.011684
15.548;0.012013
15.549;0.012013
15.55;0.011849
15.551;0.010534
15.552;0.009218
15.553;0.009876
15.554;0.009876
15.555;0.007246
15.556;0.005766
15.557;0.005766
15.558;0.005109
15.559;0.004616
15.56;0.004287
15.561;0.004287
15.562;0.003794
15.563;0.004287
15.564;0.005109
15.565;0.003958
15.566;0.004451
15.567;0.003958
15.568;0.002479
15.569;0.002314
15.57;0.001821
15.571;0.000835
15.572;0.00067
15.573;-0.000809
15.574;-0.002124
15.575;-0.002289
15.576;-0.002124
15.577;-0.004097
15.578;-0.002617
15.579;-0.001796
15.58;-0.002124
15.581;-0.002782
15.582;-0.002617
15.583;-0.001796
15.584;-0.001631
15.585;-0.002453
15.586;-0.004426
15.587;-0.003768
15.588;-0.004261
15.589;-0.006892
15.59;-0.007385
15.591;-0.008207
15.592;-0.007714
15.593;-0.007878
15.594;-0.007878
15.595;-0.00607
15.596;-0.006727
15.597;-0.006727
15.598;-0.004919
15.599;-0.005248
15.6;-0.005576
15.601;-0.007714
15.602;-0.00722
15.603;-0.007878
15.604;-0.007056
15.605;-0.008207
15.606;-0.008207
15.607;-0.010015
15.608;-0.010015
15.609;-0.011166
15.61;-0.010179
15.611;-0.009357
15.612;-0.009193
15.613;-0.008371
15.614;-0.007714
15.615;-0.007878
15.616;-0.009029
15.617;-0.009522
15.618;-0.008371
15.619;-0.008042
15.62;-0.009522
15.621;-0.010015
15.622;-0.011166
15.623;-0.01133
15.624;-0.013631
15.625;-0.012152
15.626;-0.012152
15.627;-0.013796
15.628;-0.013796
15.629;-0.013796
15.63;-0.012316
15.631;-0.013467
15.632;-0.013138
15.633;-0.012481
15.634;-0.014947
15.635;-0.016097
15.636;-0.015933
15.637;-0.01807
15.638;-0.020536
15.639;-0.024481
15.64;-0.026454
15.641;-0.02892
15.642;-0.031221
15.643;-0.031714
15.644;-0.033522
15.645;-0.036481
15.646;-0.037632
15.647;-0.038947
15.648;-0.037961
15.649;-0.039112
15.65;-0.040591
15.651;-0.039934
15.652;-0.03944
15.653;-0.037303
15.654;-0.035824
15.655;-0.03007
15.656;-0.026783
15.657;-0.020371
15.658;-0.011659
15.659;-0.002453
15.66;0.006424
15.661;0.016287
15.662;0.02763
15.663;0.041767
15.664;0.053275
15.665;0.065932
15.666;0.080563
15.667;0.094372
15.668;0.105386
15.669;0.117879
15.67;0.130208
15.671;0.142044
15.672;0.153223
15.673;0.161278
15.674;0.16999
15.675;0.17673
15.676;0.181826
15.677;0.185278
15.678;0.184621
15.679;0.180182
15.68;0.171799
15.681;0.161771
15.682;0.149277
15.683;0.13366
15.684;0.117386
15.685;0.103577
15.686;0.088782
15.687;0.076782
15.688;0.064289
15.689;0.05459
15.69;0.044726
15.691;0.035685
15.692;0.027959
15.693;0.021876
15.694;0.014972
15.695;0.008561
15.696;0.005109
15.697;0.002314
15.698;-0.001302
15.699;-0.00607
15.7;-0.00607
15.701;-0.008535
15.702;-0.010179
15.703;-0.012481
15.704;-0.013796
15.705;-0.01544
15.706;-0.016097
15.707;-0.01659
15.708;-0.015769
15.709;-0.018563
15.71;-0.016919
15.711;-0.01659
15.712;-0.014782
15.713;-0.01281
15.714;-0.011988
15.715;-0.0087
15.716;-0.007056
15.717;-0.00459
15.718;-0.003933
15.719;-0.002124
15.72;-0.001467
15.721;-0.00048
15.722;0.000835
15.723;0.001657
15.724;0.00067
15.725;0.000999
15.726;0.002972
15.727;0.003301
15.728;0.003136
15.729;0.002972
15.73;0.005273
15.731;0.005931
15.732;0.005273
15.733;0.005109
15.734;0.003629
15.735;0.003794
15.736;0.003958
15.737;0.002479
15.738;0.001492
15.739;0.000177
15.74;0.000506
15.741;-0.00196
15.742;-0.00196
15.743;-0.00196
15.744;-0.002124
15.745;-0.002124
15.746;-0.000152
15.747;1.27E-05
15.748;-0.000974
15.749;0.000177
15.75;0.001821
15.751;0.001821
15.752;0.000177
15.753;1.27E-05
15.754;0.000342
15.755;-0.001796
15.756;-0.001302
15.757;-0.000316
15.758;-0.001467
15.759;-0.001467
15.76;-0.000974
15.761;-0.00048
15.762;0.000835
15.763;0.00067
15.764;0.00215
15.765;0.002643
15.766;0.002972
15.767;0.002807
15.768;0.002807
15.769;0.003794
15.77;0.003794
15.771;0.004944
15.772;0.003629
15.773;0.003629
15.774;0.002314
15.775;0.002314
15.776;0.002807
15.777;0.004122
15.778;0.003465
15.779;0.005109
15.78;0.007081
15.781;0.007246
15.782;0.007081
15.783;0.010369
15.784;0.009876
15.785;0.009383
15.786;0.009218
15.787;0.010862
15.788;0.009712
15.789;0.011191
15.79;0.010534
15.791;0.010369
15.792;0.010698
15.793;0.010369
15.794;0.011849
15.795;0.012835
15.796;0.013657
15.797;0.015136
15.798;0.015958
15.799;0.017109
15.8;0.017602
15.801;0.019411
15.802;0.019246
15.803;0.019082
15.804;0.019411
15.805;0.020232
15.806;0.019411
15.807;0.020068
15.808;0.020068
15.809;0.021383
15.81;0.023356
15.811;0.023191
15.812;0.024178
15.813;0.025657
15.814;0.026808
15.815;0.02763
15.816;0.028452
15.817;0.030753
15.818;0.029931
15.819;0.030589
15.82;0.031082
15.821;0.031411
15.822;0.031082
15.823;0.031411
15.824;0.032726
15.825;0.032233
15.826;0.033055
15.827;0.032726
15.828;0.035192
15.829;0.036507
15.83;0.03848
15.831;0.039302
15.832;0.04111
15.833;0.042261
15.834;0.042754
15.835;0.042918
15.836;0.044726
15.837;0.043576
15.838;0.043411
15.839;0.044726
15.84;0.045548
15.841;0.045877
15.842;0.04637
15.843;0.048672
15.844;0.049
15.845;0.049494
15.846;0.050809
15.847;0.052453
15.848;0.054096
15.849;0.055412
15.85;0.056398
15.851;0.058864
15.852;0.057877
15.853;0.058371
15.854;0.059521
15.855;0.059028
15.856;0.058535
15.857;0.058699
15.858;0.059521
15.859;0.06133
15.86;0.061823
15.861;0.062809
15.862;0.064946
15.863;0.065275
15.864;0.066261
15.865;0.067741
15.866;0.069549
15.867;0.070535
15.868;0.070207
15.869;0.070864
15.87;0.071028
15.871;0.0707
15.872;0.070371
15.873;0.07185
15.874;0.072179
15.875;0.071357
15.876;0.072672
15.877;0.075138
15.878;0.075796
15.879;0.076125
15.88;0.077933
15.881;0.077768
15.882;0.077933
15.883;0.078755
15.884;0.07859
15.885;0.079905
15.886;0.079412
15.887;0.077604
15.888;0.077275
15.889;0.076289
15.89;0.075467
15.891;0.074316
15.892;0.075467
15.893;0.073823
15.894;0.072672
15.895;0.073987
15.896;0.075631
15.897;0.074809
15.898;0.075303
15.899;0.073659
15.9;0.073823
15.901;0.073166
15.902;0.0707
15.903;0.069713
15.904;0.070207
15.905;0.068727
15.906;0.065275
15.907;0.063631
15.908;0.062152
15.909;0.060508
15.91;0.059686
15.911;0.060014
15.912;0.059028
15.913;0.059028
15.914;0.057713
15.915;0.056398
15.916;0.055083
15.917;0.053768
15.918;0.052124
15.919;0.050809
15.92;0.049165
15.921;0.047192
15.922;0.046041
15.923;0.043411
15.924;0.042096
15.925;0.039795
15.926;0.03963
15.927;0.038644
15.928;0.037986
15.929;0.036178
15.93;0.035849
15.931;0.035521
15.932;0.034206
15.933;0.033877
15.934;0.031411
15.935;0.030918
15.936;0.028781
15.937;0.027959
15.938;0.026808
15.939;0.024342
15.94;0.022863
15.941;0.021548
15.942;0.020397
15.943;0.018753
15.944;0.017767
15.945;0.017767
15.946;0.017274
15.947;0.017602
15.948;0.016287
15.949;0.016287
15.95;0.015958
15.951;0.013821
15.952;0.012671
15.953;0.012506
15.954;0.011191
15.955;0.007739
15.956;0.008725
15.957;0.006424
15.958;0.005931
15.959;0.004944
15.96;0.004944
15.961;0.004122
15.962;0.003301
15.963;0.003465
15.964;0.003794
15.965;0.00478
15.966;0.003465
15.967;0.003301
15.968;0.00215
15.969;0.00067
15.97;-0.000645
15.971;0.001328
15.972;-0.00196
15.973;-0.002782
15.974;-0.003275
15.975;-0.004097
15.976;-0.004919
15.977;-0.004261
15.978;-0.004097
15.979;-0.005248
15.98;-0.004097
15.981;-0.005412
15.982;-0.003111
15.983;-0.002946
15.984;-0.005083
15.985;-0.005576
15.986;-0.005741
15.987;-0.006892
15.988;-0.006892
15.989;-0.009522
15.99;-0.009686
15.991;-0.011001
15.992;-0.010179
15.993;-0.010344
15.994;-0.010179
15.995;-0.010837
15.996;-0.011001
15.997;-0.009357
15.998;-0.008042
15.999;-0.007714
16;-0.008207
16.001;-0.009029
16.002;-0.010015
16.003;-0.010179
16.004;-0.010673
16.005;-0.010673
16.006;-0.01281
16.007;-0.012316
16.008;-0.013138
16.009;-0.012645
16.01;-0.013303
16.011;-0.011988
16.012;-0.011494
16.013;-0.010344
16.014;-0.011001
16.015;-0.010837
16.016;-0.009193
16.017;-0.010015
16.018;-0.009522
16.019;-0.010508
16.02;-0.010508
16.021;-0.012316
16.022;-0.013138
16.023;-0.012974
16.024;-0.013303
16.025;-0.013796
16.026;-0.014289
16.027;-0.01396
16.028;-0.012645
16.029;-0.011823
16.03;-0.011166
16.031;-0.009851
16.032;-0.010015
16.033;-0.009686
16.034;-0.010837
16.035;-0.009851
16.036;-0.010837
16.037;-0.011166
16.038;-0.011494
16.039;-0.012645
16.04;-0.012481
16.041;-0.01396
16.042;-0.013467
16.043;-0.012316
16.044;-0.012481
16.045;-0.013467
16.046;-0.012152
16.047;-0.011166
16.048;-0.010508
16.049;-0.010673
16.05;-0.0087
16.051;-0.009686
16.052;-0.009851
16.053;-0.010508
16.054;-0.009357
16.055;-0.010015
16.056;-0.011988
16.057;-0.012152
16.058;-0.012316
16.059;-0.012481
16.06;-0.012645
16.061;-0.011988
16.062;-0.010673
16.063;-0.010344
16.064;-0.010015
16.065;-0.008042
16.066;-0.009193
16.067;-0.008864
16.068;-0.010344
16.069;-0.009851
16.07;-0.009686
16.071;-0.011166
16.072;-0.010837
16.073;-0.011988
16.074;-0.011659
16.075;-0.012645
16.076;-0.011659
16.077;-0.010673
16.078;-0.011823
16.079;-0.010344
16.08;-0.009029
16.081;-0.007714
16.082;-0.008042
16.083;-0.00722
16.084;-0.007056
16.085;-0.008042
16.086;-0.007714
16.087;-0.009029
16.088;-0.009029
16.089;-0.010344
16.09;-0.009851
16.091;-0.010015
16.092;-0.009522
16.093;-0.010673
16.094;-0.010015
16.095;-0.009357
16.096;-0.008042
16.097;-0.008864
16.098;-0.008535
16.099;-0.006563
16.1;-0.006398
16.101;-0.008042
16.102;-0.008042
16.103;-0.006892
16.104;-0.007878
16.105;-0.0087
16.106;-0.008864
16.107;-0.009851
16.108;-0.010508
16.109;-0.011988
16.11;-0.009851
16.111;-0.009686
16.112;-0.010015
16.113;-0.009522
16.114;-0.007056
16.115;-0.00722
16.116;-0.006563
16.117;-0.00722
16.118;-0.00722
16.119;-0.007549
16.12;-0.008371
16.121;-0.006727
16.122;-0.009193
16.123;-0.009522
16.124;-0.010015
16.125;-0.008207
16.126;-0.009522
16.127;-0.010344
16.128;-0.010344
16.129;-0.008864
16.13;-0.008042
16.131;-0.008207
16.132;-0.008042
16.133;-0.006563
16.134;-0.00607
16.135;-0.006892
16.136;-0.007878
16.137;-0.00722
16.138;-0.007714
16.139;-0.009029
16.14;-0.009029
16.141;-0.010015
16.142;-0.010673
16.143;-0.010015
16.144;-0.009522
16.145;-0.010015
16.146;-0.008207
16.147;-0.009029
16.148;-0.00722
16.149;-0.007385
16.15;-0.005905
16.151;-0.006234
16.152;-0.008535
16.153;-0.00722
16.154;-0.008371
16.155;-0.007878
16.156;-0.009522
16.157;-0.010179
16.158;-0.010179
16.159;-0.008864
16.16;-0.009029
16.161;-0.009357
16.162;-0.010344
16.163;-0.009357
16.164;-0.007549
16.165;-0.006892
16.166;-0.006892
16.167;-0.007056
16.168;-0.00722
16.169;-0.008042
16.17;-0.007714
16.171;-0.007878
16.172;-0.009029
16.173;-0.009686
16.174;-0.008864
16.175;-0.009851
16.176;-0.009851
16.177;-0.010673
16.178;-0.009686
16.179;-0.008864
16.18;-0.008535
16.181;-0.007714
16.182;-0.006892
16.183;-0.006727
16.184;-0.006892
16.185;-0.006892
16.186;-0.00722
16.187;-0.008042
16.188;-0.008207
16.189;-0.009522
16.19;-0.010015
16.191;-0.010015
16.192;-0.010673
16.193;-0.009357
16.194;-0.009851
16.195;-0.009193
16.196;-0.009686
16.197;-0.007878
16.198;-0.007878
16.199;-0.006398
16.2;-0.00607
16.201;-0.006892
16.202;-0.006727
16.203;-0.008207
16.204;-0.006563
16.205;-0.007878
16.206;-0.009686
16.207;-0.009851
16.208;-0.009851
16.209;-0.010344
16.21;-0.008864
16.211;-0.009029
16.212;-0.009193
16.213;-0.007878
16.214;-0.007714
16.215;-0.007549
16.216;-0.00607
16.217;-0.006727
16.218;-0.006892
16.219;-0.007056
16.22;-0.007878
16.221;-0.008535
16.222;-0.010344
16.223;-0.008371
16.224;-0.009357
16.225;-0.010344
16.226;-0.010673
16.227;-0.009686
16.228;-0.009193
16.229;-0.008371
16.23;-0.006892
16.231;-0.006892
16.232;-0.006563
16.233;-0.006892
16.234;-0.005905
16.235;-0.006727
16.236;-0.006892
16.237;-0.007714
16.238;-0.0087
16.239;-0.009357
16.24;-0.009029
16.241;-0.011166
16.242;-0.010508
16.243;-0.010508
16.244;-0.009522
16.245;-0.009357
16.246;-0.009357
16.247;-0.008042
16.248;-0.007714
16.249;-0.006892
16.25;-0.006563
16.251;-0.007385
16.252;-0.007878
16.253;-0.007714
16.254;-0.007056
16.255;-0.007714
16.256;-0.009851
16.257;-0.009357
16.258;-0.009851
16.259;-0.009851
16.26;-0.010508
16.261;-0.009193
16.262;-0.009193
16.263;-0.008042
16.264;-0.0087
16.265;-0.007056
16.266;-0.006563
16.267;-0.006892
16.268;-0.007549
16.269;-0.006892
16.27;-0.006892
16.271;-0.008535
16.272;-0.009029
16.273;-0.009522
16.274;-0.010015
16.275;-0.009851
16.276;-0.009029
16.277;-0.009029
16.278;-0.009522
16.279;-0.009193
16.28;-0.007549
16.281;-0.007878
16.282;-0.006727
16.283;-0.005905
16.284;-0.00607
16.285;-0.006398
16.286;-0.007549
16.287;-0.008042
16.288;-0.0087
16.289;-0.007714
16.29;-0.009357
16.291;-0.008864
16.292;-0.010015
16.293;-0.008371
16.294;-0.007714
16.295;-0.008207
16.296;-0.007385
16.297;-0.00607
16.298;-0.006398
16.299;-0.006892
16.3;-0.004755
16.301;-0.005741
16.302;-0.007385
16.303;-0.006727
16.304;-0.00722
16.305;-0.008535
16.306;-0.0087
16.307;-0.008864
16.308;-0.010508
16.309;-0.009029
16.31;-0.008864
16.311;-0.009686
16.312;-0.009686
16.313;-0.007714
16.314;-0.007714
16.315;-0.00722
16.316;-0.006727
16.317;-0.005412
16.318;-0.00722
16.319;-0.006727
16.32;-0.009193
16.321;-0.007878
16.322;-0.0087
16.323;-0.010015
16.324;-0.009851
16.325;-0.010508
16.326;-0.010179
16.327;-0.010179
16.328;-0.0087
16.329;-0.009522
16.33;-0.006892
16.331;-0.006727
16.332;-0.005412
16.333;-0.005576
16.334;-0.005083
16.335;-0.005576
16.336;-0.004755
16.337;-0.004919
16.338;-0.005576
16.339;-0.006563
16.34;-0.006234
16.341;-0.006563
16.342;-0.005083
16.343;-0.004755
16.344;-0.00459
16.345;-0.005905
16.346;-0.003604
16.347;-0.002124
16.348;-0.001796
16.349;-0.001631
16.35;-0.001302
16.351;-0.000152
16.352;-0.001467
16.353;-0.001796
16.354;-0.001302
16.355;-0.002453
16.356;-0.002782
16.357;-0.002782
16.358;-0.002453
16.359;-0.002453
16.36;-0.002124
16.361;-0.001302
16.362;-0.00048
16.363;0.000506
16.364;0.001657
16.365;0.001985
16.366;0.004616
16.367;0.00478
16.368;0.003629
16.369;0.004122
16.37;0.004944
16.371;0.005766
16.372;0.003629
16.373;0.00478
16.374;0.004616
16.375;0.005273
16.376;0.006095
16.377;0.007575
16.378;0.008397
16.379;0.00889
16.38;0.009712
16.381;0.011684
16.382;0.012177
16.383;0.013821
16.384;0.013164
16.385;0.014808
16.386;0.013164
16.387;0.014479
16.388;0.016123
16.389;0.013657
16.39;0.013164
16.391;0.013328
16.392;0.014315
16.393;0.013986
16.394;0.013164
16.395;0.013657
16.396;0.013493
16.397;0.015794
16.398;0.015301
16.399;0.01563
16.4;0.014808
16.401;0.013986
16.402;0.012671
16.403;0.013164
16.404;0.011191
16.405;0.010862
16.406;0.009218
16.407;0.009712
16.408;0.007246
16.409;0.007739
16.41;0.007903
16.411;0.006424
16.412;0.006424
16.413;0.006917
16.414;0.006917
16.415;0.007739
16.416;0.008068
16.417;0.007903
16.418;0.006917
16.419;0.005438
16.42;0.006095
16.421;0.003301
16.422;0.003629
16.423;0.001163
16.424;0.001163
16.425;0.000835
16.426;0.000999
16.427;0.00067
16.428;0.000999
16.429;0.001163
16.43;0.000177
16.431;0.000342
16.432;0.000999
16.433;0.00067
16.434;0.000835
16.435;-0.00048
16.436;-0.001467
16.437;-0.001138
16.438;-0.003111
16.439;-0.004261
16.44;-0.004919
16.441;-0.00459
16.442;-0.005083
16.443;-0.004919
16.444;-0.005741
16.445;-0.006398
16.446;-0.006234
16.447;-0.004426
16.448;-0.004919
16.449;-0.003604
16.45;-0.003933
16.451;-0.003439
16.452;-0.004426
16.453;-0.004919
16.454;-0.005576
16.455;-0.006727
16.456;-0.007878
16.457;-0.008371
16.458;-0.009851
16.459;-0.01133
16.46;-0.009851
16.461;-0.008864
16.462;-0.009357
16.463;-0.008864
16.464;-0.006892
16.465;-0.006563
16.466;-0.006234
16.467;-0.005905
16.468;-0.007385
16.469;-0.007714
16.47;-0.007878
16.471;-0.008371
16.472;-0.009357
16.473;-0.011166
16.474;-0.010508
16.475;-0.009851
16.476;-0.010508
16.477;-0.010344
16.478;-0.01133
16.479;-0.010344
16.48;-0.010344
16.481;-0.009029
16.482;-0.0087
16.483;-0.009686
16.484;-0.009357
16.485;-0.010837
16.486;-0.011988
16.487;-0.012152
16.488;-0.013467
16.489;-0.015275
16.49;-0.015769
16.491;-0.017084
16.492;-0.019221
16.493;-0.019714
16.494;-0.021029
16.495;-0.022837
16.496;-0.024481
16.497;-0.026125
16.498;-0.028098
16.499;-0.029084
16.5;-0.031057
16.501;-0.033522
16.502;-0.037797
16.503;-0.037632
16.504;-0.039605
16.505;-0.041249
16.506;-0.042235
16.507;-0.042071
16.508;-0.042728
16.509;-0.039276
16.51;-0.035495
16.511;-0.031714
16.512;-0.026125
16.513;-0.019385
16.514;-0.009686
16.515;-0.000809
16.516;0.01004
16.517;0.020397
16.518;0.030753
16.519;0.042096
16.52;0.054425
16.521;0.068398
16.522;0.079248
16.523;0.090591
16.524;0.103577
16.525;0.117386
16.526;0.127907
16.527;0.14188
16.528;0.15388
16.529;0.162922
16.53;0.172456
16.531;0.180511
16.532;0.187087
16.533;0.188731
16.534;0.18758
16.535;0.182155
16.536;0.1741
16.537;0.161113
16.538;0.147798
16.539;0.131523
16.54;0.116071
16.541;0.101276
16.542;0.085495
16.543;0.074809
16.544;0.06396
16.545;0.052946
16.546;0.046206
16.547;0.03963
16.548;0.030425
16.549;0.024835
16.55;0.018589
16.551;0.013328
16.552;0.006424
16.553;0.001985
16.554;-0.001302
16.555;-0.00459
16.556;-0.007385
16.557;-0.011494
16.558;-0.013138
16.559;-0.01396
16.56;-0.014782
16.561;-0.015111
16.562;-0.016097
16.563;-0.016426
16.564;-0.014947
16.565;-0.014618
16.566;-0.013467
16.567;-0.011988
16.568;-0.012152
16.569;-0.012974
16.57;-0.011166
16.571;-0.008864
16.572;-0.0087
16.573;-0.006727
16.574;-0.005905
16.575;-0.004261
16.576;-0.003275
16.577;-0.000645
16.578;0.001492
16.579;0.001492
16.58;0.002807
16.581;0.00478
16.582;0.005602
16.583;0.006588
16.584;0.007081
16.585;0.006095
16.586;0.006259
16.587;0.006259
16.588;0.004287
16.589;0.003465
16.59;0.002807
16.591;0.001821
16.592;0.001657
16.593;0.000342
16.594;0.000506
16.595;0.00067
16.596;0.000835
16.597;0.001985
16.598;0.002643
16.599;0.001985
16.6;0.000999
16.601;0.00215
16.602;0.001985
16.603;0.001492
16.604;0.001163
16.605;-0.000316
16.606;-0.001796
16.607;-0.001631
16.608;-0.001796
16.609;-0.001302
16.61;-0.001631
16.611;1.27E-05
16.612;1.27E-05
16.613;0.000835
16.614;0.001163
16.615;0.002972
16.616;0.003629
16.617;0.003136
16.618;0.003136
16.619;0.00215
16.62;0.00215
16.621;0.002643
16.622;0.001328
16.623;0.001657
16.624;0.000835
16.625;0.001657
16.626;0.002479
16.627;0.002972
16.628;0.003958
16.629;0.003958
16.63;0.005931
16.631;0.005602
16.632;0.006588
16.633;0.008068
16.634;0.00741
16.635;0.006917
16.636;0.00741
16.637;0.008068
16.638;0.007739
16.639;0.008068
16.64;0.007081
16.641;0.007903
16.642;0.007081
16.643;0.00889
16.644;0.009383
16.645;0.011191
16.646;0.011191
16.647;0.013164
16.648;0.014479
16.649;0.015465
16.65;0.014972
16.651;0.017438
16.652;0.016616
16.653;0.016616
16.654;0.016123
16.655;0.01563
16.656;0.015794
16.657;0.016945
16.658;0.016945
16.659;0.017767
16.66;0.019082
16.661;0.019904
16.662;0.020561
16.663;0.022698
16.664;0.023027
16.665;0.023685
16.666;0.024835
16.667;0.027137
16.668;0.026972
16.669;0.026808
16.67;0.027137
16.671;0.026808
16.672;0.027137
16.673;0.028616
16.674;0.028123
16.675;0.027466
16.676;0.029603
16.677;0.030425
16.678;0.031411
16.679;0.033384
16.68;0.035356
16.681;0.035192
16.682;0.036178
16.683;0.037493
16.684;0.038151
16.685;0.038644
16.686;0.038808
16.687;0.040617
16.688;0.04111
16.689;0.040123
16.69;0.041274
16.691;0.040781
16.692;0.04111
16.693;0.041603
16.694;0.042589
16.695;0.045055
16.696;0.047521
16.697;0.048014
16.698;0.050973
16.699;0.050809
16.7;0.051138
16.701;0.053275
16.702;0.053439
16.703;0.052617
16.704;0.053603
16.705;0.05459
16.706;0.054096
16.707;0.055412
16.708;0.056398
16.709;0.056562
16.71;0.058042
16.711;0.058535
16.712;0.059521
16.713;0.061165
16.714;0.063467
16.715;0.06396
16.716;0.065932
16.717;0.066426
16.718;0.066097
16.719;0.066426
16.72;0.067905
16.721;0.06807
16.722;0.067083
16.723;0.068563
16.724;0.068727
16.725;0.069056
16.726;0.069878
16.727;0.069878
16.728;0.072015
16.729;0.072015
16.73;0.074645
16.731;0.074809
16.732;0.076125
16.733;0.077768
16.734;0.07744
16.735;0.077111
16.736;0.07859
16.737;0.077604
16.738;0.075631
16.739;0.07744
16.74;0.075796
16.741;0.07744
16.742;0.076453
16.743;0.076946
16.744;0.075796
16.745;0.076782
16.746;0.076618
16.747;0.078755
16.748;0.077604
16.749;0.077604
16.75;0.077604
16.751;0.078262
16.752;0.077111
16.753;0.075467
16.754;0.075303
16.755;0.073494
16.756;0.072508
16.757;0.070371
16.758;0.069878
16.759;0.067905
16.76;0.067741
16.761;0.067741
16.762;0.066919
16.763;0.064617
16.764;0.064782
16.765;0.063795
16.766;0.063467
16.767;0.063138
16.768;0.060672
16.769;0.059686
16.77;0.058206
16.771;0.057055
16.772;0.053932
16.773;0.052781
16.774;0.05048
16.775;0.049165
16.776;0.047357
16.777;0.047192
16.778;0.045384
16.779;0.044562
16.78;0.043411
16.781;0.042096
16.782;0.043082
16.783;0.041932
16.784;0.040452
16.785;0.038973
16.786;0.037
16.787;0.034534
16.788;0.033219
16.789;0.030753
16.79;0.029767
16.791;0.027959
16.792;0.02763
16.793;0.02615
16.794;0.026479
16.795;0.024671
16.796;0.023685
16.797;0.024013
16.798;0.022205
16.799;0.022534
16.8;0.021548
16.801;0.021054
16.802;0.018917
16.803;0.018589
16.804;0.015958
16.805;0.016287
16.806;0.013328
16.807;0.012177
16.808;0.010698
16.809;0.010205
16.81;0.009712
16.811;0.009383
16.812;0.007739
16.813;0.007739
16.814;0.008725
16.815;0.007903
16.816;0.007575
16.817;0.006588
16.818;0.005931
16.819;0.004944
16.82;0.004944
16.821;0.003465
16.822;0.001985
16.823;0.000506
16.824;1.27E-05
16.825;-0.001302
16.826;-0.00196
16.827;-0.002124
16.828;-0.002782
16.829;-0.002453
16.83;-0.001138
16.831;-0.001138
16.832;-0.001138
16.833;-0.001467
16.834;-0.002124
16.835;-0.003111
16.836;-0.00459
16.837;-0.002946
16.838;-0.004261
16.839;-0.005576
16.84;-0.006727
16.841;-0.008371
16.842;-0.007714
16.843;-0.008371
16.844;-0.008207
16.845;-0.008535
16.846;-0.0087
16.847;-0.009029
16.848;-0.007714
16.849;-0.007549
16.85;-0.007549
16.851;-0.007385
16.852;-0.009357
16.853;-0.008371
16.854;-0.008042
16.855;-0.009851
16.856;-0.009851
16.857;-0.010508
16.858;-0.012481
16.859;-0.012152
16.86;-0.012152
16.861;-0.01133
16.862;-0.011988
16.863;-0.011166
16.864;-0.010179
16.865;-0.010179
16.866;-0.009686
16.867;-0.007714
16.868;-0.008535
16.869;-0.010015
16.87;-0.010015
16.871;-0.009686
16.872;-0.010837
16.873;-0.012481
16.874;-0.012316
16.875;-0.012645
16.876;-0.01281
16.877;-0.013631
16.878;-0.012316
16.879;-0.012152
16.88;-0.010673
16.881;-0.010673
16.882;-0.010344
16.883;-0.009193
16.884;-0.009029
16.885;-0.009686
16.886;-0.010344
16.887;-0.010179
16.888;-0.011494
16.889;-0.01133
16.89;-0.01281
16.891;-0.012481
16.892;-0.013467
16.893;-0.01281
16.894;-0.01281
16.895;-0.011988
16.896;-0.012645
16.897;-0.011494
16.898;-0.010837
16.899;-0.008864
16.9;-0.009522
16.901;-0.009851
16.902;-0.010015
16.903;-0.009851
16.904;-0.010837
16.905;-0.009851
16.906;-0.010673
16.907;-0.012152
16.908;-0.011988
16.909;-0.012316
16.91;-0.011494
16.911;-0.011823
16.912;-0.01133
16.913;-0.010673
16.914;-0.0087
16.915;-0.009193
16.916;-0.009193
16.917;-0.008207
16.918;-0.008535
16.919;-0.009851
16.92;-0.009193
16.921;-0.009029
16.922;-0.010673
16.923;-0.010673
16.924;-0.012316
16.925;-0.012316
16.926;-0.011823
16.927;-0.011166
16.928;-0.011001
16.929;-0.009686
16.93;-0.009357
16.931;-0.008371
16.932;-0.008042
16.933;-0.007056
16.934;-0.008207
16.935;-0.008371
16.936;-0.008864
16.937;-0.009193
16.938;-0.009193
16.939;-0.010673
16.94;-0.009357
16.941;-0.011494
16.942;-0.010344
16.943;-0.011166
16.944;-0.010508
16.945;-0.009357
16.946;-0.008207
16.947;-0.008371
16.948;-0.007056
16.949;-0.006892
16.95;-0.006892
16.951;-0.006398
16.952;-0.008042
16.953;-0.008042
16.954;-0.007878
16.955;-0.0087
16.956;-0.010015
16.957;-0.009686
16.958;-0.011166
16.959;-0.009522
16.96;-0.009851
16.961;-0.009029
16.962;-0.009357
16.963;-0.009357
16.964;-0.007549
16.965;-0.007714
16.966;-0.00722
16.967;-0.007385
16.968;-0.007385
16.969;-0.007549
16.97;-0.00722
16.971;-0.008207
16.972;-0.0087
16.973;-0.010344
16.974;-0.009193
16.975;-0.010837
16.976;-0.009851
16.977;-0.011494
16.978;-0.008042
16.979;-0.009357
16.98;-0.007549
16.981;-0.00722
16.982;-0.007385
16.983;-0.006892
16.984;-0.007056
16.985;-0.007549
16.986;-0.007385
16.987;-0.009029
16.988;-0.008207
16.989;-0.008371
16.99;-0.009193
16.991;-0.010015
16.992;-0.010673
16.993;-0.009193
16.994;-0.0087
16.995;-0.009522
16.996;-0.009029
16.997;-0.009193
16.998;-0.007056
16.999;-0.006398
17;-0.005576
17.001;-0.006563
17.002;-0.007714
17.003;-0.007385
17.004;-0.00722
17.005;-0.009522
17.006;-0.008042
17.007;-0.010179
17.008;-0.0087
17.009;-0.009357
17.01;-0.010508
17.011;-0.009522
17.012;-0.008371
17.013;-0.008864
17.014;-0.007878
17.015;-0.006563
17.016;-0.007549
17.017;-0.005741
17.018;-0.007385
17.019;-0.006727
17.02;-0.007714
17.021;-0.007056
17.022;-0.008042
17.023;-0.010015
17.024;-0.009357
17.025;-0.010179
17.026;-0.009851
17.027;-0.009193
17.028;-0.008864
17.029;-0.009686
17.03;-0.008535
17.031;-0.008371
17.032;-0.006727
17.033;-0.006398
17.034;-0.007056
17.035;-0.007714
17.036;-0.00722
17.037;-0.008042
17.038;-0.007056
17.039;-0.009686
17.04;-0.009522
17.041;-0.009522
17.042;-0.010344
17.043;-0.009193
17.044;-0.0087
17.045;-0.009193
17.046;-0.010344
17.047;-0.008207
17.048;-0.007878
17.049;-0.006398
17.05;-0.007385
17.051;-0.006727
17.052;-0.007056
17.053;-0.007056
17.054;-0.008207
17.055;-0.008207
17.056;-0.0087
17.057;-0.009522
17.058;-0.009686
17.059;-0.01133
17.06;-0.0087
17.061;-0.010179
17.062;-0.008864
17.063;-0.008207
17.064;-0.006563
17.065;-0.007878
17.066;-0.005741
17.067;-0.005741
17.068;-0.00607
17.069;-0.007056
17.07;-0.00722
17.071;-0.007878
17.072;-0.007549
17.073;-0.008371
17.074;-0.009522
17.075;-0.009357
17.076;-0.010179
17.077;-0.010673
17.078;-0.009686
17.079;-0.0087
17.08;-0.009193
17.081;-0.006727
17.082;-0.006398
17.083;-0.005412
17.084;-0.007385
17.085;-0.00607
17.086;-0.00722
17.087;-0.007056
17.088;-0.008371
17.089;-0.008864
17.09;-0.0087
17.091;-0.010179
17.092;-0.009686
17.093;-0.009686
17.094;-0.009357
17.095;-0.009193
17.096;-0.009029
17.097;-0.007714
17.098;-0.00607
17.099;-0.008042
17.1;-0.00607
17.101;-0.005412
17.102;-0.007385
17.103;-0.008535
17.104;-0.007714
17.105;-0.008535
17.106;-0.008535
17.107;-0.009193
17.108;-0.010508
17.109;-0.010015
17.11;-0.010673
17.111;-0.008864
17.112;-0.0087
17.113;-0.009029
17.114;-0.008371
17.115;-0.006398
17.116;-0.006563
17.117;-0.004919
17.118;-0.006727
17.119;-0.008207
17.12;-0.007878
17.121;-0.007878
17.122;-0.008535
17.123;-0.008864
17.124;-0.010179
17.125;-0.009686
17.126;-0.0087
17.127;-0.009193
17.128;-0.008535
17.129;-0.008864
17.13;-0.008042
17.131;-0.006234
17.132;-0.006563
17.133;-0.007714
17.134;-0.006727
17.135;-0.006563
17.136;-0.00722
17.137;-0.008042
17.138;-0.008042
17.139;-0.009029
17.14;-0.008535
17.141;-0.010179
17.142;-0.010673
17.143;-0.009029
17.144;-0.010015
17.145;-0.008535
17.146;-0.009686
17.147;-0.005576
17.148;-0.006398
17.149;-0.004426
17.15;-0.004755
17.151;-0.004261
17.152;-0.00607
17.153;-0.006892
17.154;-0.006563
17.155;-0.008042
17.156;-0.0087
17.157;-0.008207
17.158;-0.009193
17.159;-0.008864
17.16;-0.009193
17.161;-0.008371
17.162;-0.008042
17.163;-0.0087
17.164;-0.00722
17.165;-0.007385
17.166;-0.005576
17.167;-0.00607
17.168;-0.006563
17.169;-0.007714
17.17;-0.00722
17.171;-0.00722
17.172;-0.009357
17.173;-0.0087
17.174;-0.009193
17.175;-0.009851
17.176;-0.010344
17.177;-0.010508
17.178;-0.010673
17.179;-0.0087
17.18;-0.008042
17.181;-0.006234
17.182;-0.007385
17.183;-0.006234
17.184;-0.00722
17.185;-0.006234
17.186;-0.006892
17.187;-0.005576
17.188;-0.006398
17.189;-0.007385
17.19;-0.007056
17.191;-0.006234
17.192;-0.006727
17.193;-0.007549
17.194;-0.006892
17.195;-0.006563
17.196;-0.004919
17.197;-0.004426
17.198;-0.002289
17.199;-0.002289
17.2;1.27E-05
17.201;-0.001467
17.202;-0.001796
17.203;-0.001467
17.204;-0.002617
17.205;-0.003111
17.206;-0.003768
17.207;-0.002617
17.208;-0.003604
17.209;-0.003111
17.21;-0.002617
17.211;-0.002617
17.212;-0.002782
17.213;-0.001138
17.214;0.00067
17.215;0.001985
17.216;0.001821
17.217;0.002972
17.218;0.002807
17.219;0.001657
17.22;0.002807
17.221;0.002479
17.222;0.002807
17.223;0.001492
17.224;0.001821
17.225;0.002807
17.226;0.003136
17.227;0.003958
17.228;0.00478
17.229;0.006259
17.23;0.006917
17.231;0.007575
17.232;0.009218
17.233;0.012342
17.234;0.011027
17.235;0.012342
17.236;0.010862
17.237;0.011027
17.238;0.010534
17.239;0.011191
17.24;0.010862
17.241;0.012177
17.242;0.009876
17.243;0.011684
17.244;0.013328
17.245;0.014315
17.246;0.012999
17.247;0.016616
17.248;0.016123
17.249;0.017438
17.25;0.016945
17.251;0.017274
17.252;0.015301
17.253;0.015301
17.254;0.014479
17.255;0.014972
17.256;0.013986
17.257;0.011027
17.258;0.010534
17.259;0.010698
17.26;0.01004
17.261;0.009547
17.262;0.010369
17.263;0.009547
17.264;0.010698
17.265;0.010369
17.266;0.011356
17.267;0.011027
17.268;0.009054
17.269;0.00741
17.27;0.007739
17.271;0.007739
17.272;0.005602
17.273;0.005766
17.274;0.003794
17.275;0.00478
17.276;0.003301
17.277;0.00215
17.278;0.003136
17.279;0.001985
17.28;0.002807
17.281;0.003958
17.282;0.003301
17.283;0.004122
17.284;0.003794
17.285;0.002314
17.286;0.00067
17.287;0.00067
17.288;1.27E-05
17.289;-0.00048
17.29;-0.000974
17.291;-0.002946
17.292;-0.003439
17.293;-0.003111
17.294;-0.003933
17.295;-0.003933
17.296;-0.004261
17.297;-0.002946
17.298;-0.001302
17.299;-0.002453
17.3;-0.002453
17.301;-0.002946
17.302;-0.004097
17.303;-0.004755
17.304;-0.004097
17.305;-0.004426
17.306;-0.006892
17.307;-0.007056
17.308;-0.007056
17.309;-0.007056
17.31;-0.006892
17.311;-0.006892
17.312;-0.007549
17.313;-0.006892
17.314;-0.006727
17.315;-0.005741
17.316;-0.005248
17.317;-0.005576
17.318;-0.005741
17.319;-0.007549
17.32;-0.006892
17.321;-0.008535
17.322;-0.007878
17.323;-0.008371
17.324;-0.009851
17.325;-0.009522
17.326;-0.010508
17.327;-0.010344
17.328;-0.010179
17.329;-0.009193
17.33;-0.008535
17.331;-0.0087
17.332;-0.008371
17.333;-0.007714
17.334;-0.007714
17.335;-0.008042
17.336;-0.010673
17.337;-0.009522
17.338;-0.010015
17.339;-0.011823
17.34;-0.013467
17.341;-0.014125
17.342;-0.013796
17.343;-0.014453
17.344;-0.013796
17.345;-0.015933
17.346;-0.014618
17.347;-0.015111
17.348;-0.01544
17.349;-0.016097
17.35;-0.018234
17.351;-0.020371
17.352;-0.022673
17.353;-0.025796
17.354;-0.027111
17.355;-0.030892
17.356;-0.032865
17.357;-0.035988
17.358;-0.038125
17.359;-0.040756
17.36;-0.041578
17.361;-0.041084
17.362;-0.041249
17.363;-0.041578
17.364;-0.039605
17.365;-0.035988
17.366;-0.033851
17.367;-0.028262
17.368;-0.022508
17.369;-0.017577
17.37;-0.011494
17.371;-0.001631
17.372;0.008725
17.373;0.017931
17.374;0.027959
17.375;0.039302
17.376;0.053932
17.377;0.065768
17.378;0.078262
17.379;0.09207
17.38;0.10555
17.381;0.118701
17.382;0.131688
17.383;0.145332
17.384;0.156675
17.385;0.165881
17.386;0.172949
17.387;0.18084
17.388;0.184128
17.389;0.186593
17.39;0.18495
17.391;0.179689
17.392;0.172127
17.393;0.159141
17.394;0.14714
17.395;0.130866
17.396;0.116235
17.397;0.103249
17.398;0.089604
17.399;0.078097
17.4;0.066426
17.401;0.056891
17.402;0.047357
17.403;0.037986
17.404;0.030753
17.405;0.023191
17.406;0.016945
17.407;0.010534
17.408;0.004616
17.409;0.000342
17.41;-0.002617
17.411;-0.006234
17.412;-0.007714
17.413;-0.009357
17.414;-0.010179
17.415;-0.012645
17.416;-0.012152
17.417;-0.012152
17.418;-0.012481
17.419;-0.014289
17.42;-0.015111
17.421;-0.015111
17.422;-0.015275
17.423;-0.015604
17.424;-0.014618
17.425;-0.013138
17.426;-0.011988
17.427;-0.011166
17.428;-0.0087
17.429;-0.005905
17.43;-0.005083
17.431;-0.001138
17.432;0.000342
17.433;0.003301
17.434;0.002972
17.435;0.004451
17.436;0.003794
17.437;0.004944
17.438;0.005438
17.439;0.003958
17.44;0.004944
17.441;0.003465
17.442;0.003465
17.443;0.003136
17.444;0.004616
17.445;0.003136
17.446;0.003301
17.447;0.003465
17.448;0.004616
17.449;0.002479
17.45;0.003794
17.451;0.003958
17.452;0.003465
17.453;0.000999
17.454;0.000999
17.455;0.001492
17.456;-0.000974
17.457;-0.000152
17.458;-0.000809
17.459;-0.00048
17.46;-0.001138
17.461;-0.001631
17.462;-0.001467
17.463;-0.001302
17.464;-0.00048
17.465;0.001492
17.466;0.000999
17.467;0.003136
17.468;0.00215
17.469;0.002314
17.47;0.002479
17.471;0.002479
17.472;0.00215
17.473;0.00067
17.474;0.000999
17.475;1.27E-05
17.476;0.000342
17.477;0.001657
17.478;0.001328
17.479;0.001985
17.48;0.001985
17.481;0.003136
17.482;0.005109
17.483;0.005273
17.484;0.006917
17.485;0.007246
17.486;0.005273
17.487;0.006259
17.488;0.006095
17.489;0.005766
17.49;0.004616
17.491;0.004944
17.492;0.005109
17.493;0.005766
17.494;0.006259
17.495;0.00889
17.496;0.007903
17.497;0.008232
17.498;0.01004
17.499;0.011356
17.5;0.012342
17.501;0.013657
17.502;0.013493
17.503;0.013493
17.504;0.014479
17.505;0.013164
17.506;0.012013
17.507;0.01415
17.508;0.013493
17.509;0.013657
17.51;0.014479
17.511;0.015794
17.512;0.016123
17.513;0.018095
17.514;0.019575
17.515;0.020232
17.516;0.019904
17.517;0.023191
17.518;0.024342
17.519;0.023027
17.52;0.02352
17.521;0.024013
17.522;0.023685
17.523;0.022863
17.524;0.024178
17.525;0.024342
17.526;0.02615
17.527;0.025822
17.528;0.02615
17.529;0.029109
17.53;0.03026
17.531;0.030918
17.532;0.030753
17.533;0.033877
17.534;0.035027
17.535;0.035356
17.536;0.035356
17.537;0.035356
17.538;0.036507
17.539;0.034863
17.54;0.036014
17.541;0.036343
17.542;0.036836
17.543;0.037986
17.544;0.03963
17.545;0.039959
17.546;0.041274
17.547;0.041439
17.548;0.044233
17.549;0.044891
17.55;0.047028
17.551;0.047192
17.552;0.048179
17.553;0.049987
17.554;0.049822
17.555;0.05048
17.556;0.050316
17.557;0.049822
17.558;0.050316
17.559;0.051795
17.56;0.051959
17.561;0.052946
17.562;0.055083
17.563;0.056398
17.564;0.059193
17.565;0.060508
17.566;0.061001
17.567;0.062152
17.568;0.062645
17.569;0.062316
17.57;0.062973
17.571;0.063631
17.572;0.063302
17.573;0.063795
17.574;0.065111
17.575;0.064124
17.576;0.065275
17.577;0.065768
17.578;0.067741
17.579;0.068727
17.58;0.069385
17.581;0.071357
17.582;0.073166
17.583;0.074809
17.584;0.073494
17.585;0.074645
17.586;0.074809
17.587;0.075138
17.588;0.075138
17.589;0.07596
17.59;0.076289
17.591;0.075303
17.592;0.075303
17.593;0.075796
17.594;0.076125
17.595;0.076782
17.596;0.077111
17.597;0.07744
17.598;0.08007
17.599;0.080234
17.6;0.079741
17.601;0.079412
17.602;0.079248
17.603;0.078097
17.604;0.077111
17.605;0.076125
17.606;0.075303
17.607;0.073987
17.608;0.074645
17.609;0.073659
17.61;0.072837
17.611;0.072015
17.612;0.072344
17.613;0.07185
17.614;0.07185
17.615;0.07185
17.616;0.071193
17.617;0.070864
17.618;0.068398
17.619;0.066426
17.62;0.064782
17.621;0.063302
17.622;0.061987
17.623;0.059357
17.624;0.059357
17.625;0.057384
17.626;0.055247
17.627;0.055576
17.628;0.055247
17.629;0.052124
17.63;0.052288
17.631;0.051302
17.632;0.051466
17.633;0.048672
17.634;0.049822
17.635;0.047357
17.636;0.044726
17.637;0.043904
17.638;0.041274
17.639;0.039795
17.64;0.038808
17.641;0.036671
17.642;0.033877
17.643;0.033055
17.644;0.032233
17.645;0.032068
17.646;0.030096
17.647;0.030589
17.648;0.03026
17.649;0.029274
17.65;0.029438
17.651;0.027466
17.652;0.025493
17.653;0.024013
17.654;0.022698
17.655;0.02089
17.656;0.018424
17.657;0.017602
17.658;0.016945
17.659;0.015136
17.66;0.013821
17.661;0.015136
17.662;0.014643
17.663;0.013657
17.664;0.012835
17.665;0.013657
17.666;0.012177
17.667;0.012342
17.668;0.01152
17.669;0.009547
17.67;0.00889
17.671;0.006259
17.672;0.006259
17.673;0.005438
17.674;0.003301
17.675;0.002643
17.676;0.001163
17.677;0.002643
17.678;0.001821
17.679;0.000999
17.68;0.001328
17.681;0.001163
17.682;0.002479
17.683;0.002479
17.684;0.001328
17.685;0.001492
17.686;-0.001138
17.687;-0.001796
17.688;-0.001467
17.689;-0.002946
17.69;-0.005741
17.691;-0.004426
17.692;-0.005412
17.693;-0.005905
17.694;-0.004755
17.695;-0.005248
17.696;-0.005741
17.697;-0.005741
17.698;-0.005248
17.699;-0.004755
17.7;-0.004755
17.701;-0.005576
17.702;-0.006234
17.703;-0.008207
17.704;-0.007714
17.705;-0.009029
17.706;-0.008371
17.707;-0.009193
17.708;-0.010673
17.709;-0.009851
17.71;-0.010508
17.711;-0.010015
17.712;-0.010344
17.713;-0.010179
17.714;-0.008864
17.715;-0.007878
17.716;-0.008864
17.717;-0.008042
17.718;-0.008535
17.719;-0.0087
17.72;-0.010508
17.721;-0.009686
17.722;-0.009851
17.723;-0.011166
17.724;-0.011001
17.725;-0.012481
17.726;-0.011494
17.727;-0.011494
17.728;-0.011494
17.729;-0.010837
17.73;-0.011494
17.731;-0.010015
17.732;-0.009686
17.733;-0.009193
17.734;-0.010015
17.735;-0.010344
17.736;-0.011166
17.737;-0.011494
17.738;-0.010179
17.739;-0.011988
17.74;-0.012316
17.741;-0.012152
17.742;-0.01133
17.743;-0.012645
17.744;-0.012481
17.745;-0.011659
17.746;-0.01133
17.747;-0.011166
17.748;-0.010015
17.749;-0.009851
17.75;-0.011166
17.751;-0.009522
17.752;-0.009522
17.753;-0.011166
17.754;-0.010673
17.755;-0.010508
17.756;-0.012316
17.757;-0.012481
17.758;-0.012152
17.759;-0.012152
17.76;-0.012645
17.761;-0.011988
17.762;-0.010508
17.763;-0.010673
17.764;-0.010015
17.765;-0.009357
17.766;-0.008042
17.767;-0.008042
17.768;-0.007385
17.769;-0.009851
17.77;-0.010179
17.771;-0.009522
17.772;-0.010673
17.773;-0.010837
17.774;-0.011494
17.775;-0.01133
17.776;-0.011659
17.777;-0.010837
17.778;-0.010015
17.779;-0.010673
17.78;-0.010673
17.781;-0.0087
17.782;-0.008535
17.783;-0.008042
17.784;-0.009029
17.785;-0.007878
17.786;-0.0087
17.787;-0.009357
17.788;-0.009029
17.789;-0.008864
17.79;-0.011001
17.791;-0.01133
17.792;-0.010508
17.793;-0.010673
17.794;-0.009522
17.795;-0.009686
17.796;-0.0087
17.797;-0.008042
17.798;-0.007056
17.799;-0.008042
17.8;-0.005248
17.801;-0.005576
17.802;-0.007385
17.803;-0.006563
17.804;-0.00722
17.805;-0.008207
17.806;-0.009851
17.807;-0.009522
17.808;-0.0087
17.809;-0.010015
17.81;-0.009851
17.811;-0.009522
17.812;-0.007878
17.813;-0.008864
17.814;-0.008535
17.815;-0.00607
17.816;-0.006892
17.817;-0.004919
17.818;-0.007385
17.819;-0.006892
17.82;-0.006892
17.821;-0.008042
17.822;-0.008042
17.823;-0.008371
17.824;-0.009029
17.825;-0.010344
17.826;-0.009193
17.827;-0.009193
17.828;-0.008864
17.829;-0.009029
17.83;-0.0087
17.831;-0.00722
17.832;-0.007385
17.833;-0.006892
17.834;-0.007714
17.835;-0.005905
17.836;-0.008042
17.837;-0.007714
17.838;-0.007549
17.839;-0.008042
17.84;-0.009686
17.841;-0.009686
17.842;-0.009193
17.843;-0.009851
17.844;-0.009357
17.845;-0.008042
17.846;-0.007878
17.847;-0.008371
17.848;-0.008207
17.849;-0.006563
17.85;-0.00607
17.851;-0.005576
17.852;-0.007385
17.853;-0.007385
17.854;-0.00722
17.855;-0.007878
17.856;-0.008207
17.857;-0.007878
17.858;-0.009357
17.859;-0.010015
17.86;-0.010015
17.861;-0.009686
17.862;-0.009357
17.863;-0.008864
17.864;-0.007385
17.865;-0.007385
17.866;-0.007056
17.867;-0.005741
17.868;-0.006234
17.869;-0.007714
17.87;-0.008042
17.871;-0.007878
17.872;-0.007385
17.873;-0.008207
17.874;-0.009357
17.875;-0.009686
17.876;-0.009686
17.877;-0.010344
17.878;-0.010015
17.879;-0.008207
17.88;-0.008371
17.881;-0.006727
17.882;-0.006398
17.883;-0.00607
17.884;-0.005905
17.885;-0.006234
17.886;-0.0087
17.887;-0.008535
17.888;-0.007385
17.889;-0.0087
17.89;-0.009357
17.891;-0.008864
17.892;-0.008864
17.893;-0.010344
17.894;-0.008864
17.895;-0.0087
17.896;-0.009029
17.897;-0.007878
17.898;-0.007056
17.899;-0.006727
17.9;-0.006727
17.901;-0.00607
17.902;-0.006892
17.903;-0.00722
17.904;-0.009193
17.905;-0.008042
17.906;-0.0087
17.907;-0.008535
17.908;-0.009522
17.909;-0.009357
17.91;-0.009029
17.911;-0.009522
17.912;-0.009851
17.913;-0.0087
17.914;-0.008042
17.915;-0.006892
17.916;-0.006398
17.917;-0.004755
17.918;-0.006398
17.919;-0.007549
17.92;-0.007385
17.921;-0.008371
17.922;-0.007714
17.923;-0.010015
17.924;-0.009851
17.925;-0.009357
17.926;-0.009029
17.927;-0.010673
17.928;-0.0087
17.929;-0.008371
17.93;-0.008864
17.931;-0.007878
17.932;-0.007385
17.933;-0.006398
17.934;-0.006563
17.935;-0.006727
17.936;-0.007549
17.937;-0.007878
17.938;-0.007549
17.939;-0.007549
17.94;-0.008042
17.941;-0.009193
17.942;-0.010673
17.943;-0.009686
17.944;-0.009851
17.945;-0.008864
17.946;-0.008207
17.947;-0.00722
17.948;-0.007056
17.949;-0.006234
17.95;-0.005905
17.951;-0.006234
17.952;-0.006727
17.953;-0.008371
17.954;-0.008042
17.955;-0.007549
17.956;-0.008535
17.957;-0.010508
17.958;-0.0087
17.959;-0.009851
17.96;-0.010015
17.961;-0.009686
17.962;-0.008535
17.963;-0.0087
17.964;-0.007549
17.965;-0.007056
17.966;-0.006727
17.967;-0.006892
17.968;-0.007056
17.969;-0.006563
17.97;-0.006892
17.971;-0.007385
17.972;-0.008864
17.973;-0.008042
17.974;-0.010179
17.975;-0.009029
17.976;-0.010344
17.977;-0.009357
17.978;-0.009851
17.979;-0.008864
17.98;-0.008371
17.981;-0.007714
17.982;-0.006727
17.983;-0.006398
17.984;-0.006727
17.985;-0.00607
17.986;-0.007878
17.987;-0.008371
17.988;-0.008371
17.989;-0.008535
17.99;-0.009029
17.991;-0.010837
17.992;-0.009851
17.993;-0.009686
17.994;-0.008864
17.995;-0.009029
17.996;-0.008207
17.997;-0.008207
17.998;-0.007385
17.999;-0.00722
18;-0.005083
18.001;-0.005741
18.002;-0.007385
18.003;-0.00722
18.004;-0.006234
18.005;-0.00607
18.006;-0.0087
18.007;-0.007714
18.008;-0.008042
18.009;-0.008207
18.01;-0.009357
18.011;-0.008371
18.012;-0.008371
18.013;-0.008371
18.014;-0.008042
18.015;-0.006563
18.016;-0.006234
18.017;-0.006398
18.018;-0.005248
18.019;-0.005741
18.02;-0.006563
18.021;-0.008042
18.022;-0.008864
18.023;-0.008042
18.024;-0.009686
18.025;-0.010508
18.026;-0.010179
18.027;-0.009193
18.028;-0.008864
18.029;-0.009357
18.03;-0.0087
18.031;-0.007878
18.032;-0.00607
18.033;-0.006234
18.034;-0.006234
18.035;-0.006563
18.036;-0.007549
18.037;-0.008042
18.038;-0.008207
18.039;-0.009029
18.04;-0.010508
18.041;-0.009193
18.042;-0.009357
18.043;-0.008864
18.044;-0.008371
18.045;-0.006727
18.046;-0.00722
18.047;-0.005576
18.048;-0.004261
18.049;-0.003604
18.05;-0.003933
18.051;-0.004097
18.052;-0.002782
18.053;-0.004097
18.054;-0.004426
18.055;-0.004919
18.056;-0.003768
18.057;-0.004755
18.058;-0.005083
18.059;-0.005412
18.06;-0.003768
18.061;-0.004261
18.062;-0.00459
18.063;-0.003768
18.064;-0.000809
18.065;-0.000316
18.066;-0.00048
18.067;0.000342
18.068;0.001163
18.069;-0.000152
18.07;-0.001302
18.071;0.00067
18.072;0.000999
18.073;0.000342
18.074;-0.000645
18.075;-0.00048
18.076;1.27E-05
18.077;-0.000152
18.078;0.001328
18.079;0.002972
18.08;0.002807
18.081;0.005766
18.082;0.006753
18.083;0.006917
18.084;0.006753
18.085;0.007081
18.086;0.008397
18.087;0.007246
18.088;0.007246
18.089;0.007575
18.09;0.008561
18.091;0.007903
18.092;0.007739
18.093;0.009547
18.094;0.009712
18.095;0.010534
18.096;0.009712
18.097;0.012013
18.098;0.012835
18.099;0.014808
18.1;0.016123
18.101;0.016452
18.102;0.016452
18.103;0.015465
18.104;0.01563
18.105;0.01563
18.106;0.014479
18.107;0.01415
18.108;0.012013
18.109;0.013493
18.11;0.012671
18.111;0.013328
18.112;0.012177
18.113;0.012671
18.114;0.012013
18.115;0.012835
18.116;0.012506
18.117;0.012999
18.118;0.012506
18.119;0.01152
18.12;0.010698
18.121;0.011356
18.122;0.009054
18.123;0.007081
18.124;0.006424
18.125;0.004616
18.126;0.005109
18.127;0.004944
18.128;0.005273
18.129;0.00478
18.13;0.005602
18.131;0.005438
18.132;0.006259
18.133;0.006095
18.134;0.003958
18.135;0.004122
18.136;0.002972
18.137;0.002314
18.138;0.00215
18.139;0.002643
18.14;0.000506
18.141;-0.001467
18.142;-0.002124
18.143;-0.001631
18.144;-0.001467
18.145;-0.002124
18.146;-0.002124
18.147;-0.002453
18.148;-0.001467
18.149;-0.002617
18.15;-0.000809
18.151;-0.000645
18.152;-0.001631
18.153;-0.001796
18.154;-0.002782
18.155;-0.004755
18.156;-0.004919
18.157;-0.005905
18.158;-0.00607
18.159;-0.007714
18.16;-0.006563
18.161;-0.006727
18.162;-0.007549
18.163;-0.007056
18.164;-0.006234
18.165;-0.005248
18.166;-0.005576
18.167;-0.004755
18.168;-0.006234
18.169;-0.005576
18.17;-0.007385
18.171;-0.007878
18.172;-0.008042
18.173;-0.009029
18.174;-0.009357
18.175;-0.010344
18.176;-0.011001
18.177;-0.009522
18.178;-0.010673
18.179;-0.010015
18.18;-0.0087
18.181;-0.008535
18.182;-0.007385
18.183;-0.008535
18.184;-0.007714
18.185;-0.007549
18.186;-0.008535
18.187;-0.009686
18.188;-0.008042
18.189;-0.010673
18.19;-0.010837
18.191;-0.011494
18.192;-0.011659
18.193;-0.011823
18.194;-0.01133
18.195;-0.011988
18.196;-0.013303
18.197;-0.012316
18.198;-0.011823
18.199;-0.010508
18.2;-0.011988
18.201;-0.012974
18.202;-0.012974
18.203;-0.014618
18.204;-0.017412
18.205;-0.018563
18.206;-0.020043
18.207;-0.023002
18.208;-0.026454
18.209;-0.028098
18.21;-0.029742
18.211;-0.032372
18.212;-0.033522
18.213;-0.037468
18.214;-0.036646
18.215;-0.03681
18.216;-0.03829
18.217;-0.039112
18.218;-0.038783
18.219;-0.040591
18.22;-0.039934
18.221;-0.037468
18.222;-0.033687
18.223;-0.03155
18.224;-0.027276
18.225;-0.019385
18.226;-0.012974
18.227;-0.00196
18.228;0.005766
18.229;0.018917
18.23;0.029438
18.231;0.042754
18.232;0.056069
18.233;0.069549
18.234;0.081549
18.235;0.094865
18.236;0.106865
18.237;0.119359
18.238;0.131688
18.239;0.142702
18.24;0.153551
18.241;0.162922
18.242;0.170812
18.243;0.177223
18.244;0.183306
18.245;0.186593
18.246;0.184621
18.247;0.180182
18.248;0.17262
18.249;0.161113
18.25;0.147798
18.251;0.13366
18.252;0.117222
18.253;0.101605
18.254;0.087796
18.255;0.075631
18.256;0.064289
18.257;0.052453
18.258;0.042918
18.259;0.036178
18.26;0.027466
18.261;0.021712
18.262;0.013821
18.263;0.010698
18.264;0.005273
18.265;0.002807
18.266;-0.000316
18.267;-0.003768
18.268;-0.006398
18.269;-0.008535
18.27;-0.011988
18.271;-0.013138
18.272;-0.01396
18.273;-0.015111
18.274;-0.015275
18.275;-0.01659
18.276;-0.01659
18.277;-0.017577
18.278;-0.015933
18.279;-0.015111
18.28;-0.013796
18.281;-0.01281
18.282;-0.009686
18.283;-0.008535
18.284;-0.005412
18.285;-0.003111
18.286;-0.003111
18.287;-0.003275
18.288;-0.000316
18.289;0.001328
18.29;0.001657
18.291;0.001328
18.292;-0.000152
18.293;0.00215
18.294;0.001492
18.295;0.003629
18.296;0.003629
18.297;0.005109
18.298;0.006095
18.299;0.006917
18.3;0.007081
18.301;0.006095
18.302;0.005109
18.303;0.003301
18.304;0.004122
18.305;0.000835
18.306;0.000835
18.307;-0.000974
18.308;0.000177
18.309;-0.001467
18.31;-0.001467
18.311;-0.001631
18.312;-0.000152
18.313;-0.000316
18.314;0.000342
18.315;0.00067
18.316;0.001985
18.317;0.001657
18.318;0.001163
18.319;0.000999
18.32;-0.000974
18.321;1.27E-05
18.322;-0.001302
18.323;0.000177
18.324;-0.001467
18.325;1.27E-05
18.326;-0.001302
18.327;-0.000152
18.328;-0.000316
18.329;-0.000152
18.33;0.001492
18.331;0.002807
18.332;0.002807
18.333;0.002807
18.334;0.004451
18.335;0.002972
18.336;0.003629
18.337;0.004287
18.338;0.005438
18.339;0.002972
18.34;0.003465
18.341;0.003958
18.342;0.003794
18.343;0.004287
18.344;0.004451
18.345;0.005273
18.346;0.006095
18.347;0.006753
18.348;0.007246
18.349;0.009218
18.35;0.01004
18.351;0.010698
18.352;0.009876
18.353;0.011191
18.354;0.010205
18.355;0.011191
18.356;0.009218
18.357;0.011191
18.358;0.009712
18.359;0.011191
18.36;0.011356
18.361;0.012177
18.362;0.012671
18.363;0.014315
18.364;0.015136
18.365;0.016287
18.366;0.016452
18.367;0.017602
18.368;0.020397
18.369;0.019246
18.37;0.018917
18.371;0.018424
18.372;0.021219
18.373;0.019904
18.374;0.021219
18.375;0.020068
18.376;0.020397
18.377;0.021054
18.378;0.022698
18.379;0.024178
18.38;0.025493
18.381;0.02615
18.382;0.027466
18.383;0.028452
18.384;0.03026
18.385;0.030753
18.386;0.030425
18.387;0.030425
18.388;0.030096
18.389;0.031082
18.39;0.030918
18.391;0.031575
18.392;0.033384
18.393;0.032397
18.394;0.033877
18.395;0.034699
18.396;0.036836
18.397;0.037822
18.398;0.040123
18.399;0.041767
18.4;0.040945
18.401;0.042261
18.402;0.044726
18.403;0.042918
18.404;0.042754
18.405;0.042918
18.406;0.04374
18.407;0.04522
18.408;0.045055
18.409;0.046699
18.41;0.047521
18.411;0.049
18.412;0.049329
18.413;0.051138
18.414;0.052617
18.415;0.052781
18.416;0.054096
18.417;0.057549
18.418;0.057055
18.419;0.058864
18.42;0.057877
18.421;0.059193
18.422;0.059357
18.423;0.059193
18.424;0.059686
18.425;0.060343
18.426;0.060836
18.427;0.061823
18.428;0.063467
18.429;0.063631
18.43;0.065439
18.431;0.065111
18.432;0.06807
18.433;0.070042
18.434;0.070864
18.435;0.069713
18.436;0.070371
18.437;0.069549
18.438;0.071028
18.439;0.070864
18.44;0.071686
18.441;0.072344
18.442;0.073001
18.443;0.072508
18.444;0.073823
18.445;0.074481
18.446;0.074152
18.447;0.077768
18.448;0.077604
18.449;0.079577
18.45;0.078097
18.451;0.080234
18.452;0.078755
18.453;0.078262
18.454;0.07859
18.455;0.07859
18.456;0.077275
18.457;0.077111
18.458;0.076782
18.459;0.075303
18.46;0.075138
18.461;0.074316
18.462;0.075303
18.463;0.075138
18.464;0.07596
18.465;0.075303
18.466;0.075467
18.467;0.075303
18.468;0.074152
18.469;0.072672
18.47;0.070864
18.471;0.069056
18.472;0.06922
18.473;0.067905
18.474;0.066261
18.475;0.064124
18.476;0.062973
18.477;0.062316
18.478;0.061001
18.479;0.060014
18.48;0.058864
18.481;0.060014
18.482;0.058864
18.483;0.057877
18.484;0.055247
18.485;0.055083
18.486;0.053275
18.487;0.051631
18.488;0.050316
18.489;0.048836
18.49;0.046041
18.491;0.04374
18.492;0.042425
18.493;0.03963
18.494;0.039959
18.495;0.038644
18.496;0.038808
18.497;0.037658
18.498;0.035685
18.499;0.036178
18.5;0.035027
18.501;0.033712
18.502;0.032068
18.503;0.030753
18.504;0.028616
18.505;0.02763
18.506;0.02615
18.507;0.024671
18.508;0.023849
18.509;0.021712
18.51;0.020561
18.511;0.019575
18.512;0.019411
18.513;0.017438
18.514;0.017109
18.515;0.017602
18.516;0.017931
18.517;0.017767
18.518;0.01563
18.519;0.014643
18.52;0.012999
18.521;0.013328
18.522;0.011356
18.523;0.008725
18.524;0.00741
18.525;0.007903
18.526;0.005931
18.527;0.006095
18.528;0.00478
18.529;0.004451
18.53;0.00478
18.531;0.003629
18.532;0.00478
18.533;0.005438
18.534;0.00478
18.535;0.002479
18.536;0.001985
18.537;0.000999
18.538;0.000835
18.539;0.000177
18.54;-0.001796
18.541;-0.002782
18.542;-0.002782
18.543;-0.003604
18.544;-0.004261
18.545;-0.003439
18.546;-0.004261
18.547;-0.004097
18.548;-0.003933
18.549;-0.002289
18.55;-0.002946
18.551;-0.003275
18.552;-0.004097
18.553;-0.005412
18.554;-0.006398
18.555;-0.006727
18.556;-0.006892
18.557;-0.008042
18.558;-0.009686
18.559;-0.009522
18.56;-0.010015
18.561;-0.010508
18.562;-0.009851
18.563;-0.010508
18.564;-0.008864
18.565;-0.008535
18.566;-0.00722
18.567;-0.006727
18.568;-0.007878
18.569;-0.008042
18.57;-0.010179
18.571;-0.008864
18.572;-0.010179
18.573;-0.010837
18.574;-0.011988
18.575;-0.012645
18.576;-0.012481
18.577;-0.011659
18.578;-0.012316
18.579;-0.011001
18.58;-0.010508
18.581;-0.011166
18.582;-0.009851
18.583;-0.008864
18.584;-0.010015
18.585;-0.008864
18.586;-0.010508
18.587;-0.010673
18.588;-0.010673
18.589;-0.01281
18.59;-0.011494
18.591;-0.012645
18.592;-0.01281
18.593;-0.013303
18.594;-0.013631
18.595;-0.012974
18.596;-0.012974
18.597;-0.01133
18.598;-0.010344
18.599;-0.009851
18.6;-0.009357
18.601;-0.009851
18.602;-0.009029
18.603;-0.009686
18.604;-0.011001
18.605;-0.011166
18.606;-0.012481
18.607;-0.012316
18.608;-0.013303
18.609;-0.012481
18.61;-0.011494
18.611;-0.011823
18.612;-0.012645
18.613;-0.011659
18.614;-0.010344
18.615;-0.010344
18.616;-0.009851
18.617;-0.009029
18.618;-0.008371
18.619;-0.009522
18.62;-0.009193
18.621;-0.010673
18.622;-0.009686
18.623;-0.011001
18.624;-0.011001
18.625;-0.011494
18.626;-0.011166
18.627;-0.011494
18.628;-0.011166
18.629;-0.011823
18.63;-0.010015
18.631;-0.008864
18.632;-0.009522
18.633;-0.008535
18.634;-0.008207
18.635;-0.007056
18.636;-0.008864
18.637;-0.010837
18.638;-0.010015
18.639;-0.009193
18.64;-0.011823
18.641;-0.010837
18.642;-0.012152
18.643;-0.011166
18.644;-0.011166
18.645;-0.011823
18.646;-0.010179
18.647;-0.009029
18.648;-0.009029
18.649;-0.007878
18.65;-0.006398
18.651;-0.006892
18.652;-0.007549
18.653;-0.008371
18.654;-0.008535
18.655;-0.009029
18.656;-0.009851
18.657;-0.010508
18.658;-0.009686
18.659;-0.009686
18.66;-0.009851
18.661;-0.009357
18.662;-0.009686
18.663;-0.008864
18.664;-0.008864
18.665;-0.007056
18.666;-0.006563
18.667;-0.006563
18.668;-0.006563
18.669;-0.007385
18.67;-0.006892
18.671;-0.008042
18.672;-0.009029
18.673;-0.009029
18.674;-0.009193
18.675;-0.010508
18.676;-0.010508
18.677;-0.009686
18.678;-0.009851
18.679;-0.009522
18.68;-0.007714
18.681;-0.008535
18.682;-0.00722
18.683;-0.006563
18.684;-0.00607
18.685;-0.006234
18.686;-0.006234
18.687;-0.008207
18.688;-0.008207
18.689;-0.008207
18.69;-0.0087
18.691;-0.010508
18.692;-0.009686
18.693;-0.010179
18.694;-0.010508
18.695;-0.009357
18.696;-0.008207
18.697;-0.007878
18.698;-0.007549
18.699;-0.005412
18.7;-0.005576
18.701;-0.006234
18.702;-0.007056
18.703;-0.007878
18.704;-0.007878
18.705;-0.008371
18.706;-0.009522
18.707;-0.008864
18.708;-0.009686
18.709;-0.010673
18.71;-0.009522
18.711;-0.009193
18.712;-0.009522
18.713;-0.009029
18.714;-0.007878
18.715;-0.006727
18.716;-0.007056
18.717;-0.007385
18.718;-0.006234
18.719;-0.00722
18.72;-0.007714
18.721;-0.007878
18.722;-0.009029
18.723;-0.009522
18.724;-0.009851
18.725;-0.009851
18.726;-0.009851
18.727;-0.009522
18.728;-0.008864
18.729;-0.009029
18.73;-0.008535
18.731;-0.008535
18.732;-0.008042
18.733;-0.00607
18.734;-0.005741
18.735;-0.006398
18.736;-0.00722
18.737;-0.0087
18.738;-0.007714
18.739;-0.009193
18.74;-0.009193
18.741;-0.009357
18.742;-0.009851
18.743;-0.009851
18.744;-0.009029
18.745;-0.009522
18.746;-0.008864
18.747;-0.009029
18.748;-0.008371
18.749;-0.006727
18.75;-0.007714
18.751;-0.007056
18.752;-0.006563
18.753;-0.008207
18.754;-0.008864
18.755;-0.008535
18.756;-0.009193
18.757;-0.009851
18.758;-0.009686
18.759;-0.008535
18.76;-0.010015
18.761;-0.009686
18.762;-0.009357
18.763;-0.008864
18.764;-0.008042
18.765;-0.00722
18.766;-0.006234
18.767;-0.005905
18.768;-0.005412
18.769;-0.006892
18.77;-0.008371
18.771;-0.008042
18.772;-0.008864
18.773;-0.009193
18.774;-0.009686
18.775;-0.009851
18.776;-0.009686
18.777;-0.009193
18.778;-0.009029
18.779;-0.009686
18.78;-0.008864
18.781;-0.007714
18.782;-0.007878
18.783;-0.006234
18.784;-0.006398
18.785;-0.00722
18.786;-0.007056
18.787;-0.009357
18.788;-0.0087
18.789;-0.009357
18.79;-0.009686
18.791;-0.008864
18.792;-0.010179
18.793;-0.010179
18.794;-0.008864
18.795;-0.010179
18.796;-0.009686
18.797;-0.008207
18.798;-0.007878
18.799;-0.006727
18.8;-0.007056
18.801;-0.007056
18.802;-0.006892
18.803;-0.006892
18.804;-0.008535
18.805;-0.008042
18.806;-0.009029
18.807;-0.009029
18.808;-0.008864
18.809;-0.009522
18.81;-0.010508
18.811;-0.009851
18.812;-0.008042
18.813;-0.009686
18.814;-0.008535
18.815;-0.006892
18.816;-0.007056
18.817;-0.006398
18.818;-0.006563
18.819;-0.007878
18.82;-0.00722
18.821;-0.008042
18.822;-0.007878
18.823;-0.009357
18.824;-0.009851
18.825;-0.009357
18.826;-0.010508
18.827;-0.009357
18.828;-0.009686
18.829;-0.009686
18.83;-0.009522
18.831;-0.008042
18.832;-0.006892
18.833;-0.005741
18.834;-0.006563
18.835;-0.006398
18.836;-0.006234
18.837;-0.008371
18.838;-0.007714
18.839;-0.0087
18.84;-0.009357
18.841;-0.009029
18.842;-0.010344
18.843;-0.010344
18.844;-0.010508
18.845;-0.008864
18.846;-0.008042
18.847;-0.008535
18.848;-0.006727
18.849;-0.00722
18.85;-0.005905
18.851;-0.005576
18.852;-0.006892
18.853;-0.006727
18.854;-0.008042
18.855;-0.0087
18.856;-0.0087
18.857;-0.009522
18.858;-0.009522
18.859;-0.008535
18.86;-0.008207
18.861;-0.007056
18.862;-0.008864
18.863;-0.007878
18.864;-0.007878
18.865;-0.006727
18.866;-0.006234
18.867;-0.005248
18.868;-0.006398
18.869;-0.005576
18.87;-0.007385
18.871;-0.007714
18.872;-0.007056
18.873;-0.0087
18.874;-0.009029
18.875;-0.009357
18.876;-0.009029
18.877;-0.009029
18.878;-0.009686
18.879;-0.009357
18.88;-0.007549
18.881;-0.008042
18.882;-0.007385
18.883;-0.006563
18.884;-0.006727
18.885;-0.006727
18.886;-0.006892
18.887;-0.00722
18.888;-0.008864
18.889;-0.009029
18.89;-0.009357
18.891;-0.010179
18.892;-0.010015
18.893;-0.010837
18.894;-0.010179
18.895;-0.009522
18.896;-0.008042
18.897;-0.008207
18.898;-0.006727
18.899;-0.006727
18.9;-0.005412
18.901;-0.005083
18.902;-0.005083
18.903;-0.004755
18.904;-0.004261
18.905;-0.006234
18.906;-0.00607
18.907;-0.005248
18.908;-0.007385
18.909;-0.00607
18.91;-0.005412
18.911;-0.004755
18.912;-0.004097
18.913;-0.00459
18.914;-0.003275
18.915;-0.002124
18.916;-0.001796
18.917;-0.001467
18.918;-0.000974
18.919;-0.001631
18.92;-0.001467
18.921;-0.002782
18.922;-0.002124
18.923;-0.003439
18.924;-0.002782
18.925;-0.002782
18.926;-0.001796
18.927;-0.001138
18.928;-0.001467
18.929;-0.000645
18.93;1.27E-05
18.931;0.000506
18.932;0.00215
18.933;0.002972
18.934;0.004122
18.935;0.00478
18.936;0.004122
18.937;0.004944
18.938;0.005766
18.939;0.004287
18.94;0.00478
18.941;0.006095
18.942;0.005602
18.943;0.005273
18.944;0.004944
18.945;0.007246
18.946;0.008068
18.947;0.010534
18.948;0.009876
18.949;0.011356
18.95;0.011849
18.951;0.013164
18.952;0.013493
18.953;0.012999
18.954;0.012177
18.955;0.013493
18.956;0.013328
18.957;0.01415
18.958;0.011849
18.959;0.014479
18.96;0.01415
18.961;0.014315
18.962;0.013821
18.963;0.015794
18.964;0.013986
18.965;0.015794
18.966;0.01563
18.967;0.016287
18.968;0.015136
18.969;0.01415
18.97;0.012013
18.971;0.011849
18.972;0.01004
18.973;0.01004
18.974;0.009876
18.975;0.009547
18.976;0.008232
18.977;0.008561
18.978;0.008725
18.979;0.007246
18.98;0.006588
18.981;0.008068
18.982;0.008561
18.983;0.00741
18.984;0.00741
18.985;0.008232
18.986;0.006917
18.987;0.005438
18.988;0.004944
18.989;0.002972
18.99;0.002479
18.991;0.001492
18.992;0.000506
18.993;0.000506
18.994;0.000999
18.995;0.00067
18.996;0.001163
18.997;0.001492
18.998;0.000506
18.999;0.000835
19;0.001657
19.001;0.000999
19.002;0.001492
19.003;-0.001631
19.004;-0.002124
19.005;-0.002617
19.006;-0.004097
19.007;-0.00459
19.008;-0.005083
19.009;-0.004919
19.01;-0.005083
19.011;-0.005412
19.012;-0.006234
19.013;-0.005412
19.014;-0.006398
19.015;-0.005248
19.016;-0.004755
19.017;-0.003933
19.018;-0.003111
19.019;-0.005576
19.02;-0.004919
19.021;-0.006398
19.022;-0.006398
19.023;-0.007549
19.024;-0.007385
19.025;-0.009193
19.026;-0.009686
19.027;-0.009851
19.028;-0.009522
19.029;-0.009193
19.03;-0.008042
19.031;-0.007549
19.032;-0.007549
19.033;-0.005576
19.034;-0.005741
19.035;-0.00607
19.036;-0.00607
19.037;-0.007714
19.038;-0.008207
19.039;-0.009357
19.04;-0.010179
19.041;-0.010344
19.042;-0.010508
19.043;-0.011823
19.044;-0.010673
19.045;-0.009686
19.046;-0.010179
19.047;-0.010344
19.048;-0.009357
19.049;-0.008535
19.05;-0.008042
19.051;-0.009029
19.052;-0.009193
19.053;-0.010179
19.054;-0.012645
19.055;-0.012152
19.056;-0.014289
19.057;-0.014947
19.058;-0.015933
19.059;-0.017741
19.06;-0.018234
19.061;-0.019385
19.062;-0.0207
19.063;-0.023002
19.064;-0.024646
19.065;-0.026289
19.066;-0.027605
19.067;-0.02892
19.068;-0.03155
19.069;-0.034509
19.07;-0.035824
19.071;-0.039112
19.072;-0.040098
19.073;-0.040591
19.074;-0.042893
19.075;-0.042399
19.076;-0.040756
19.077;-0.038783
19.078;-0.035166
19.079;-0.029577
19.08;-0.02481
19.081;-0.018563
19.082;-0.008535
19.083;0.001492
19.084;0.011027
19.085;0.021548
19.086;0.030753
19.087;0.04374
19.088;0.054261
19.089;0.067083
19.09;0.079412
19.091;0.09207
19.092;0.104564
19.093;0.118701
19.094;0.132017
19.095;0.142702
19.096;0.154045
19.097;0.165881
19.098;0.173114
19.099;0.180676
19.1;0.186758
19.101;0.188731
19.102;0.187415
19.103;0.181826
19.104;0.171634
19.105;0.158812
19.106;0.146483
19.107;0.129222
19.108;0.114591
19.109;0.099139
19.11;0.085002
19.111;0.072837
19.112;0.063631
19.113;0.053603
19.114;0.04637
19.115;0.03848
19.116;0.030753
19.117;0.024178
19.118;0.017767
19.119;0.011684
19.12;0.004616
19.121;0.000999
19.122;-0.002289
19.123;-0.006398
19.124;-0.0087
19.125;-0.011659
19.126;-0.01396
19.127;-0.013796
19.128;-0.014453
19.129;-0.015769
19.13;-0.015111
19.131;-0.015111
19.132;-0.014453
19.133;-0.014289
19.134;-0.013138
19.135;-0.01396
19.136;-0.011001
19.137;-0.011823
19.138;-0.011001
19.139;-0.010179
19.14;-0.008535
19.141;-0.006563
19.142;-0.006234
19.143;-0.00459
19.144;-0.002453
19.145;-0.001138
19.146;0.001821
19.147;0.002643
19.148;0.003958
19.149;0.003958
19.15;0.005602
19.151;0.006588
19.152;0.006424
19.153;0.005602
19.154;0.004944
19.155;0.005273
19.156;0.004122
19.157;0.002807
19.158;0.001492
19.159;0.001985
19.16;0.000999
19.161;0.001328
19.162;0.000835
19.163;0.000506
19.164;0.000999
19.165;0.00067
19.166;0.000835
19.167;0.001163
19.168;0.00215
19.169;0.000342
19.17;0.001163
19.171;-0.000152
19.172;-0.000645
19.173;-0.000809
19.174;-0.002124
19.175;-0.002124
19.176;-0.001467
19.177;-0.001138
19.178;-0.001302
19.179;-0.000974
19.18;0.000506
19.181;0.001985
19.182;0.001492
19.183;0.003136
19.184;0.002643
19.185;0.003629
19.186;0.001821
19.187;0.003136
19.188;0.002807
19.189;0.002479
19.19;0.001163
19.191;0.000506
19.192;0.000177
19.193;0.001163
19.194;0.001985
19.195;0.002643
19.196;0.003958
19.197;0.004944
19.198;0.006259
19.199;0.005766
19.2;0.007739
19.201;0.007903
19.202;0.009218
19.203;0.00741
19.204;0.007575
19.205;0.00741
19.206;0.006753
19.207;0.008232
19.208;0.007575
19.209;0.006917
19.21;0.007739
19.211;0.008725
19.212;0.01004
19.213;0.012342
19.214;0.010862
19.215;0.012506
19.216;0.014315
19.217;0.015136
19.218;0.014643
19.219;0.016123
19.22;0.015958
19.221;0.016452
19.222;0.015465
19.223;0.015794
19.224;0.016452
19.225;0.016945
19.226;0.016945
19.227;0.017274
19.228;0.018424
19.229;0.019411
19.23;0.021712
19.231;0.02237
19.232;0.022863
19.233;0.025329
19.234;0.026315
19.235;0.026972
19.236;0.027466
19.237;0.028123
19.238;0.026315
19.239;0.026315
19.24;0.026808
19.241;0.027301
19.242;0.028616
19.243;0.028123
19.244;0.029438
19.245;0.029931
19.246;0.03174
19.247;0.033877
19.248;0.034534
19.249;0.036178
19.25;0.037329
19.251;0.038644
19.252;0.039137
19.253;0.039137
19.254;0.038644
19.255;0.040123
19.256;0.040452
19.257;0.040945
19.258;0.040452
19.259;0.041603
19.26;0.042425
19.261;0.042261
19.262;0.044069
19.263;0.045055
19.264;0.046863
19.265;0.049
19.266;0.05048
19.267;0.051959
19.268;0.053439
19.269;0.05311
19.27;0.053932
19.271;0.051959
19.272;0.054096
19.273;0.053932
19.274;0.054096
19.275;0.05574
19.276;0.056234
19.277;0.057713
19.278;0.056891
19.279;0.059193
19.28;0.06133
19.281;0.061987
19.282;0.062973
19.283;0.064617
19.284;0.066261
19.285;0.067576
19.286;0.066261
19.287;0.065275
19.288;0.066754
19.289;0.066754
19.29;0.067083
19.291;0.067576
19.292;0.067905
19.293;0.06807
19.294;0.069549
19.295;0.070207
19.296;0.071522
19.297;0.072344
19.298;0.074809
19.299;0.076289
19.3;0.078097
19.301;0.078262
19.302;0.078262
19.303;0.078097
19.304;0.077933
19.305;0.076782
19.306;0.076453
19.307;0.076782
19.308;0.074809
19.309;0.077275
19.31;0.076125
19.311;0.076946
19.312;0.076289
19.313;0.076782
19.314;0.077275
19.315;0.077933
19.316;0.077768
19.317;0.077275
19.318;0.07744
19.319;0.076946
19.32;0.077111
19.321;0.074809
19.322;0.074316
19.323;0.072672
19.324;0.072344
19.325;0.070371
19.326;0.069713
19.327;0.068727
19.328;0.067412
19.329;0.066919
19.33;0.067412
19.331;0.065604
19.332;0.065439
19.333;0.064782
19.334;0.064453
19.335;0.062809
19.336;0.060672
19.337;0.059357
19.338;0.058699
19.339;0.056069
19.34;0.053768
19.341;0.052288
19.342;0.049329
19.343;0.049658
19.344;0.049
19.345;0.047521
19.346;0.045055
19.347;0.045055
19.348;0.043576
19.349;0.044726
19.35;0.044069
19.351;0.042096
19.352;0.040945
19.353;0.037493
19.354;0.036671
19.355;0.034699
19.356;0.033219
19.357;0.030096
19.358;0.030425
19.359;0.027959
19.36;0.027794
19.361;0.027301
19.362;0.025164
19.363;0.025657
19.364;0.025493
19.365;0.024342
19.366;0.023685
19.367;0.023191
19.368;0.02089
19.369;0.020232
19.37;0.018917
19.371;0.017109
19.372;0.015301
19.373;0.014972
19.374;0.012835
19.375;0.012013
19.376;0.011027
19.377;0.010369
19.378;0.01004
19.379;0.009547
19.38;0.008232
19.381;0.008561
19.382;0.008068
19.383;0.008068
19.384;0.008232
19.385;0.007575
19.386;0.005931
19.387;0.002972
19.388;0.004287
19.389;0.003465
19.39;0.00215
19.391;-0.000152
19.392;-0.00048
19.393;-0.00048
19.394;0.000177
19.395;-0.000974
19.396;-0.000809
19.397;-0.00196
19.398;-0.00048
19.399;-0.000809
19.4;-0.000974
19.401;1.27E-05
19.402;-0.002124
19.403;-0.001631
19.404;-0.004426
19.405;-0.003604
19.406;-0.006563
19.407;-0.005576
19.408;-0.006892
19.409;-0.006234
19.41;-0.007714
19.411;-0.007385
19.412;-0.007056
19.413;-0.00722
19.414;-0.00722
19.415;-0.00722
19.416;-0.006398
19.417;-0.007385
19.418;-0.00607
19.419;-0.007714
19.42;-0.007714
19.421;-0.008864
19.422;-0.009522
19.423;-0.009851
19.424;-0.010508
19.425;-0.01133
19.426;-0.011823
19.427;-0.011166
19.428;-0.01133
19.429;-0.010673
19.43;-0.010508
19.431;-0.010673
19.432;-0.010015
19.433;-0.009029
19.434;-0.008864
19.435;-0.008535
19.436;-0.010015
19.437;-0.010508
19.438;-0.010673
19.439;-0.010179
19.44;-0.012645
19.441;-0.011494
19.442;-0.012481
19.443;-0.011988
19.444;-0.011494
19.445;-0.012152
19.446;-0.013467
19.447;-0.012481
19.448;-0.011659
19.449;-0.010015
19.45;-0.009193
19.451;-0.010673
19.452;-0.009851
19.453;-0.009522
19.454;-0.009357
19.455;-0.012645
19.456;-0.01133
19.457;-0.012481
19.458;-0.011988
19.459;-0.013303
19.46;-0.013796
19.461;-0.012645
19.462;-0.01281
19.463;-0.012152
19.464;-0.010837
19.465;-0.010344
19.466;-0.010508
19.467;-0.009522
19.468;-0.009357
19.469;-0.009686
19.47;-0.012481
19.471;-0.010508
19.472;-0.011823
19.473;-0.010179
19.474;-0.011659
19.475;-0.011494
19.476;-0.010344
19.477;-0.011823
19.478;-0.010837
19.479;-0.010673
19.48;-0.010837
19.481;-0.009522
19.482;-0.009357
19.483;-0.0087
19.484;-0.0087
19.485;-0.009522
19.486;-0.007549
19.487;-0.010015
19.488;-0.008371
19.489;-0.011001
19.49;-0.010179
19.491;-0.01133
19.492;-0.011823
19.493;-0.01133
19.494;-0.011988
19.495;-0.010837
19.496;-0.01133
19.497;-0.009193
19.498;-0.010015
19.499;-0.007549
19.5;-0.008535
19.501;-0.006563
19.502;-0.00722
19.503;-0.008042
19.504;-0.010015
19.505;-0.009193
19.506;-0.009686
19.507;-0.009686
19.508;-0.009522
19.509;-0.011166
19.51;-0.010508
19.511;-0.011659
19.512;-0.009851
19.513;-0.0087
19.514;-0.00722
19.515;-0.008207
19.516;-0.00722
19.517;-0.005741
19.518;-0.005741
19.519;-0.007878
19.52;-0.007714
19.521;-0.007714
19.522;-0.008042
19.523;-0.009029
19.524;-0.009851
19.525;-0.009522
19.526;-0.009851
19.527;-0.009029
19.528;-0.009522
19.529;-0.008535
19.53;-0.008864
19.531;-0.007385
19.532;-0.007714
19.533;-0.005576
19.534;-0.00722
19.535;-0.005741
19.536;-0.007056
19.537;-0.006892
19.538;-0.007714
19.539;-0.008207
19.54;-0.008535
19.541;-0.009029
19.542;-0.008371
19.543;-0.009029
19.544;-0.009357
19.545;-0.009851
19.546;-0.0087
19.547;-0.0087
19.548;-0.00722
19.549;-0.007549
19.55;-0.005576
19.551;-0.006727
19.552;-0.005741
19.553;-0.006727
19.554;-0.007056
19.555;-0.008207
19.556;-0.009029
19.557;-0.008042
19.558;-0.009029
19.559;-0.009686
19.56;-0.010673
19.561;-0.0087
19.562;-0.009029
19.563;-0.007878
19.564;-0.008042
19.565;-0.007385
19.566;-0.005576
19.567;-0.00459
19.568;-0.006727
19.569;-0.00607
19.57;-0.007385
19.571;-0.006727
19.572;-0.007878
19.573;-0.0087
19.574;-0.009522
19.575;-0.010179
19.576;-0.009357
19.577;-0.010344
19.578;-0.008535
19.579;-0.009193
19.58;-0.0087
19.581;-0.008042
19.582;-0.006563
19.583;-0.006727
19.584;-0.005248
19.585;-0.006563
19.586;-0.006563
19.587;-0.006892
19.588;-0.007878
19.589;-0.007549
19.59;-0.007714
19.591;-0.008864
19.592;-0.009851
19.593;-0.009357
19.594;-0.011001
19.595;-0.010344
19.596;-0.008864
19.597;-0.0087
19.598;-0.0087
19.599;-0.00722
19.6;-0.005248
19.601;-0.00607
19.602;-0.006563
19.603;-0.006398
19.604;-0.007714
19.605;-0.008371
19.606;-0.009357
19.607;-0.009357
19.608;-0.010015
19.609;-0.01133
19.61;-0.009851
19.611;-0.010673
19.612;-0.008371
19.613;-0.009686
19.614;-0.007714
19.615;-0.007385
19.616;-0.007056
19.617;-0.00722
19.618;-0.007056
19.619;-0.00722
19.62;-0.006727
19.621;-0.007714
19.622;-0.009686
19.623;-0.008371
19.624;-0.009851
19.625;-0.010015
19.626;-0.009686
19.627;-0.009193
19.628;-0.010508
19.629;-0.0087
19.63;-0.0087
19.631;-0.007714
19.632;-0.007549
19.633;-0.006234
19.634;-0.006398
19.635;-0.005741
19.636;-0.006563
19.637;-0.006727
19.638;-0.008371
19.639;-0.008535
19.64;-0.008371
19.641;-0.009029
19.642;-0.008864
19.643;-0.011166
19.644;-0.010015
19.645;-0.009522
19.646;-0.008864
19.647;-0.009193
19.648;-0.007549
19.649;-0.007549
19.65;-0.005412
19.651;-0.005412
19.652;-0.005905
19.653;-0.006892
19.654;-0.008042
19.655;-0.0087
19.656;-0.010179
19.657;-0.008371
19.658;-0.010179
19.659;-0.010508
19.66;-0.010179
19.661;-0.009522
19.662;-0.009522
19.663;-0.007549
19.664;-0.007714
19.665;-0.007549
19.666;-0.00722
19.667;-0.005905
19.668;-0.006727
19.669;-0.007056
19.67;-0.007385
19.671;-0.008207
19.672;-0.008042
19.673;-0.010508
19.674;-0.008864
19.675;-0.009193
19.676;-0.008371
19.677;-0.009851
19.678;-0.009193
19.679;-0.008371
19.68;-0.007878
19.681;-0.008535
19.682;-0.007056
19.683;-0.005905
19.684;-0.006563
19.685;-0.00607
19.686;-0.006398
19.687;-0.006398
19.688;-0.009522
19.689;-0.008207
19.69;-0.009193
19.691;-0.009193
19.692;-0.011001
19.693;-0.010344
19.694;-0.010344
19.695;-0.009357
19.696;-0.009029
19.697;-0.008535
19.698;-0.007714
19.699;-0.006398
19.7;-0.005905
19.701;-0.00459
19.702;-0.005412
19.703;-0.006727
19.704;-0.007385
19.705;-0.008535
19.706;-0.007549
19.707;-0.009851
19.708;-0.0087
19.709;-0.010015
19.71;-0.010508
19.711;-0.009193
19.712;-0.008042
19.713;-0.007714
19.714;-0.007385
19.715;-0.005741
19.716;-0.004426
19.717;-0.003604
19.718;-0.005248
19.719;-0.005741
19.72;-0.005576
19.721;-0.006892
19.722;-0.009029
19.723;-0.009686
19.724;-0.009193
19.725;-0.0087
19.726;-0.010015
19.727;-0.009357
19.728;-0.008864
19.729;-0.007549
19.73;-0.007878
19.731;-0.007056
19.732;-0.00722
19.733;-0.006727
19.734;-0.005412
19.735;-0.005905
19.736;-0.005412
19.737;-0.007385
19.738;-0.007878
19.739;-0.008864
19.74;-0.008535
19.741;-0.009522
19.742;-0.008864
19.743;-0.009357
19.744;-0.010179
19.745;-0.009522
19.746;-0.009357
19.747;-0.007549
19.748;-0.007385
19.749;-0.007385
19.75;-0.006398
19.751;-0.005576
19.752;-0.006727
19.753;-0.006727
19.754;-0.005576
19.755;-0.007878
19.756;-0.007714
19.757;-0.008042
19.758;-0.00722
19.759;-0.007714
19.76;-0.006727
19.761;-0.007056
19.762;-0.00607
19.763;-0.006727
19.764;-0.00459
19.765;-0.003768
19.766;-0.002124
19.767;-0.001631
19.768;-0.001467
19.769;-0.002453
19.77;-0.001467
19.771;-0.003439
19.772;-0.002617
19.773;-0.004261
19.774;-0.004919
19.775;-0.00459
19.776;-0.003275
19.777;-0.002946
19.778;-0.003439
19.779;-0.002782
19.78;-0.000316
19.781;-0.000152
19.782;0.000835
19.783;0.001163
19.784;0.00215
19.785;0.002314
19.786;0.001657
19.787;0.002643
19.788;0.001821
19.789;0.001328
19.79;0.001492
19.791;0.001328
19.792;0.002643
19.793;0.002314
19.794;0.004122
19.795;0.00478
19.796;0.004616
19.797;0.005438
19.798;0.007739
19.799;0.008232
19.8;0.009383
19.801;0.010369
19.802;0.01152
19.803;0.012177
19.804;0.010862
19.805;0.009054
19.806;0.01004
19.807;0.011356
19.808;0.010534
19.809;0.012177
19.81;0.011684
19.811;0.012506
19.812;0.013821
19.813;0.014643
19.814;0.01563
19.815;0.016945
19.816;0.016452
19.817;0.017438
19.818;0.016945
19.819;0.017274
19.82;0.014479
19.821;0.017109
19.822;0.014479
19.823;0.013657
19.824;0.012671
19.825;0.010534
19.826;0.011191
19.827;0.011191
19.828;0.011027
19.829;0.009876
19.83;0.012013
19.831;0.010534
19.832;0.010534
19.833;0.012671
19.834;0.011684
19.835;0.009383
19.836;0.009547
19.837;0.00889
19.838;0.007081
19.839;0.007246
19.84;0.005931
19.841;0.004451
19.842;0.004287
19.843;0.004616
19.844;0.003958
19.845;0.003465
19.846;0.002479
19.847;0.002972
19.848;0.003958
19.849;0.003301
19.85;0.003136
19.851;0.005109
19.852;0.003465
19.853;0.003136
19.854;0.000835
19.855;-0.000152
19.856;0.00067
19.857;-0.000974
19.858;-0.001796
19.859;-0.003439
19.86;-0.003439
19.861;-0.003439
19.862;-0.003111
19.863;-0.004261
19.864;-0.003275
19.865;-0.003275
19.866;-0.002453
19.867;-0.003439
19.868;-0.002782
19.869;-0.004919
19.87;-0.004097
19.871;-0.004261
19.872;-0.005083
19.873;-0.005083
19.874;-0.007056
19.875;-0.006892
19.876;-0.007385
19.877;-0.006727
19.878;-0.00722
19.879;-0.007385
19.88;-0.007714
19.881;-0.00722
19.882;-0.006563
19.883;-0.005576
19.884;-0.005248
19.885;-0.004919
19.886;-0.00607
19.887;-0.006892
19.888;-0.008042
19.889;-0.009522
19.89;-0.0087
19.891;-0.008864
19.892;-0.009522
19.893;-0.009357
19.894;-0.007878
19.895;-0.010344
19.896;-0.009522
19.897;-0.008042
19.898;-0.0087
19.899;-0.009357
19.9;-0.006563
19.901;-0.00607
19.902;-0.008535
19.903;-0.009193
19.904;-0.009522
19.905;-0.008864
19.906;-0.010508
19.907;-0.012645
19.908;-0.013138
19.909;-0.013467
19.91;-0.013796
19.911;-0.014618
19.912;-0.014782
19.913;-0.015604
19.914;-0.014618
19.915;-0.014453
19.916;-0.015111
19.917;-0.015275
19.918;-0.018399
19.919;-0.020536
19.92;-0.022508
19.921;-0.025303
19.922;-0.028426
19.923;-0.030728
19.924;-0.033522
19.925;-0.037303
19.926;-0.038619
19.927;-0.040591
19.928;-0.040756
19.929;-0.041578
19.93;-0.040591
19.931;-0.038125
19.932;-0.039112
19.933;-0.035824
19.934;-0.031879
19.935;-0.026947
19.936;-0.02218
19.937;-0.016097
19.938;-0.008864
19.939;-0.000645
19.94;0.008561
19.941;0.019246
19.942;0.031082
19.943;0.042096
19.944;0.053768
19.945;0.067905
19.946;0.082043
19.947;0.095194
19.948;0.107687
19.949;0.120838
19.95;0.134811
19.951;0.147469
19.952;0.157497
19.953;0.16736
19.954;0.174922
19.955;0.179525
19.956;0.18495
19.957;0.186922
19.958;0.184456
19.959;0.179196
19.96;0.16999
19.961;0.159634
19.962;0.144346
19.963;0.130537
19.964;0.116235
19.965;0.102591
19.966;0.088618
19.967;0.077768
19.968;0.067083
19.969;0.056234
19.97;0.046535
19.971;0.037986
19.972;0.029109
19.973;0.021548
19.974;0.014972
19.975;0.008725
19.976;0.005109
19.977;0.00067
19.978;-0.003275
19.979;-0.005412
19.98;-0.007056
19.981;-0.008864
19.982;-0.010344
19.983;-0.009686
19.984;-0.010508
19.985;-0.012316
19.986;-0.012481
19.987;-0.014289
19.988;-0.014782
19.989;-0.016097
19.99;-0.014453
19.991;-0.014947
19.992;-0.01396
19.993;-0.014125
19.994;-0.011659
19.995;-0.009357
19.996;-0.008535
19.997;-0.004919
19.998;-0.002453
19.999;-0.000152
20;0.000999
20.001;0.003301
20.002;0.00478
20.003;0.004616
20.004;0.004287
20.005;0.003465
20.006;0.003958
20.007;0.004616
20.008;0.003794
20.009;0.003958
20.01;0.005109
20.011;0.004451
20.012;0.003301
20.013;0.003958
20.014;0.005109
20.015;0.004287
20.016;0.005109
20.017;0.004944
20.018;0.004451
20.019;0.001492
20.02;0.002479
20.021;0.001821
20.022;0.000342
20.023;-0.00048
20.024;-0.00048
20.025;0.000177
20.026;-0.000152
20.027;-0.001138
20.028;-0.00048
20.029;-0.000152
20.03;0.000177
20.031;0.001163
20.032;0.001821
20.033;0.001492
20.034;0.003301
20.035;0.002314
20.036;0.001985
20.037;0.002479
20.038;0.001328
20.039;0.000835
20.04;0.000177
20.041;0.000999
20.042;-0.001302
20.043;0.001163
20.044;0.002643
20.045;0.00215
20.046;0.001985
20.047;0.004616
20.048;0.004451
20.049;0.00478
20.05;0.006095
20.051;0.007246
20.052;0.006424
20.053;0.006259
20.054;0.006588
20.055;0.005438
20.056;0.005438
20.057;0.005602
20.058;0.006095
20.059;0.006917
20.06;0.005602
20.061;0.005931
20.062;0.007081
20.063;0.00889
20.064;0.01004
20.065;0.011191
20.066;0.011027
20.067;0.012671
20.068;0.012177
20.069;0.013493
20.07;0.013328
20.071;0.013821
20.072;0.012671
20.073;0.013164
20.074;0.012999
20.075;0.013164
20.076;0.013821
20.077;0.014972
20.078;0.015136
20.079;0.015136
20.08;0.017602
20.081;0.019575
20.082;0.020068
20.083;0.021219
20.084;0.023191
20.085;0.023685
20.086;0.024178
20.087;0.02352
20.088;0.024342
20.089;0.023685
20.09;0.02352
20.091;0.023849
20.092;0.024835
20.093;0.025986
20.094;0.025657
20.095;0.026644
20.096;0.027959
20.097;0.029603
20.098;0.030589
20.099;0.033219
20.1;0.034041
20.101;0.035192
20.102;0.03437
20.103;0.035192
20.104;0.035849
20.105;0.033384
20.106;0.034863
20.107;0.036014
20.108;0.037329
20.109;0.036836
20.11;0.037658
20.111;0.038644
20.112;0.040452
20.113;0.041932
20.114;0.043082
20.115;0.043904
20.116;0.045384
20.117;0.046041
20.118;0.047357
20.119;0.048507
20.12;0.049165
20.121;0.048179
20.122;0.049658
20.123;0.050973
20.124;0.050151
20.125;0.050316
20.126;0.050973
20.127;0.052617
20.128;0.053439
20.129;0.05459
20.13;0.055905
20.131;0.057713
20.132;0.060343
20.133;0.061987
20.134;0.062645
20.135;0.062152
20.136;0.061658
20.137;0.06248
20.138;0.064946
20.139;0.062973
20.14;0.063138
20.141;0.064453
20.142;0.064782
20.143;0.064617
20.144;0.065604
20.145;0.067576
20.146;0.067576
20.147;0.06922
20.148;0.070535
20.149;0.072179
20.15;0.073494
20.151;0.074152
20.152;0.074809
20.153;0.075467
20.154;0.07596
20.155;0.075138
20.156;0.075631
20.157;0.075138
20.158;0.07596
20.159;0.076618
20.16;0.076289
20.161;0.076125
20.162;0.07596
20.163;0.077275
20.164;0.079084
20.165;0.079741
20.166;0.079412
20.167;0.080892
20.168;0.080892
20.169;0.08007
20.17;0.078262
20.171;0.078755
20.172;0.076782
20.173;0.076453
20.174;0.075138
20.175;0.075303
20.176;0.074974
20.177;0.073823
20.178;0.073987
20.179;0.073659
20.18;0.073659
20.181;0.072672
20.182;0.072179
20.183;0.07333
20.184;0.072179
20.185;0.069549
20.186;0.069385
20.187;0.067412
20.188;0.065275
20.189;0.062152
20.19;0.061987
20.191;0.060343
20.192;0.059193
20.193;0.056891
20.194;0.057713
20.195;0.055083
20.196;0.054754
20.197;0.053768
20.198;0.053768
20.199;0.051631
20.2;0.051466
20.201;0.052288
20.202;0.048179
20.203;0.046535
20.204;0.044233
20.205;0.042589
20.206;0.040781
20.207;0.039302
20.208;0.038151
20.209;0.037
20.21;0.035356
20.211;0.034041
20.212;0.033055
20.213;0.032562
20.214;0.030918
20.215;0.029931
20.216;0.030918
20.217;0.03026
20.218;0.029274
20.219;0.026479
20.22;0.027137
20.221;0.024507
20.222;0.022534
20.223;0.020068
20.224;0.019739
20.225;0.01826
20.226;0.016123
20.227;0.016945
20.228;0.014315
20.229;0.014808
20.23;0.013328
20.231;0.014479
20.232;0.013821
20.233;0.01415
20.234;0.012342
20.235;0.012835
20.236;0.011027
20.237;0.009712
20.238;0.009054
20.239;0.00741
20.24;0.006753
20.241;0.005273
20.242;0.003794
20.243;0.003958
20.244;0.001985
20.245;0.002314
20.246;0.003136
20.247;0.003629
20.248;0.002807
20.249;0.001985
20.25;0.002314
20.251;0.002972
20.252;0.001492
20.253;1.27E-05
20.254;0.000342
20.255;-0.001631
20.256;-0.002617
20.257;-0.003768
20.258;-0.003111
20.259;-0.005248
20.26;-0.00459
20.261;-0.003768
20.262;-0.003768
20.263;-0.005412
20.264;-0.005248
20.265;-0.004426
20.266;-0.004426
20.267;-0.003275
20.268;-0.004919
20.269;-0.00459
20.27;-0.005083
20.271;-0.006398
20.272;-0.007878
20.273;-0.008207
20.274;-0.009357
20.275;-0.010508
20.276;-0.010015
20.277;-0.009522
20.278;-0.010344
20.279;-0.010179
20.28;-0.009029
20.281;-0.008371
20.282;-0.008864
20.283;-0.009029
20.284;-0.00722
20.285;-0.007878
20.286;-0.0087
20.287;-0.009193
20.288;-0.009193
20.289;-0.010508
20.29;-0.011659
20.291;-0.010179
20.292;-0.010344
20.293;-0.011823
20.294;-0.011494
20.295;-0.011166
20.296;-0.010508
20.297;-0.011166
20.298;-0.010673
20.299;-0.010015
20.3;-0.009193
20.301;-0.008207
20.302;-0.009357
20.303;-0.009851
20.304;-0.010673
20.305;-0.010344
20.306;-0.011988
20.307;-0.01133
20.308;-0.012481
20.309;-0.011988
20.31;-0.011988
20.311;-0.011659
20.312;-0.011823
20.313;-0.011988
20.314;-0.009357
20.315;-0.009851
20.316;-0.009357
20.317;-0.0087
20.318;-0.007714
20.319;-0.008864
20.32;-0.009193
20.321;-0.010344
20.322;-0.011166
20.323;-0.012152
20.324;-0.011823
20.325;-0.011988
20.326;-0.010837
20.327;-0.011988
20.328;-0.012316
20.329;-0.010344
20.33;-0.010344
20.331;-0.007878
20.332;-0.009029
20.333;-0.006727
20.334;-0.007056
20.335;-0.008042
20.336;-0.008535
20.337;-0.008535
20.338;-0.008042
20.339;-0.009851
20.34;-0.011001
20.341;-0.011166
20.342;-0.011166
20.343;-0.011494
20.344;-0.010508
20.345;-0.010837
20.346;-0.010015
20.347;-0.010344
20.348;-0.0087
20.349;-0.008042
20.35;-0.007549
20.351;-0.007385
20.352;-0.007056
20.353;-0.008042
20.354;-0.009029
20.355;-0.009029
20.356;-0.009029
20.357;-0.011001
20.358;-0.011001
20.359;-0.011166
20.36;-0.008864
20.361;-0.009357
20.362;-0.010508
20.363;-0.008535
20.364;-0.008042
20.365;-0.00722
20.366;-0.006563
20.367;-0.005083
20.368;-0.006398
20.369;-0.006892
20.37;-0.006234
20.371;-0.007056
20.372;-0.008864
20.373;-0.008042
20.374;-0.008207
20.375;-0.008535
20.376;-0.009522
20.377;-0.010344
20.378;-0.010015
20.379;-0.009357
20.38;-0.007385
20.381;-0.007549
20.382;-0.006398
20.383;-0.006727
20.384;-0.00607
20.385;-0.005083
20.386;-0.005741
20.387;-0.006727
20.388;-0.00722
20.389;-0.009357
20.39;-0.009193
20.391;-0.007878
20.392;-0.010508
20.393;-0.0087
20.394;-0.009193
20.395;-0.008042
20.396;-0.009193
20.397;-0.00607
20.398;-0.006892
20.399;-0.005741
20.4;-0.005412
20.401;-0.005248
20.402;-0.006563
20.403;-0.006234
20.404;-0.005905
20.405;-0.007878
20.406;-0.007878
20.407;-0.010344
20.408;-0.009193
20.409;-0.0087
20.41;-0.009357
20.411;-0.009193
20.412;-0.008042
20.413;-0.007385
20.414;-0.00722
20.415;-0.006727
20.416;-0.004919
20.417;-0.005576
20.418;-0.005412
20.419;-0.006727
20.42;-0.00607
20.421;-0.007056
20.422;-0.009193
20.423;-0.008042
20.424;-0.007549
20.425;-0.009357
20.426;-0.010015
20.427;-0.0087
20.428;-0.0087
20.429;-0.0087
20.43;-0.007878
20.431;-0.005248
20.432;-0.006234
20.433;-0.006398
20.434;-0.005412
20.435;-0.005576
20.436;-0.006398
20.437;-0.007056
20.438;-0.006398
20.439;-0.008042
20.44;-0.007878
20.441;-0.009686
20.442;-0.008207
20.443;-0.0087
20.444;-0.009522
20.445;-0.0087
20.446;-0.008042
20.447;-0.007878
20.448;-0.007056
20.449;-0.007385
20.45;-0.005741
20.451;-0.005412
20.452;-0.00607
20.453;-0.006563
20.454;-0.006563
20.455;-0.007714
20.456;-0.009029
20.457;-0.008042
20.458;-0.007549
20.459;-0.008864
20.46;-0.0087
20.461;-0.008371
20.462;-0.008207
20.463;-0.008371
20.464;-0.005576
20.465;-0.006563
20.466;-0.006563
20.467;-0.006234
20.468;-0.004755
20.469;-0.005576
20.47;-0.006234
20.471;-0.008042
20.472;-0.007714
20.473;-0.007878
20.474;-0.008535
20.475;-0.009522
20.476;-0.008371
20.477;-0.009193
20.478;-0.009193
20.479;-0.008042
20.48;-0.007549
20.481;-0.00722
20.482;-0.006563
20.483;-0.005905
20.484;-0.005741
20.485;-0.004919
20.486;-0.006398
20.487;-0.005248
20.488;-0.00722
20.489;-0.008371
20.49;-0.008864
20.491;-0.008371
20.492;-0.009851
20.493;-0.009522
20.494;-0.008864
20.495;-0.008207
20.496;-0.008535
20.497;-0.008207
20.498;-0.006727
20.499;-0.005905
20.5;-0.006234
20.501;-0.006398
20.502;-0.005083
20.503;-0.007056
20.504;-0.007056
20.505;-0.008535
20.506;-0.008042
20.507;-0.008042
20.508;-0.009193
20.509;-0.009029
20.51;-0.008042
20.511;-0.009029
20.512;-0.0087
20.513;-0.0087
20.514;-0.007385
20.515;-0.006727
20.516;-0.006563
20.517;-0.005905
20.518;-0.00607
20.519;-0.006727
20.52;-0.006892
20.521;-0.006727
20.522;-0.008042
20.523;-0.007878
20.524;-0.009193
20.525;-0.009193
20.526;-0.009029
20.527;-0.009357
20.528;-0.008371
20.529;-0.008371
20.53;-0.008535
20.531;-0.00722
20.532;-0.005412
20.533;-0.00607
20.534;-0.005576
20.535;-0.00607
20.536;-0.004755
20.537;-0.006234
20.538;-0.006563
20.539;-0.007714
20.54;-0.007549
20.541;-0.0087
20.542;-0.009851
20.543;-0.0087
20.544;-0.008864
20.545;-0.008864
20.546;-0.008042
20.547;-0.006727
20.548;-0.006727
20.549;-0.006727
20.55;-0.006563
20.551;-0.005576
20.552;-0.006398
20.553;-0.006234
20.554;-0.008042
20.555;-0.006563
20.556;-0.008371
20.557;-0.008864
20.558;-0.009193
20.559;-0.008207
20.56;-0.008207
20.561;-0.009851
20.562;-0.008371
20.563;-0.007878
20.564;-0.00722
20.565;-0.006892
20.566;-0.006234
20.567;-0.005741
20.568;-0.004919
20.569;-0.007385
20.57;-0.005083
20.571;-0.005248
20.572;-0.006234
20.573;-0.008042
20.574;-0.006727
20.575;-0.007549
20.576;-0.007878
20.577;-0.007878
20.578;-0.008042
20.579;-0.0087
20.58;-0.008042
20.581;-0.00607
20.582;-0.00607
20.583;-0.006727
20.584;-0.006727
20.585;-0.00459
20.586;-0.005412
20.587;-0.006398
20.588;-0.00722
20.589;-0.007714
20.59;-0.008535
20.591;-0.008207
20.592;-0.009029
20.593;-0.008535
20.594;-0.009193
20.595;-0.009193
20.596;-0.007714
20.597;-0.007385
20.598;-0.006563
20.599;-0.007385
20.6;-0.005905
20.601;-0.00607
20.602;-0.00607
20.603;-0.007056
20.604;-0.005576
20.605;-0.006727
20.606;-0.007878
20.607;-0.008371
20.608;-0.0087
20.609;-0.009193
20.61;-0.008371
20.611;-0.007714
20.612;-0.0087
20.613;-0.007549
20.614;-0.005741
20.615;-0.003111
20.616;-0.003275
20.617;-0.003604
20.618;-0.002617
20.619;-0.002782
20.62;-0.003111
20.621;-0.003604
20.622;-0.003275
20.623;-0.00459
20.624;-0.003933
20.625;-0.005741
20.626;-0.002946
20.627;-0.003768
20.628;-0.004097
20.629;-0.00459
20.63;-0.001631
20.631;-0.000316
20.632;-0.000645
20.633;-0.000152
20.634;0.001163
20.635;0.000999
20.636;-0.000152
20.637;0.001492
20.638;0.000835
20.639;-0.001302
20.64;0.000999
20.641;-0.000316
20.642;0.000177
20.643;-0.000316
20.644;-0.000152
20.645;0.00215
20.646;0.002314
20.647;0.002643
20.648;0.004122
20.649;0.006917
20.65;0.006588
20.651;0.007739
20.652;0.007246
20.653;0.008068
20.654;0.008397
20.655;0.008068
20.656;0.007903
20.657;0.008068
20.658;0.007903
20.659;0.008397
20.66;0.009054
20.661;0.009218
20.662;0.009712
20.663;0.010862
20.664;0.014479
20.665;0.015136
20.666;0.01563
20.667;0.015136
20.668;0.01678
20.669;0.01678
20.67;0.015958
20.671;0.017274
20.672;0.016287
20.673;0.015465
20.674;0.015301
20.675;0.015136
20.676;0.013657
20.677;0.014315
20.678;0.012999
20.679;0.014808
20.68;0.013821
20.681;0.013657
20.682;0.013328
20.683;0.014479
20.684;0.015136
20.685;0.013493
20.686;0.013493
20.687;0.012506
20.688;0.011027
20.689;0.009547
20.69;0.008232
20.691;0.007575
20.692;0.007903
20.693;0.006095
20.694;0.006917
20.695;0.005766
20.696;0.005602
20.697;0.006259
20.698;0.007903
20.699;0.006095
20.7;0.006588
20.701;0.006259
20.702;0.006917
20.703;0.003958
20.704;0.004122
20.705;0.002807
20.706;0.001328
20.707;0.001985
20.708;-0.000152
20.709;0.000506
20.71;-0.001302
20.711;-0.00048
20.712;-0.001631
20.713;-0.000152
20.714;-0.000316
20.715;-0.000152
20.716;-0.000645
20.717;-0.000316
20.718;-0.00048
20.719;-0.002124
20.72;-0.000152
20.721;-0.001631
20.722;-0.002617
20.723;-0.004919
20.724;-0.005248
20.725;-0.005576
20.726;-0.00607
20.727;-0.006892
20.728;-0.005412
20.729;-0.006234
20.73;-0.005741
20.731;-0.004755
20.732;-0.004261
20.733;-0.003933
20.734;-0.003275
20.735;-0.003275
20.736;-0.004755
20.737;-0.005905
20.738;-0.006892
20.739;-0.008042
20.74;-0.008371
20.741;-0.007878
20.742;-0.010015
20.743;-0.007714
20.744;-0.0087
20.745;-0.008864
20.746;-0.008371
20.747;-0.008042
20.748;-0.007714
20.749;-0.006727
20.75;-0.005741
20.751;-0.006563
20.752;-0.007056
20.753;-0.008535
20.754;-0.007056
20.755;-0.007878
20.756;-0.008864
20.757;-0.010179
20.758;-0.009851
20.759;-0.010508
20.76;-0.01133
20.761;-0.010344
20.762;-0.010673
20.763;-0.011988
20.764;-0.011001
20.765;-0.010673
20.766;-0.010179
20.767;-0.010837
20.768;-0.011659
20.769;-0.011823
20.77;-0.012645
20.771;-0.014125
20.772;-0.015933
20.773;-0.018399
20.774;-0.020865
20.775;-0.024152
20.776;-0.025961
20.777;-0.027276
20.778;-0.029084
20.779;-0.030892
20.78;-0.033029
20.781;-0.034509
20.782;-0.035331
20.783;-0.036975
20.784;-0.036481
20.785;-0.037468
20.786;-0.039276
20.787;-0.040262
20.788;-0.037303
20.789;-0.038783
20.79;-0.034344
20.791;-0.03007
20.792;-0.024152
20.793;-0.017577
20.794;-0.009851
20.795;-0.000152
20.796;0.008725
20.797;0.020397
20.798;0.03174
20.799;0.04522
20.8;0.057877
20.801;0.07185
20.802;0.08418
20.803;0.097495
20.804;0.108838
20.805;0.120509
20.806;0.13366
20.807;0.145332
20.808;0.155195
20.809;0.16473
20.81;0.172949
20.811;0.180511
20.812;0.185114
20.813;0.186429
20.814;0.186593
20.815;0.181826
20.816;0.17262
20.817;0.161113
20.818;0.147798
20.819;0.132017
20.82;0.116893
20.821;0.100125
20.822;0.086645
20.823;0.074152
20.824;0.063138
20.825;0.053275
20.826;0.043082
20.827;0.035521
20.828;0.028288
20.829;0.022698
20.83;0.015794
20.831;0.011356
20.832;0.006259
20.833;0.003958
20.834;-0.000316
20.835;-0.002124
20.836;-0.005741
20.837;-0.008042
20.838;-0.010179
20.839;-0.012645
20.84;-0.014453
20.841;-0.014947
20.842;-0.016262
20.843;-0.01544
20.844;-0.015604
20.845;-0.015933
20.846;-0.015933
20.847;-0.014289
20.848;-0.011988
20.849;-0.009851
20.85;-0.008864
20.851;-0.008042
20.852;-0.003768
20.853;-0.003439
20.854;-0.002782
20.855;-0.002453
20.856;-0.001138
20.857;0.000177
20.858;0.001492
20.859;0.001985
20.86;0.002643
20.861;0.002972
20.862;0.003629
20.863;0.006259
20.864;0.00478
20.865;0.005766
20.866;0.006424
20.867;0.007903
20.868;0.007246
20.869;0.006424
20.87;0.005438
20.871;0.004287
20.872;0.003629
20.873;0.001492
20.874;0.001821
20.875;0.001163
20.876;0.000177
20.877;0.000177
20.878;1.27E-05
20.879;-0.000152
20.88;0.000835
20.881;0.000835
20.882;0.003136
20.883;0.002314
20.884;0.002643
20.885;0.001657
20.886;0.001657
20.887;0.001657
20.888;0.001328
20.889;0.000506
20.89;0.000177
20.891;0.000342
20.892;-0.000974
20.893;0.001328
20.894;0.000342
20.895;0.001328
20.896;0.001657
20.897;0.002972
20.898;0.003301
20.899;0.003629
20.9;0.002972
20.901;0.005438
20.902;0.004616
20.903;0.00478
20.904;0.002972
20.905;0.005438
20.906;0.004287
20.907;0.004122
20.908;0.004616
20.909;0.003136
20.91;0.004451
20.911;0.004122
20.912;0.006259
20.913;0.006259
20.914;0.007903
20.915;0.007575
20.916;0.008725
20.917;0.009547
20.918;0.011027
20.919;0.010369
20.92;0.010534
20.921;0.010534
20.922;0.01004
20.923;0.009876
20.924;0.010698
20.925;0.010534
20.926;0.011356
20.927;0.012506
20.928;0.012013
20.929;0.012835
20.93;0.013657
20.931;0.01563
20.932;0.016616
20.933;0.016945
20.934;0.017274
20.935;0.019575
20.936;0.018753
20.937;0.020397
20.938;0.020232
20.939;0.019411
20.94;0.019904
20.941;0.021383
20.942;0.02237
20.943;0.02089
20.944;0.022205
20.945;0.022205
20.946;0.024671
20.947;0.025986
20.948;0.026479
20.949;0.026479
20.95;0.027959
20.951;0.030425
20.952;0.030425
20.953;0.031082
20.954;0.03174
20.955;0.031575
20.956;0.030096
20.957;0.03174
20.958;0.031575
20.959;0.032726
20.96;0.034534
20.961;0.03437
20.962;0.035192
20.963;0.035356
20.964;0.036671
20.965;0.040781
20.966;0.041767
20.967;0.041932
20.968;0.04374
20.969;0.04374
20.97;0.043904
20.971;0.043904
20.972;0.04522
20.973;0.042096
20.974;0.044726
20.975;0.045548
20.976;0.047685
20.977;0.047192
20.978;0.049165
20.979;0.048836
20.98;0.051631
20.981;0.052617
20.982;0.054425
20.983;0.054918
20.984;0.056562
20.985;0.057549
20.986;0.058042
20.987;0.059193
20.988;0.058699
20.989;0.058699
20.99;0.058535
20.991;0.060508
20.992;0.061001
20.993;0.061001
20.994;0.06248
20.995;0.063302
20.996;0.06396
20.997;0.065111
20.998;0.066261
20.999;0.067905
21;0.06922
21.001;0.070207
21.002;0.071686
21.003;0.071193
21.004;0.071357
21.005;0.0707
21.006;0.070864
21.007;0.071686
21.008;0.07185
21.009;0.072344
21.01;0.073659
21.011;0.074645
21.012;0.075467
21.013;0.075138
21.014;0.078097
21.015;0.079248
21.016;0.079248
21.017;0.079412
21.018;0.079412
21.019;0.079905
21.02;0.08007
21.021;0.080399
21.022;0.078262
21.023;0.078097
21.024;0.076946
21.025;0.07744
21.026;0.076782
21.027;0.076453
21.028;0.074809
21.029;0.076453
21.03;0.076289
21.031;0.077275
21.032;0.077604
21.033;0.078426
21.034;0.077604
21.035;0.077111
21.036;0.074974
21.037;0.073823
21.038;0.072179
21.039;0.070042
21.04;0.06922
21.041;0.066919
21.042;0.065275
21.043;0.06396
21.044;0.064453
21.045;0.062645
21.046;0.062152
21.047;0.061001
21.048;0.061001
21.049;0.060508
21.05;0.059357
21.051;0.058699
21.052;0.058042
21.053;0.055083
21.054;0.053275
21.055;0.051959
21.056;0.049494
21.057;0.046699
21.058;0.045548
21.059;0.044398
21.06;0.043082
21.061;0.041439
21.062;0.040123
21.063;0.039302
21.064;0.039795
21.065;0.038151
21.066;0.03848
21.067;0.037164
21.068;0.035192
21.069;0.033712
21.07;0.03289
21.071;0.031575
21.072;0.029931
21.073;0.027137
21.074;0.026644
21.075;0.024671
21.076;0.022863
21.077;0.021876
21.078;0.021548
21.079;0.020068
21.08;0.020068
21.081;0.019246
21.082;0.018753
21.083;0.018424
21.084;0.017767
21.085;0.018095
21.086;0.016945
21.087;0.014479
21.088;0.012999
21.089;0.013657
21.09;0.009547
21.091;0.009218
21.092;0.007739
21.093;0.008232
21.094;0.006753
21.095;0.006588
21.096;0.005931
21.097;0.006917
21.098;0.005602
21.099;0.005438
21.1;0.005766
21.101;0.005931
21.102;0.004944
21.103;0.003136
21.104;0.002479
21.105;0.002479
21.106;-0.000152
21.107;-0.000152
21.108;-0.000152
21.109;-0.002289
21.11;-0.002124
21.111;-0.002289
21.112;-0.001796
21.113;-0.002782
21.114;-0.002124
21.115;-0.001467
21.116;-0.002782
21.117;-0.001138
21.118;-0.002453
21.119;-0.002124
21.12;-0.004097
21.121;-0.003439
21.122;-0.006727
21.123;-0.005905
21.124;-0.006892
21.125;-0.007714
21.126;-0.0087
21.127;-0.009029
21.128;-0.009029
21.129;-0.009193
21.13;-0.008535
21.131;-0.008042
21.132;-0.008207
21.133;-0.008207
21.134;-0.00722
21.135;-0.006563
21.136;-0.007385
21.137;-0.0087
21.138;-0.009193
21.139;-0.009686
21.14;-0.01133
21.141;-0.011494
21.142;-0.011659
21.143;-0.010673
21.144;-0.010508
21.145;-0.010344
21.146;-0.011001
21.147;-0.010015
21.148;-0.009029
21.149;-0.0087
21.15;-0.008535
21.151;-0.007549
21.152;-0.008042
21.153;-0.010015
21.154;-0.010344
21.155;-0.010344
21.156;-0.011166
21.157;-0.012645
21.158;-0.011823
21.159;-0.012481
21.16;-0.012481
21.161;-0.012481
21.162;-0.011823
21.163;-0.010837
21.164;-0.011659
21.165;-0.009851
21.166;-0.009029
21.167;-0.009029
21.168;-0.009193
21.169;-0.0087
21.17;-0.010015
21.171;-0.010344
21.172;-0.010673
21.173;-0.012316
21.174;-0.012316
21.175;-0.012645
21.176;-0.011988
21.177;-0.011659
21.178;-0.011001
21.179;-0.010837
21.18;-0.010673
21.181;-0.010015
21.182;-0.009686
21.183;-0.009193
21.184;-0.007878
21.185;-0.00722
21.186;-0.008864
21.187;-0.009357
21.188;-0.009029
21.189;-0.009357
21.19;-0.010344
21.191;-0.010015
21.192;-0.011823
21.193;-0.01133
21.194;-0.010015
21.195;-0.010179
21.196;-0.010179
21.197;-0.010508
21.198;-0.009686
21.199;-0.008371
21.2;-0.008371
21.201;-0.008207
21.202;-0.007878
21.203;-0.008042
21.204;-0.008371
21.205;-0.009193
21.206;-0.010344
21.207;-0.010508
21.208;-0.009851
21.209;-0.009686
21.21;-0.010837
21.211;-0.010344
21.212;-0.009851
21.213;-0.009357
21.214;-0.0087
21.215;-0.008207
21.216;-0.008042
21.217;-0.00722
21.218;-0.006398
21.219;-0.007385
21.22;-0.008535
21.221;-0.007385
21.222;-0.007549
21.223;-0.008864
21.224;-0.009357
21.225;-0.0087
21.226;-0.009029
21.227;-0.009029
21.228;-0.008864
21.229;-0.009357
21.23;-0.009029
21.231;-0.006727
21.232;-0.006727
21.233;-0.006234
21.234;-0.005083
21.235;-0.00607
21.236;-0.006398
21.237;-0.00607
21.238;-0.006727
21.239;-0.008042
21.24;-0.009522
21.241;-0.007714
21.242;-0.0087
21.243;-0.008864
21.244;-0.009029
21.245;-0.008042
21.246;-0.007878
21.247;-0.007549
21.248;-0.007385
21.249;-0.006727
21.25;-0.005905
21.251;-0.006398
21.252;-0.004755
21.253;-0.006563
21.254;-0.007056
21.255;-0.00722
21.256;-0.00722
21.257;-0.008864
21.258;-0.009029
21.259;-0.009029
21.26;-0.008535
21.261;-0.008371
21.262;-0.007056
21.263;-0.009193
21.264;-0.007549
21.265;-0.00722
21.266;-0.00607
21.267;-0.006892
21.268;-0.005905
21.269;-0.005741
21.27;-0.00607
21.271;-0.007385
21.272;-0.007385
21.273;-0.009029
21.274;-0.008535
21.275;-0.0087
21.276;-0.009193
21.277;-0.009193
21.278;-0.008535
21.279;-0.008042
21.28;-0.008042
21.281;-0.00607
21.282;-0.006892
21.283;-0.006563
21.284;-0.004919
21.285;-0.006234
21.286;-0.007056
21.287;-0.00607
21.288;-0.006234
21.289;-0.008042
21.29;-0.008535
21.291;-0.008864
21.292;-0.008207
21.293;-0.008864
21.294;-0.008535
21.295;-0.009193
21.296;-0.007714
21.297;-0.00722
21.298;-0.006727
21.299;-0.006234
21.3;-0.006563
21.301;-0.005083
21.302;-0.003275
21.303;-0.006563
21.304;-0.00722
21.305;-0.005905
21.306;-0.007385
21.307;-0.009029
21.308;-0.008207
21.309;-0.009029
21.31;-0.008864
21.311;-0.008371
21.312;-0.008864
21.313;-0.009029
21.314;-0.007549
21.315;-0.006234
21.316;-0.005248
21.317;-0.005412
21.318;-0.00607
21.319;-0.005741
21.32;-0.006727
21.321;-0.006727
21.322;-0.0087
21.323;-0.008864
21.324;-0.008535
21.325;-0.008207
21.326;-0.009686
21.327;-0.009029
21.328;-0.008207
21.329;-0.0087
21.33;-0.008042
21.331;-0.008207
21.332;-0.006563
21.333;-0.006727
21.334;-0.005905
21.335;-0.004755
21.336;-0.006234
21.337;-0.005741
21.338;-0.007056
21.339;-0.007878
21.34;-0.008371
21.341;-0.008371
21.342;-0.008042
21.343;-0.009522
21.344;-0.008207
21.345;-0.008371
21.346;-0.008535
21.347;-0.007878
21.348;-0.008207
21.349;-0.006398
21.35;-0.005412
21.351;-0.004919
21.352;-0.00459
21.353;-0.005905
21.354;-0.006563
21.355;-0.006563
21.356;-0.007056
21.357;-0.008535
21.358;-0.010015
21.359;-0.008535
21.36;-0.009686
21.361;-0.0087
21.362;-0.009029
21.363;-0.008535
21.364;-0.007385
21.365;-0.005905
21.366;-0.006563
21.367;-0.00607
21.368;-0.005576
21.369;-0.006234
21.37;-0.00722
21.371;-0.007714
21.372;-0.008207
21.373;-0.009522
21.374;-0.008371
21.375;-0.009193
21.376;-0.008864
21.377;-0.009029
21.378;-0.008371
21.379;-0.008535
21.38;-0.008042
21.381;-0.006892
21.382;-0.005905
21.383;-0.005741
21.384;-0.005412
21.385;-0.00607
21.386;-0.006892
21.387;-0.006398
21.388;-0.006234
21.389;-0.007549
21.39;-0.008207
21.391;-0.008535
21.392;-0.0087
21.393;-0.009686
21.394;-0.008535
21.395;-0.008042
21.396;-0.007056
21.397;-0.007878
21.398;-0.005905
21.399;-0.00607
21.4;-0.005412
21.401;-0.005083
21.402;-0.004919
21.403;-0.00607
21.404;-0.006398
21.405;-0.006563
21.406;-0.008042
21.407;-0.009193
21.408;-0.009522
21.409;-0.008535
21.41;-0.009029
21.411;-0.0087
21.412;-0.009522
21.413;-0.008042
21.414;-0.006563
21.415;-0.006563
21.416;-0.006727
21.417;-0.005576
21.418;-0.005083
21.419;-0.00607
21.42;-0.006727
21.421;-0.007056
21.422;-0.007549
21.423;-0.008864
21.424;-0.0087
21.425;-0.010179
21.426;-0.0087
21.427;-0.008207
21.428;-0.006892
21.429;-0.007385
21.43;-0.006234
21.431;-0.004919
21.432;-0.004755
21.433;-0.005412
21.434;-0.00459
21.435;-0.004097
21.436;-0.005741
21.437;-0.00607
21.438;-0.006727
21.439;-0.006398
21.44;-0.008042
21.441;-0.008535
21.442;-0.009851
21.443;-0.009686
21.444;-0.0087
21.445;-0.008207
21.446;-0.008371
21.447;-0.00722
21.448;-0.006727
21.449;-0.006563
21.45;-0.006563
21.451;-0.005905
21.452;-0.005576
21.453;-0.006892
21.454;-0.006727
21.455;-0.00722
21.456;-0.009029
21.457;-0.010015
21.458;-0.009193
21.459;-0.008864
21.46;-0.0087
21.461;-0.009357
21.462;-0.008042
21.463;-0.0087
21.464;-0.007714
21.465;-0.006892
21.466;-0.004919
21.467;-0.005576
21.468;-0.003768
21.469;-0.004919
21.47;-0.004097
21.471;-0.005412
21.472;-0.004919
21.473;-0.005741
21.474;-0.00722
21.475;-0.005741
21.476;-0.006563
21.477;-0.005083
21.478;-0.005248
21.479;-0.005248
21.48;-0.003111
21.481;-0.001302
21.482;-0.001796
21.483;-0.000152
21.484;-0.001467
21.485;-0.000152
21.486;-0.00048
21.487;-0.000152
21.488;1.27E-05
21.489;-0.00196
21.49;-0.001467
21.491;-0.004097
21.492;-0.001796
21.493;-0.001302
21.494;-0.000316
21.495;-0.000152
21.496;0.000177
21.497;0.000835
21.498;0.002807
21.499;0.003629
21.5;0.003629
21.501;0.003958
21.502;0.004451
21.503;0.006095
21.504;0.004944
21.505;0.006259
21.506;0.003958
21.507;0.005109
21.508;0.004616
21.509;0.003794
21.51;0.006424
21.511;0.006588
21.512;0.007246
21.513;0.008725
21.514;0.009712
21.515;0.011191
21.516;0.012013
21.517;0.011849
21.518;0.013493
21.519;0.013493
21.52;0.01415
21.521;0.01415
21.522;0.01415
21.523;0.012999
21.524;0.013164
21.525;0.013657
21.526;0.013328
21.527;0.014479
21.528;0.013657
21.529;0.015794
21.53;0.014479
21.531;0.015465
21.532;0.017767
21.533;0.017109
21.534;0.016616
21.535;0.015958
21.536;0.015794
21.537;0.014479
21.538;0.013328
21.539;0.013821
21.54;0.010205
21.541;0.01004
21.542;0.01004
21.543;0.010534
21.544;0.008561
21.545;0.009547
21.546;0.009712
21.547;0.009712
21.548;0.00889
21.549;0.009054
21.55;0.008561
21.551;0.008561
21.552;0.008068
21.553;0.007081
21.554;0.005438
21.555;0.005273
21.556;0.005438
21.557;0.003629
21.558;0.00215
21.559;0.002479
21.56;0.001821
21.561;0.001328
21.562;0.00215
21.563;0.001492
21.564;0.00215
21.565;0.001492
21.566;0.001985
21.567;0.001821
21.568;0.00215
21.569;0.000999
21.57;0.000177
21.571;-0.001467
21.572;-0.001302
21.573;-0.002617
21.574;-0.003933
21.575;-0.003768
21.576;-0.003604
21.577;-0.003111
21.578;-0.003604
21.579;-0.004261
21.58;-0.005412
21.581;-0.004919
21.582;-0.003933
21.583;-0.004426
21.584;-0.003933
21.585;-0.004261
21.586;-0.004097
21.587;-0.004097
21.588;-0.002946
21.589;-0.006398
21.59;-0.007385
21.591;-0.007385
21.592;-0.007878
21.593;-0.007878
21.594;-0.008042
21.595;-0.006892
21.596;-0.006892
21.597;-0.006234
21.598;-0.006234
21.599;-0.006563
21.6;-0.006727
21.601;-0.005905
21.602;-0.00607
21.603;-0.005741
21.604;-0.006563
21.605;-0.007056
21.606;-0.00722
21.607;-0.009851
21.608;-0.009193
21.609;-0.009357
21.61;-0.010179
21.611;-0.009357
21.612;-0.009357
21.613;-0.009686
21.614;-0.009193
21.615;-0.010015
21.616;-0.007878
21.617;-0.007549
21.618;-0.007549
21.619;-0.010015
21.62;-0.010673
21.621;-0.01133
21.622;-0.010837
21.623;-0.014289
21.624;-0.014453
21.625;-0.016262
21.626;-0.016426
21.627;-0.015933
21.628;-0.017248
21.629;-0.019056
21.63;-0.021029
21.631;-0.021851
21.632;-0.022508
21.633;-0.025796
21.634;-0.027605
21.635;-0.028098
21.636;-0.030563
21.637;-0.034016
21.638;-0.036153
21.639;-0.038454
21.64;-0.04092
21.641;-0.041413
21.642;-0.041578
21.643;-0.041249
21.644;-0.041413
21.645;-0.037961
21.646;-0.033194
21.647;-0.029084
21.648;-0.023002
21.649;-0.016262
21.65;-0.006563
21.651;0.002807
21.652;0.013328
21.653;0.021383
21.654;0.03437
21.655;0.044562
21.656;0.056891
21.657;0.06922
21.658;0.081549
21.659;0.0947
21.66;0.106865
21.661;0.121003
21.662;0.133003
21.663;0.145825
21.664;0.156182
21.665;0.167689
21.666;0.175579
21.667;0.182319
21.668;0.187415
21.669;0.189552
21.67;0.185443
21.671;0.181826
21.672;0.171799
21.673;0.158812
21.674;0.143853
21.675;0.128071
21.676;0.113934
21.677;0.097988
21.678;0.084344
21.679;0.073823
21.68;0.063467
21.681;0.053439
21.682;0.045877
21.683;0.038644
21.684;0.030425
21.685;0.023849
21.686;0.017931
21.687;0.011356
21.688;0.006753
21.689;0.001163
21.69;-0.004097
21.691;-0.006398
21.692;-0.009029
21.693;-0.011659
21.694;-0.012316
21.695;-0.012481
21.696;-0.014618
21.697;-0.01396
21.698;-0.014453
21.699;-0.014289
21.7;-0.012645
21.701;-0.013303
21.702;-0.013138
21.703;-0.012316
21.704;-0.01281
21.705;-0.01133
21.706;-0.010508
21.707;-0.010179
21.708;-0.007714
21.709;-0.006727
21.71;-0.005248
21.711;-0.003604
21.712;-0.00196
21.713;-0.000316
21.714;0.002479
21.715;0.003958
21.716;0.004122
21.717;0.005438
21.718;0.007575
21.719;0.00741
21.72;0.007081
21.721;0.006917
21.722;0.006424
21.723;0.005766
21.724;0.004122
21.725;0.00215
21.726;0.003136
21.727;0.002807
21.728;0.001328
21.729;0.001821
21.73;0.001163
21.731;0.002643
21.732;0.002479
21.733;0.002314
21.734;0.00215
21.735;0.002479
21.736;0.001821
21.737;0.002479
21.738;0.001492
21.739;0.000835
21.74;-0.00196
21.741;-0.000809
21.742;-0.00196
21.743;-0.001796
21.744;-0.000152
21.745;-0.00048
21.746;0.000506
21.747;1.27E-05
21.748;0.001657
21.749;0.002643
21.75;0.003794
21.751;0.003958
21.752;0.004451
21.753;0.003465
21.754;0.002807
21.755;0.002972
21.756;0.003629
21.757;0.00215
21.758;0.001328
21.759;0.001657
21.76;0.002479
21.761;0.002807
21.762;0.002479
21.763;0.004944
21.764;0.005109
21.765;0.006753
21.766;0.007081
21.767;0.006917
21.768;0.007739
21.769;0.008232
21.77;0.008397
21.771;0.009218
21.772;0.006753
21.773;0.006259
21.774;0.007081
21.775;0.007903
21.776;0.008068
21.777;0.008232
21.778;0.00889
21.779;0.009218
21.78;0.010698
21.781;0.012342
21.782;0.013328
21.783;0.014972
21.784;0.015136
21.785;0.014808
21.786;0.015301
21.787;0.016616
21.788;0.016123
21.789;0.016452
21.79;0.014643
21.791;0.015301
21.792;0.014808
21.793;0.01678
21.794;0.017602
21.795;0.019739
21.796;0.019739
21.797;0.021219
21.798;0.02237
21.799;0.023849
21.8;0.025329
21.801;0.025164
21.802;0.026808
21.803;0.02615
21.804;0.027137
21.805;0.027137
21.806;0.026644
21.807;0.026644
21.808;0.027466
21.809;0.027959
21.81;0.028945
21.811;0.028781
21.812;0.030918
21.813;0.032397
21.814;0.033712
21.815;0.035521
21.816;0.036836
21.817;0.037
21.818;0.038315
21.819;0.038644
21.82;0.038644
21.821;0.040452
21.822;0.039137
21.823;0.040288
21.824;0.039466
21.825;0.041439
21.826;0.040288
21.827;0.042754
21.828;0.043082
21.829;0.043904
21.83;0.04637
21.831;0.048014
21.832;0.048014
21.833;0.049329
21.834;0.051138
21.835;0.052124
21.836;0.051959
21.837;0.052124
21.838;0.054425
21.839;0.052946
21.84;0.05311
21.841;0.053275
21.842;0.054918
21.843;0.056398
21.844;0.05722
21.845;0.059028
21.846;0.059686
21.847;0.060672
21.848;0.06133
21.849;0.062973
21.85;0.065604
21.851;0.065111
21.852;0.065275
21.853;0.066261
21.854;0.066261
21.855;0.06807
21.856;0.066261
21.857;0.066426
21.858;0.068234
21.859;0.067741
21.86;0.069056
21.861;0.069385
21.862;0.071193
21.863;0.072015
21.864;0.073987
21.865;0.073659
21.866;0.074974
21.867;0.076453
21.868;0.077604
21.869;0.078097
21.87;0.07859
21.871;0.077604
21.872;0.077604
21.873;0.076782
21.874;0.076782
21.875;0.076618
21.876;0.076946
21.877;0.077275
21.878;0.077768
21.879;0.078426
21.88;0.077604
21.881;0.077933
21.882;0.079905
21.883;0.079248
21.884;0.079084
21.885;0.079412
21.886;0.077768
21.887;0.078755
21.888;0.076453
21.889;0.075631
21.89;0.073001
21.891;0.073659
21.892;0.07185
21.893;0.071028
21.894;0.070535
21.895;0.069878
21.896;0.068398
21.897;0.068398
21.898;0.069056
21.899;0.067412
21.9;0.06659
21.901;0.06396
21.902;0.063631
21.903;0.061823
21.904;0.06133
21.905;0.05985
21.906;0.058371
21.907;0.055412
21.908;0.054261
21.909;0.051795
21.91;0.050316
21.911;0.049822
21.912;0.048343
21.913;0.049329
21.914;0.046863
21.915;0.045548
21.916;0.044891
21.917;0.044398
21.918;0.043082
21.919;0.042096
21.92;0.039466
21.921;0.03963
21.922;0.036507
21.923;0.034206
21.924;0.034206
21.925;0.031247
21.926;0.029603
21.927;0.028616
21.928;0.027794
21.929;0.027466
21.93;0.026644
21.931;0.026644
21.932;0.027794
21.933;0.025986
21.934;0.025
21.935;0.021548
21.936;0.022205
21.937;0.019904
21.938;0.018917
21.939;0.016945
21.94;0.015136
21.941;0.014972
21.942;0.01415
21.943;0.012999
21.944;0.012013
21.945;0.01152
21.946;0.010205
21.947;0.011191
21.948;0.009712
21.949;0.010534
21.95;0.008725
21.951;0.008561
21.952;0.008068
21.953;0.007575
21.954;0.005109
21.955;0.005109
21.956;0.003629
21.957;0.002479
21.958;0.001657
21.959;0.001328
21.96;0.000835
21.961;0.000835
21.962;-0.000152
21.963;0.000177
21.964;0.000999
21.965;0.00067
21.966;1.27E-05
21.967;0.000342
21.968;0.000999
21.969;-0.001302
21.97;-0.001796
21.971;-0.001302
21.972;-0.002782
21.973;-0.003768
21.974;-0.004919
21.975;-0.00459
21.976;-0.00722
21.977;-0.00722
21.978;-0.006563
21.979;-0.005905
21.98;-0.008864
21.981;-0.006727
21.982;-0.00607
21.983;-0.006727
21.984;-0.006398
21.985;-0.005905
21.986;-0.006234
21.987;-0.008864
21.988;-0.008535
21.989;-0.008042
21.99;-0.0087
21.991;-0.010673
21.992;-0.009357
21.993;-0.010015
21.994;-0.010015
21.995;-0.010179
21.996;-0.009851
21.997;-0.010837
21.998;-0.009686
21.999;-0.009686
22;-0.008864
22.001;-0.009851
22.002;-0.009357
22.003;-0.008042
22.004;-0.007714
22.005;-0.008864
22.006;-0.011494
22.007;-0.011988
22.008;-0.011988
22.009;-0.011659
22.01;-0.011494
22.011;-0.011823
22.012;-0.010673
22.013;-0.011001
22.014;-0.011823
22.015;-0.010015
22.016;-0.009357
22.017;-0.009851
22.018;-0.010344
22.019;-0.010179
22.02;-0.009686
22.021;-0.009193
22.022;-0.009522
22.023;-0.009851
22.024;-0.012481
22.025;-0.01133
22.026;-0.011823
22.027;-0.012481
22.028;-0.011001
22.029;-0.011494
22.03;-0.011659
22.031;-0.011001
22.032;-0.009029
22.033;-0.010508
22.034;-0.008535
22.035;-0.008042
22.036;-0.008042
22.037;-0.010508
22.038;-0.009029
22.039;-0.009851
22.04;-0.011659
22.041;-0.010673
22.042;-0.011001
22.043;-0.010837
22.044;-0.010837
22.045;-0.010015
22.046;-0.01133
22.047;-0.010344
22.048;-0.010344
22.049;-0.007385
22.05;-0.008042
22.051;-0.007385
22.052;-0.008371
22.053;-0.0087
22.054;-0.007878
22.055;-0.008371
22.056;-0.010015
22.057;-0.011166
22.058;-0.011001
22.059;-0.011001
22.06;-0.010344
22.061;-0.010015
22.062;-0.010344
22.063;-0.010344
22.064;-0.009193
22.065;-0.009686
22.066;-0.007878
22.067;-0.00722
22.068;-0.007056
22.069;-0.006892
22.07;-0.007714
22.071;-0.007714
22.072;-0.008864
22.073;-0.006727
22.074;-0.009686
22.075;-0.009357
22.076;-0.008371
22.077;-0.008207
22.078;-0.009851
22.079;-0.008535
22.08;-0.007714
22.081;-0.007714
22.082;-0.006563
22.083;-0.005741
22.084;-0.004755
22.085;-0.006234
22.086;-0.005741
22.087;-0.005576
22.088;-0.007056
22.089;-0.008207
22.09;-0.008371
22.091;-0.009357
22.092;-0.008535
22.093;-0.009851
22.094;-0.010015
22.095;-0.008535
22.096;-0.008207
22.097;-0.008042
22.098;-0.008042
22.099;-0.005576
22.1;-0.006398
22.101;-0.006892
22.102;-0.00459
22.103;-0.005576
22.104;-0.006234
22.105;-0.007878
22.106;-0.009357
22.107;-0.009851
22.108;-0.009686
22.109;-0.009029
22.11;-0.008371
22.111;-0.008864
22.112;-0.009029
22.113;-0.009357
22.114;-0.006727
22.115;-0.00722
22.116;-0.007385
22.117;-0.005741
22.118;-0.005576
22.119;-0.005905
22.12;-0.006727
22.121;-0.007714
22.122;-0.00722
22.123;-0.009029
22.124;-0.008864
22.125;-0.009029
22.126;-0.007878
22.127;-0.009029
22.128;-0.008864
22.129;-0.008535
22.13;-0.007385
22.131;-0.007056
22.132;-0.007056
22.133;-0.006234
22.134;-0.006234
22.135;-0.005412
22.136;-0.006892
22.137;-0.007056
22.138;-0.006892
22.139;-0.0087
22.14;-0.007878
22.141;-0.009522
22.142;-0.008864
22.143;-0.009522
22.144;-0.008371
22.145;-0.009686
22.146;-0.008042
22.147;-0.008535
22.148;-0.006892
22.149;-0.006727
22.15;-0.006234
22.151;-0.006727
22.152;-0.005576
22.153;-0.00607
22.154;-0.007056
22.155;-0.007385
22.156;-0.007714
22.157;-0.009357
22.158;-0.009522
22.159;-0.008535
22.16;-0.008864
22.161;-0.0087
22.162;-0.0087
22.163;-0.006727
22.164;-0.007714
22.165;-0.005905
22.166;-0.005576
22.167;-0.005248
22.168;-0.00607
22.169;-0.00607
22.17;-0.005576
22.171;-0.00722
22.172;-0.0087
22.173;-0.00722
22.174;-0.0087
22.175;-0.009193
22.176;-0.009522
22.177;-0.008535
22.178;-0.008371
22.179;-0.007549
22.18;-0.007878
22.181;-0.007056
22.182;-0.005905
22.183;-0.005576
22.184;-0.00607
22.185;-0.005905
22.186;-0.006398
22.187;-0.007385
22.188;-0.006727
22.189;-0.006398
22.19;-0.008042
22.191;-0.009357
22.192;-0.008864
22.193;-0.009686
22.194;-0.009029
22.195;-0.008864
22.196;-0.008042
22.197;-0.00607
22.198;-0.006727
22.199;-0.005576
22.2;-0.005741
22.201;-0.00607
22.202;-0.00607
22.203;-0.005905
22.204;-0.006727
22.205;-0.006727
22.206;-0.009357
22.207;-0.009193
22.208;-0.0087
22.209;-0.009029
22.21;-0.009029
22.211;-0.0087
22.212;-0.007385
22.213;-0.008042
22.214;-0.00722
22.215;-0.007056
22.216;-0.006398
22.217;-0.006234
22.218;-0.005741
22.219;-0.00607
22.22;-0.007056
22.221;-0.008371
22.222;-0.008535
22.223;-0.008042
22.224;-0.008371
22.225;-0.009357
22.226;-0.0087
22.227;-0.007878
22.228;-0.0087
22.229;-0.008042
22.23;-0.008371
22.231;-0.006727
22.232;-0.007385
22.233;-0.005741
22.234;-0.00607
22.235;-0.006398
22.236;-0.006398
22.237;-0.00607
22.238;-0.006398
22.239;-0.007878
22.24;-0.008042
22.241;-0.009029
22.242;-0.008207
22.243;-0.008864
22.244;-0.0087
22.245;-0.008042
22.246;-0.008042
22.247;-0.007549
22.248;-0.007385
22.249;-0.006727
22.25;-0.006234
22.251;-0.006563
22.252;-0.005412
22.253;-0.006234
22.254;-0.007549
22.255;-0.007878
22.256;-0.007549
22.257;-0.008535
22.258;-0.009357
22.259;-0.007878
22.26;-0.009522
22.261;-0.008207
22.262;-0.008371
22.263;-0.007714
22.264;-0.007714
22.265;-0.007549
22.266;-0.006398
22.267;-0.005248
22.268;-0.005905
22.269;-0.005905
22.27;-0.006563
22.271;-0.006727
22.272;-0.00607
22.273;-0.008371
22.274;-0.0087
22.275;-0.008864
22.276;-0.0087
22.277;-0.009357
22.278;-0.008371
22.279;-0.007549
22.28;-0.007878
22.281;-0.007878
22.282;-0.006727
22.283;-0.005576
22.284;-0.005083
22.285;-0.006234
22.286;-0.004426
22.287;-0.005576
22.288;-0.005576
22.289;-0.007056
22.29;-0.008207
22.291;-0.007878
22.292;-0.008864
22.293;-0.009029
22.294;-0.008371
22.295;-0.008371
22.296;-0.0087
22.297;-0.00607
22.298;-0.006727
22.299;-0.006234
22.3;-0.005905
22.301;-0.005248
22.302;-0.005083
22.303;-0.005905
22.304;-0.007878
22.305;-0.007549
22.306;-0.007056
22.307;-0.0087
22.308;-0.009029
22.309;-0.008042
22.31;-0.0087
22.311;-0.009357
22.312;-0.008864
22.313;-0.009029
22.314;-0.007878
22.315;-0.006892
22.316;-0.006563
22.317;-0.005905
22.318;-0.006398
22.319;-0.006398
22.32;-0.007056
22.321;-0.005905
22.322;-0.006563
22.323;-0.006398
22.324;-0.008535
22.325;-0.007385
22.326;-0.006563
22.327;-0.006398
22.328;-0.005576
22.329;-0.006398
22.33;-0.004919
22.331;-0.00459
22.332;-0.002782
22.333;-0.002617
22.334;-0.002453
22.335;-0.002617
22.336;-0.000645
22.337;-0.002289
22.338;-0.001796
22.339;-0.002289
22.34;-0.003439
22.341;-0.003604
22.342;-0.003275
22.343;-0.00196
22.344;-0.003275
22.345;-0.003275
22.346;-0.002289
22.347;-0.000974
22.348;-0.00048
22.349;1.27E-05
22.35;0.001985
22.351;0.002807
22.352;0.002643
22.353;0.002314
22.354;0.001492
22.355;0.00215
22.356;0.000835
22.357;0.000835
22.358;0.001657
22.359;0.002314
22.36;0.001985
22.361;0.003794
22.362;0.004122
22.363;0.005273
22.364;0.005273
22.365;0.008232
22.366;0.007575
22.367;0.009876
22.368;0.010369
22.369;0.010698
22.37;0.011356
22.371;0.011027
22.372;0.010698
22.373;0.011191
22.374;0.009712
22.375;0.011027
22.376;0.011684
22.377;0.011849
22.378;0.012835
22.379;0.013657
22.38;0.013821
22.381;0.015136
22.382;0.015301
22.383;0.016287
22.384;0.017109
22.385;0.01826
22.386;0.017109
22.387;0.016945
22.388;0.016452
22.389;0.015794
22.39;0.013821
22.391;0.013164
22.392;0.012999
22.393;0.012177
22.394;0.011191
22.395;0.01152
22.396;0.011849
22.397;0.011849
22.398;0.011191
22.399;0.011849
22.4;0.012671
22.401;0.011356
22.402;0.011027
22.403;0.01004
22.404;0.008725
22.405;0.007903
22.406;0.006424
22.407;0.005766
22.408;0.005273
22.409;0.00478
22.41;0.003794
22.411;0.005438
22.412;0.004944
22.413;0.001985
22.414;0.002643
22.415;0.003958
22.416;0.003958
22.417;0.004122
22.418;0.003136
22.419;0.003301
22.42;0.002972
22.421;0.001985
22.422;0.000835
22.423;-0.001138
22.424;-0.002453
22.425;-0.001631
22.426;-0.001302
22.427;-0.002946
22.428;-0.003768
22.429;-0.00459
22.43;-0.003439
22.431;-0.003275
22.432;-0.001796
22.433;-0.00048
22.434;-0.001796
22.435;-0.002782
22.436;-0.001467
22.437;-0.004097
22.438;-0.004755
22.439;-0.006563
22.44;-0.005576
22.441;-0.006234
22.442;-0.006563
22.443;-0.00722
22.444;-0.007714
22.445;-0.007714
22.446;-0.00722
22.447;-0.006727
22.448;-0.005741
22.449;-0.00722
22.45;-0.00607
22.451;-0.00607
22.452;-0.005412
22.453;-0.004919
22.454;-0.006727
22.455;-0.007385
22.456;-0.008042
22.457;-0.007714
22.458;-0.009522
22.459;-0.008535
22.46;-0.008535
22.461;-0.010344
22.462;-0.008371
22.463;-0.008207
22.464;-0.007714
22.465;-0.008207
22.466;-0.007714
22.467;-0.006727
22.468;-0.006398
22.469;-0.007714
22.47;-0.007056
22.471;-0.008864
22.472;-0.009357
22.473;-0.009851
22.474;-0.011494
22.475;-0.01281
22.476;-0.014453
22.477;-0.014453
22.478;-0.012974
22.479;-0.012316
22.48;-0.014453
22.481;-0.013631
22.482;-0.014782
22.483;-0.013796
22.484;-0.01544
22.485;-0.017084
22.486;-0.019221
22.487;-0.020865
22.488;-0.024974
22.489;-0.026289
22.49;-0.028262
22.491;-0.031714
22.492;-0.034509
22.493;-0.038125
22.494;-0.038947
22.495;-0.040262
22.496;-0.040427
22.497;-0.041084
22.498;-0.040098
22.499;-0.040262
22.5;-0.037632
22.501;-0.03418
22.502;-0.032701
22.503;-0.028098
22.504;-0.022015
22.505;-0.015933
22.506;-0.008371
22.507;-0.001138
22.508;0.009383
22.509;0.019575
22.51;0.030096
22.511;0.043247
22.512;0.056234
22.513;0.069549
22.514;0.082371
22.515;0.09618
22.516;0.11081
22.517;0.122153
22.518;0.135469
22.519;0.14862
22.52;0.157661
22.521;0.167196
22.522;0.173936
22.523;0.180182
22.524;0.183963
22.525;0.186265
22.526;0.183141
22.527;0.178703
22.528;0.170319
22.529;0.158319
22.53;0.144839
22.531;0.129551
22.532;0.114427
22.533;0.099139
22.534;0.087303
22.535;0.075467
22.536;0.06396
22.537;0.054096
22.538;0.045877
22.539;0.037
22.54;0.027466
22.541;0.021548
22.542;0.013821
22.543;0.008397
22.544;0.004451
22.545;0.000342
22.546;-0.003439
22.547;-0.006727
22.548;-0.007878
22.549;-0.008042
22.55;-0.009029
22.551;-0.011494
22.552;-0.012152
22.553;-0.01396
22.554;-0.01396
22.555;-0.014125
22.556;-0.016262
22.557;-0.015933
22.558;-0.016755
22.559;-0.01659
22.56;-0.015111
22.561;-0.013303
22.562;-0.011659
22.563;-0.009522
22.564;-0.006563
22.565;-0.00459
22.566;-0.002946
22.567;-0.002617
22.568;0.001657
22.569;0.002479
22.57;0.004944
22.571;0.002643
22.572;0.004616
22.573;0.003794
22.574;0.002643
22.575;0.002807
22.576;0.004122
22.577;0.00478
22.578;0.004944
22.579;0.004616
22.58;0.005931
22.581;0.004122
22.582;0.003301
22.583;0.004944
22.584;0.007081
22.585;0.00478
22.586;0.002807
22.587;0.003136
22.588;0.001985
22.589;0.00067
22.59;-0.00196
22.591;-0.001467
22.592;1.27E-05
22.593;0.000177
22.594;0.000342
22.595;-0.000152
22.596;-0.000316
22.597;0.000342
22.598;1.27E-05
22.599;0.001163
22.6;0.001821
22.601;0.001163
22.602;0.002643
22.603;0.002479
22.604;0.001163
22.605;0.001657
22.606;0.000999
22.607;0.001163
22.608;-0.00048
22.609;0.000835
22.61;0.001163
22.611;0.001492
22.612;0.00067
22.613;0.001821
22.614;0.003794
22.615;0.003301
22.616;0.004287
22.617;0.005602
22.618;0.006917
22.619;0.006424
22.62;0.005766
22.621;0.006588
22.622;0.005602
22.623;0.005109
22.624;0.004616
22.625;0.004287
22.626;0.003958
22.627;0.005766
22.628;0.006917
22.629;0.006917
22.63;0.006588
22.631;0.008725
22.632;0.009547
22.633;0.010369
22.634;0.010698
22.635;0.011027
22.636;0.011191
22.637;0.013493
22.638;0.012835
22.639;0.012342
22.64;0.012835
22.641;0.012506
22.642;0.011849
22.643;0.014315
22.644;0.015465
22.645;0.015136
22.646;0.015465
22.647;0.017602
22.648;0.018917
22.649;0.019739
22.65;0.020068
22.651;0.021876
22.652;0.021876
22.653;0.022205
22.654;0.021548
22.655;0.022863
22.656;0.022041
22.657;0.022863
22.658;0.022698
22.659;0.024671
22.66;0.024013
22.661;0.024342
22.662;0.026644
22.663;0.026315
22.664;0.028123
22.665;0.029931
22.666;0.031247
22.667;0.031575
22.668;0.032562
22.669;0.033384
22.67;0.034534
22.671;0.034863
22.672;0.034863
22.673;0.035356
22.674;0.034206
22.675;0.034534
22.676;0.034699
22.677;0.037164
22.678;0.039137
22.679;0.038973
22.68;0.040452
22.681;0.041932
22.682;0.042425
22.683;0.044233
22.684;0.04522
22.685;0.045877
22.686;0.046206
22.687;0.047192
22.688;0.04785
22.689;0.049494
22.69;0.049822
22.691;0.048179
22.692;0.049
22.693;0.050644
22.694;0.05048
22.695;0.050973
22.696;0.054096
22.697;0.054754
22.698;0.056069
22.699;0.058042
22.7;0.06133
22.701;0.061165
22.702;0.061494
22.703;0.061658
22.704;0.062316
22.705;0.062152
22.706;0.061987
22.707;0.061823
22.708;0.062973
22.709;0.062809
22.71;0.063631
22.711;0.066261
22.712;0.066097
22.713;0.065932
22.714;0.067412
22.715;0.069713
22.716;0.070371
22.717;0.072508
22.718;0.072508
22.719;0.074481
22.72;0.074316
22.721;0.074481
22.722;0.073659
22.723;0.074316
22.724;0.074809
22.725;0.074974
22.726;0.075631
22.727;0.075138
22.728;0.076946
22.729;0.076289
22.73;0.077111
22.731;0.077933
22.732;0.079577
22.733;0.079248
22.734;0.081221
22.735;0.080892
22.736;0.079577
22.737;0.079577
22.738;0.079248
22.739;0.077604
22.74;0.075796
22.741;0.073987
22.742;0.074152
22.743;0.074974
22.744;0.074481
22.745;0.074974
22.746;0.073659
22.747;0.073494
22.748;0.072344
22.749;0.073494
22.75;0.072179
22.751;0.072508
22.752;0.070864
22.753;0.070042
22.754;0.068234
22.755;0.065932
22.756;0.064617
22.757;0.062645
22.758;0.060508
22.759;0.059521
22.76;0.059028
22.761;0.05722
22.762;0.056727
22.763;0.054425
22.764;0.054754
22.765;0.053439
22.766;0.051795
22.767;0.052288
22.768;0.051959
22.769;0.049329
22.77;0.04785
22.771;0.046206
22.772;0.044726
22.773;0.041767
22.774;0.040123
22.775;0.038315
22.776;0.037822
22.777;0.035849
22.778;0.034206
22.779;0.035192
22.78;0.032726
22.781;0.032397
22.782;0.03174
22.783;0.03289
22.784;0.031575
22.785;0.028452
22.786;0.02763
22.787;0.027301
22.788;0.025164
22.789;0.021712
22.79;0.021219
22.791;0.019739
22.792;0.018424
22.793;0.01678
22.794;0.016945
22.795;0.01563
22.796;0.01563
22.797;0.014315
22.798;0.01563
22.799;0.014315
22.8;0.013821
22.801;0.013986
22.802;0.013657
22.803;0.012177
22.804;0.010369
22.805;0.009547
22.806;0.007575
22.807;0.007246
22.808;0.005438
22.809;0.004616
22.81;0.003136
22.811;0.002972
22.812;0.001492
22.813;0.003958
22.814;0.002643
22.815;0.002807
22.816;0.002972
22.817;0.003794
22.818;0.002643
22.819;0.000999
22.82;0.001163
22.821;-0.000316
22.822;-0.000645
22.823;-0.003111
22.824;-0.002617
22.825;-0.00459
22.826;-0.004919
22.827;-0.005741
22.828;-0.005083
22.829;-0.004919
22.83;-0.004919
22.831;-0.003933
22.832;-0.004426
22.833;-0.004426
22.834;-0.004755
22.835;-0.004919
22.836;-0.00607
22.837;-0.006234
22.838;-0.00722
22.839;-0.00722
22.84;-0.008864
22.841;-0.009357
22.842;-0.01133
22.843;-0.010837
22.844;-0.01133
22.845;-0.011001
22.846;-0.009029
22.847;-0.0087
22.848;-0.009193
22.849;-0.008207
22.85;-0.008371
22.851;-0.008207
22.852;-0.009029
22.853;-0.009522
22.854;-0.010179
22.855;-0.010673
22.856;-0.011166
22.857;-0.012481
22.858;-0.011823
22.859;-0.011659
22.86;-0.011166
22.861;-0.011494
22.862;-0.010837
22.863;-0.011659
22.864;-0.010837
22.865;-0.01133
22.866;-0.009851
22.867;-0.009686
22.868;-0.009193
22.869;-0.010344
22.87;-0.009686
22.871;-0.010508
22.872;-0.012316
22.873;-0.011001
22.874;-0.011988
22.875;-0.012316
22.876;-0.012974
22.877;-0.011823
22.878;-0.010673
22.879;-0.011166
22.88;-0.010837
22.881;-0.010344
22.882;-0.010179
22.883;-0.009357
22.884;-0.009357
22.885;-0.009029
22.886;-0.009357
22.887;-0.009357
22.888;-0.009193
22.889;-0.010179
22.89;-0.011166
22.891;-0.013467
22.892;-0.012152
22.893;-0.012481
22.894;-0.012974
22.895;-0.011823
22.896;-0.010344
22.897;-0.010015
22.898;-0.009851
22.899;-0.0087
22.9;-0.0087
22.901;-0.008535
22.902;-0.008371
22.903;-0.008864
22.904;-0.009029
22.905;-0.009686
22.906;-0.011001
22.907;-0.010508
22.908;-0.01133
22.909;-0.011166
22.91;-0.011823
22.911;-0.011001
22.912;-0.011823
22.913;-0.010508
22.914;-0.010179
22.915;-0.009357
22.916;-0.0087
22.917;-0.008864
22.918;-0.008207
22.919;-0.009193
22.92;-0.008535
22.921;-0.010179
22.922;-0.008864
22.923;-0.010179
22.924;-0.010344
22.925;-0.011001
22.926;-0.010508
22.927;-0.011659
22.928;-0.010673
22.929;-0.010508
22.93;-0.009522
22.931;-0.009686
22.932;-0.008042
22.933;-0.00722
22.934;-0.006398
22.935;-0.008042
22.936;-0.007714
22.937;-0.006398
22.938;-0.007878
22.939;-0.008207
22.94;-0.009522
22.941;-0.009686
22.942;-0.010015
22.943;-0.009029
22.944;-0.008535
22.945;-0.008042
22.946;-0.008535
22.947;-0.008864
22.948;-0.007385
22.949;-0.008207
22.95;-0.00722
22.951;-0.007056
22.952;-0.005412
22.953;-0.007714
22.954;-0.00722
22.955;-0.007878
22.956;-0.007549
22.957;-0.0087
22.958;-0.011166
22.959;-0.009193
22.96;-0.009522
22.961;-0.009522
22.962;-0.009029
22.963;-0.008371
22.964;-0.008042
22.965;-0.006234
22.966;-0.006563
22.967;-0.005905
22.968;-0.006234
22.969;-0.006234
22.97;-0.008042
22.971;-0.00722
22.972;-0.007714
22.973;-0.0087
22.974;-0.009029
22.975;-0.009851
22.976;-0.009686
22.977;-0.009686
22.978;-0.009686
22.979;-0.009357
22.98;-0.009193
22.981;-0.009357
22.982;-0.00722
22.983;-0.006727
22.984;-0.006727
22.985;-0.007056
22.986;-0.006892
22.987;-0.007056
22.988;-0.007549
22.989;-0.008042
22.99;-0.009851
22.991;-0.009522
22.992;-0.010179
22.993;-0.010179
22.994;-0.009851
22.995;-0.008864
22.996;-0.010179
22.997;-0.007878
22.998;-0.008864
22.999;-0.008371
23;-0.009029
23.001;-0.005412
23.002;-0.007549
23.003;-0.007714
23.004;-0.006727
23.005;-0.006234
23.006;-0.009029
23.007;-0.008535
23.008;-0.009193
23.009;-0.009357
23.01;-0.010179
23.011;-0.012152
23.012;-0.008042
23.013;-0.010179
23.014;-0.008042
23.015;-0.008042
23.016;-0.00607
23.017;-0.007549
23.018;-0.006563
23.019;-0.007549
23.02;-0.007385
23.021;-0.007714
23.022;-0.008864
23.023;-0.009193
23.024;-0.009686
23.025;-0.010015
23.026;-0.010673
23.027;-0.007878
23.028;-0.008535
23.029;-0.009357
23.03;-0.008864
23.031;-0.008042
23.032;-0.007385
23.033;-0.006892
23.034;-0.008535
23.035;-0.005576
23.036;-0.007385
23.037;-0.00607
23.038;-0.007878
23.039;-0.008207
23.04;-0.008371
23.041;-0.008864
23.042;-0.009193
23.043;-0.009522
23.044;-0.009357
23.045;-0.010673
23.046;-0.0087
23.047;-0.007878
23.048;-0.008042
23.049;-0.007549
23.05;-0.005576
23.051;-0.005741
23.052;-0.006892
23.053;-0.007549
23.054;-0.006234
23.055;-0.007549
23.056;-0.007714
23.057;-0.009029
23.058;-0.010179
23.059;-0.009686
23.06;-0.010508
23.061;-0.0087
23.062;-0.009522
23.063;-0.008864
23.064;-0.009851
23.065;-0.007878
23.066;-0.006892
23.067;-0.006398
23.068;-0.008042
23.069;-0.007056
23.07;-0.00722
23.071;-0.008042
23.072;-0.008042
23.073;-0.009193
23.074;-0.009686
23.075;-0.009851
23.076;-0.0087
23.077;-0.009522
23.078;-0.009357
23.079;-0.009193
23.08;-0.00722
23.081;-0.008207
23.082;-0.0087
23.083;-0.007056
23.084;-0.005905
23.085;-0.006563
23.086;-0.006727
23.087;-0.007056
23.088;-0.007385
23.089;-0.008371
23.09;-0.009193
23.091;-0.008864
23.092;-0.009851
23.093;-0.010179
23.094;-0.009851
23.095;-0.008535
23.096;-0.009851
23.097;-0.010179
23.098;-0.008207
23.099;-0.007549
23.1;-0.007549
23.101;-0.006727
23.102;-0.006398
23.103;-0.007878
23.104;-0.008042
23.105;-0.008535
23.106;-0.008042
23.107;-0.009029
23.108;-0.010508
23.109;-0.009357
23.11;-0.009029
23.111;-0.009193
23.112;-0.010015
23.113;-0.010015
23.114;-0.007549
23.115;-0.009029
23.116;-0.006892
23.117;-0.006398
23.118;-0.005741
23.119;-0.007056
23.12;-0.008042
23.121;-0.007714
23.122;-0.008042
23.123;-0.0087
23.124;-0.009029
23.125;-0.008535
23.126;-0.010179
23.127;-0.009357
23.128;-0.009851
23.129;-0.009851
23.13;-0.0087
23.131;-0.00722
23.132;-0.008042
23.133;-0.006727
23.134;-0.006727
23.135;-0.006727
23.136;-0.006727
23.137;-0.006727
23.138;-0.008864
23.139;-0.007549
23.14;-0.007056
23.141;-0.008207
23.142;-0.009029
23.143;-0.008864
23.144;-0.008042
23.145;-0.008864
23.146;-0.009193
23.147;-0.0087
23.148;-0.007549
23.149;-0.006727
23.15;-0.006398
23.151;-0.00607
23.152;-0.005905
23.153;-0.007056
23.154;-0.006727
23.155;-0.007056
23.156;-0.008864
23.157;-0.008371
23.158;-0.009686
23.159;-0.009357
23.16;-0.009686
23.161;-0.008864
23.162;-0.009357
23.163;-0.008535
23.164;-0.008535
23.165;-0.007878
23.166;-0.008042
23.167;-0.006234
23.168;-0.006727
23.169;-0.006398
23.17;-0.007549
23.171;-0.007714
23.172;-0.007385
23.173;-0.008371
23.174;-0.008535
23.175;-0.010179
23.176;-0.010015
23.177;-0.009851
23.178;-0.008042
23.179;-0.0087
23.18;-0.008042
23.181;-0.006892
23.182;-0.005905
23.183;-0.005412
23.184;-0.003275
23.185;-0.003933
23.186;-0.004426
23.187;-0.005083
23.188;-0.005248
23.189;-0.003768
23.19;-0.00459
23.191;-0.004755
23.192;-0.005576
23.193;-0.005083
23.194;-0.003275
23.195;-0.005905
23.196;-0.004261
23.197;-0.00459
23.198;-0.002617
23.199;-0.002289
23.2;0.00067
23.201;0.000506
23.202;-0.001302
23.203;-0.001467
23.204;0.000177
23.205;-0.000809
23.206;-0.000152
23.207;-0.001302
23.208;-0.001467
23.209;-0.001796
23.21;-0.000645
23.211;-0.000645
23.212;0.000177
23.213;0.001328
23.214;0.00215
23.215;0.003301
23.216;0.004122
23.217;0.004944
23.218;0.006259
23.219;0.006917
23.22;0.006753
23.221;0.006588
23.222;0.007081
23.223;0.006917
23.224;0.007246
23.225;0.007903
23.226;0.006588
23.227;0.008397
23.228;0.008397
23.229;0.009547
23.23;0.010698
23.231;0.011356
23.232;0.012671
23.233;0.013164
23.234;0.016616
23.235;0.015465
23.236;0.014808
23.237;0.015136
23.238;0.01563
23.239;0.015794
23.24;0.014808
23.241;0.013657
23.242;0.01415
23.243;0.013657
23.244;0.012342
23.245;0.013328
23.246;0.013657
23.247;0.013657
23.248;0.014479
23.249;0.014479
23.25;0.013328
23.251;0.013821
23.252;0.012177
23.253;0.011684
23.254;0.011191
23.255;0.010369
23.256;0.009218
23.257;0.01004
23.258;0.007739
23.259;0.006095
23.26;0.004944
23.261;0.006095
23.262;0.005273
23.263;0.00478
23.264;0.006753
23.265;0.005273
23.266;0.006424
23.267;0.006424
23.268;0.006424
23.269;0.003958
23.27;0.003958
23.271;0.00215
23.272;0.002972
23.273;0.001163
23.274;0.000999
23.275;0.000177
23.276;-0.000152
23.277;-0.001302
23.278;-0.000809
23.279;-0.000809
23.28;-0.001796
23.281;-0.000152
23.282;-0.000809
23.283;-0.000316
23.284;-0.000316
23.285;-0.001631
23.286;-0.002617
23.287;-0.002289
23.288;-0.004426
23.289;-0.00459
23.29;-0.005083
23.291;-0.005576
23.292;-0.007056
23.293;-0.006563
23.294;-0.00607
23.295;-0.006563
23.296;-0.005905
23.297;-0.006892
23.298;-0.005741
23.299;-0.004919
23.3;-0.00459
23.301;-0.005248
23.302;-0.005083
23.303;-0.005412
23.304;-0.005905
23.305;-0.00722
23.306;-0.008864
23.307;-0.009522
23.308;-0.008864
23.309;-0.008535
23.31;-0.008371
23.311;-0.009851
23.312;-0.008535
23.313;-0.0087
23.314;-0.0087
23.315;-0.007549
23.316;-0.007714
23.317;-0.006727
23.318;-0.006398
23.319;-0.008371
23.32;-0.008535
23.321;-0.009686
23.322;-0.010015
23.323;-0.011166
23.324;-0.011166
23.325;-0.011166
23.326;-0.010508
23.327;-0.012316
23.328;-0.010673
23.329;-0.011988
23.33;-0.010673
23.331;-0.011988
23.332;-0.011001
23.333;-0.012152
23.334;-0.011166
23.335;-0.012481
23.336;-0.012481
23.337;-0.014947
23.338;-0.014947
23.339;-0.017084
23.34;-0.017577
23.341;-0.020207
23.342;-0.022344
23.343;-0.02333
23.344;-0.027933
23.345;-0.028262
23.346;-0.030728
23.347;-0.031385
23.348;-0.033687
23.349;-0.036481
23.35;-0.037632
23.351;-0.037468
23.352;-0.038454
23.353;-0.039605
23.354;-0.040427
23.355;-0.039605
23.356;-0.041249
23.357;-0.037961
23.358;-0.034344
23.359;-0.031385
23.36;-0.02481
23.361;-0.017412
23.362;-0.009193
23.363;0.000342
23.364;0.010862
23.365;0.021219
23.366;0.033877
23.367;0.045713
23.368;0.059028
23.369;0.07185
23.37;0.084015
23.371;0.096344
23.372;0.10966
23.373;0.122646
23.374;0.132674
23.375;0.144346
23.376;0.155195
23.377;0.164894
23.378;0.173936
23.379;0.178867
23.38;0.184785
23.381;0.186758
23.382;0.1861
23.383;0.17936
23.384;0.170977
23.385;0.159141
23.386;0.144839
23.387;0.129058
23.388;0.113934
23.389;0.098975
23.39;0.084673
23.391;0.072344
23.392;0.060343
23.393;0.05048
23.394;0.042589
23.395;0.035192
23.396;0.027466
23.397;0.021054
23.398;0.015136
23.399;0.009054
23.4;0.006424
23.401;0.00215
23.402;-0.000809
23.403;-0.005248
23.404;-0.007385
23.405;-0.010508
23.406;-0.012316
23.407;-0.013796
23.408;-0.014947
23.409;-0.015604
23.41;-0.017084
23.411;-0.015769
23.412;-0.01544
23.413;-0.017084
23.414;-0.01544
23.415;-0.01396
23.416;-0.011988
23.417;-0.01133
23.418;-0.009357
23.419;-0.007714
23.42;-0.007385
23.421;-0.003933
23.422;-0.002946
23.423;-0.003275
23.424;-0.002453
23.425;-0.000809
23.426;-0.000152
23.427;0.001492
23.428;0.000999
23.429;0.001657
23.43;0.003301
23.431;0.00478
23.432;0.005438
23.433;0.005273
23.434;0.006588
23.435;0.006095
23.436;0.005438
23.437;0.005438
23.438;0.002972
23.439;0.003301
23.44;0.002479
23.441;1.27E-05
23.442;0.000835
23.443;-0.00048
23.444;1.27E-05
23.445;0.000177
23.446;-0.000316
23.447;0.000177
23.448;-0.000809
23.449;0.001492
23.45;0.001821
23.451;0.001492
23.452;0.000506
23.453;0.000177
23.454;0.000177
23.455;0.001985
23.456;-0.000974
23.457;-0.000645
23.458;-0.001302
23.459;-0.001302
23.46;1.27E-05
23.461;-0.001302
23.462;-0.00048
23.463;1.27E-05
23.464;0.001328
23.465;0.001985
23.466;0.001821
23.467;0.003629
23.468;0.004287
23.469;0.003465
23.47;0.004122
23.471;0.003465
23.472;0.002479
23.473;0.002972
23.474;0.002807
23.475;0.002314
23.476;0.003465
23.477;0.003465
23.478;0.004122
23.479;0.003794
23.48;0.004287
23.481;0.005931
23.482;0.007739
23.483;0.007246
23.484;0.007903
23.485;0.00889
23.486;0.008397
23.487;0.009383
23.488;0.008397
23.489;0.008232
23.49;0.00889
23.491;0.00889
23.492;0.009383
23.493;0.009054
23.494;0.011027
23.495;0.012177
23.496;0.011849
23.497;0.012506
23.498;0.014479
23.499;0.015958
23.5;0.015794
23.501;0.017438
23.502;0.017109
23.503;0.017602
23.504;0.017931
23.505;0.018095
23.506;0.017274
23.507;0.017931
23.508;0.018917
23.509;0.018589
23.51;0.02089
23.511;0.021054
23.512;0.022698
23.513;0.021876
23.514;0.023191
23.515;0.024835
23.516;0.027301
23.517;0.028123
23.518;0.028123
23.519;0.027959
23.52;0.028781
23.521;0.029931
23.522;0.028616
23.523;0.028945
23.524;0.029438
23.525;0.030753
23.526;0.030918
23.527;0.03289
23.528;0.033712
23.529;0.033877
23.53;0.035027
23.531;0.036343
23.532;0.037822
23.533;0.039466
23.534;0.040617
23.535;0.040945
23.536;0.041274
23.537;0.042918
23.538;0.043247
23.539;0.043082
23.54;0.042918
23.541;0.042754
23.542;0.042589
23.543;0.044398
23.544;0.046206
23.545;0.047357
23.546;0.049329
23.547;0.050809
23.548;0.051631
23.549;0.052453
23.55;0.052453
23.551;0.05311
23.552;0.055083
23.553;0.056069
23.554;0.056727
23.555;0.057713
23.556;0.058206
23.557;0.057549
23.558;0.058371
23.559;0.059193
23.56;0.058371
23.561;0.060343
23.562;0.061165
23.563;0.061165
23.564;0.063302
23.565;0.064289
23.566;0.067248
23.567;0.067576
23.568;0.06922
23.569;0.067905
23.57;0.070207
23.571;0.069713
23.572;0.069549
23.573;0.070042
23.574;0.070207
23.575;0.070207
23.576;0.071522
23.577;0.071522
23.578;0.073001
23.579;0.073001
23.58;0.074645
23.581;0.075796
23.582;0.076453
23.583;0.077604
23.584;0.07859
23.585;0.079084
23.586;0.076782
23.587;0.079248
23.588;0.07859
23.589;0.07744
23.59;0.077933
23.591;0.076453
23.592;0.07596
23.593;0.075796
23.594;0.076453
23.595;0.077111
23.596;0.076782
23.597;0.076289
23.598;0.076289
23.599;0.076946
23.6;0.077111
23.601;0.076125
23.602;0.076289
23.603;0.073823
23.604;0.073494
23.605;0.071686
23.606;0.070371
23.607;0.068234
23.608;0.068398
23.609;0.066919
23.61;0.065768
23.611;0.064124
23.612;0.063631
23.613;0.061494
23.614;0.061165
23.615;0.061823
23.616;0.06133
23.617;0.060179
23.618;0.059028
23.619;0.056398
23.62;0.054261
23.621;0.051959
23.622;0.051466
23.623;0.049822
23.624;0.048343
23.625;0.046206
23.626;0.044726
23.627;0.043576
23.628;0.041932
23.629;0.042096
23.63;0.038644
23.631;0.039795
23.632;0.037986
23.633;0.037329
23.634;0.037822
23.635;0.036014
23.636;0.034534
23.637;0.031575
23.638;0.030918
23.639;0.028288
23.64;0.027794
23.641;0.02615
23.642;0.024342
23.643;0.02352
23.644;0.02352
23.645;0.02237
23.646;0.020068
23.647;0.020397
23.648;0.019739
23.649;0.020232
23.65;0.018753
23.651;0.018424
23.652;0.017931
23.653;0.01563
23.654;0.014808
23.655;0.013821
23.656;0.01152
23.657;0.009876
23.658;0.00889
23.659;0.008232
23.66;0.007575
23.661;0.006753
23.662;0.005931
23.663;0.005931
23.664;0.005766
23.665;0.005438
23.666;0.005766
23.667;0.004287
23.668;0.004122
23.669;0.003629
23.67;0.002972
23.671;0.002807
23.672;0.00067
23.673;0.001328
23.674;-0.000645
23.675;-0.001467
23.676;-0.004426
23.677;-0.002946
23.678;-0.002289
23.679;-0.003933
23.68;-0.002289
23.681;-0.003111
23.682;-0.002289
23.683;-0.003439
23.684;-0.002782
23.685;-0.002946
23.686;-0.003604
23.687;-0.004261
23.688;-0.005412
23.689;-0.006563
23.69;-0.007878
23.691;-0.008371
23.692;-0.009357
23.693;-0.010015
23.694;-0.009522
23.695;-0.008864
23.696;-0.010179
23.697;-0.009686
23.698;-0.008535
23.699;-0.009029
23.7;-0.008042
23.701;-0.008042
23.702;-0.007878
23.703;-0.008207
23.704;-0.009686
23.705;-0.009686
23.706;-0.010673
23.707;-0.01133
23.708;-0.013303
23.709;-0.012645
23.71;-0.012152
23.711;-0.011988
23.712;-0.012316
23.713;-0.011988
23.714;-0.010673
23.715;-0.009522
23.716;-0.010015
23.717;-0.009686
23.718;-0.009522
23.719;-0.010179
23.72;-0.010015
23.721;-0.010508
23.722;-0.011166
23.723;-0.011494
23.724;-0.01281
23.725;-0.013467
23.726;-0.013631
23.727;-0.01281
23.728;-0.012316
23.729;-0.01281
23.73;-0.011494
23.731;-0.011166
23.732;-0.010837
23.733;-0.009357
23.734;-0.009522
23.735;-0.009357
23.736;-0.010344
23.737;-0.010015
23.738;-0.011001
23.739;-0.01133
23.74;-0.01133
23.741;-0.011823
23.742;-0.014289
23.743;-0.011988
23.744;-0.012152
23.745;-0.01133
23.746;-0.012645
23.747;-0.011001
23.748;-0.011001
23.749;-0.010837
23.75;-0.009851
23.751;-0.010179
23.752;-0.009686
23.753;-0.009357
23.754;-0.008864
23.755;-0.009851
23.756;-0.009851
23.757;-0.011166
23.758;-0.01133
23.759;-0.012316
23.76;-0.011823
23.761;-0.011166
23.762;-0.011166
23.763;-0.011001
23.764;-0.010508
23.765;-0.009357
23.766;-0.009357
23.767;-0.009522
23.768;-0.009357
23.769;-0.008864
23.77;-0.010015
23.771;-0.010179
23.772;-0.010344
23.773;-0.011823
23.774;-0.011166
23.775;-0.010179
23.776;-0.011659
23.777;-0.01133
23.778;-0.010179
23.779;-0.01133
23.78;-0.009522
23.781;-0.009851
23.782;-0.009522
23.783;-0.009357
23.784;-0.007878
23.785;-0.007549
23.786;-0.007056
23.787;-0.008371
23.788;-0.007385
23.789;-0.008535
23.79;-0.009851
23.791;-0.010344
23.792;-0.01133
23.793;-0.010015
23.794;-0.010179
23.795;-0.009851
23.796;-0.008535
23.797;-0.008371
23.798;-0.009522
23.799;-0.007385
23.8;-0.006727
23.801;-0.00607
23.802;-0.007056
23.803;-0.007549
23.804;-0.007549
23.805;-0.007878
23.806;-0.009029
23.807;-0.008535
23.808;-0.010179
23.809;-0.009357
23.81;-0.009357
23.811;-0.010673
23.812;-0.009029
23.813;-0.010508
23.814;-0.008207
23.815;-0.007714
23.816;-0.007549
23.817;-0.006398
23.818;-0.006398
23.819;-0.007714
23.82;-0.00722
23.821;-0.007056
23.822;-0.007878
23.823;-0.0087
23.824;-0.009193
23.825;-0.010015
23.826;-0.010179
23.827;-0.010673
23.828;-0.010508
23.829;-0.010179
23.83;-0.009686
23.831;-0.008535
23.832;-0.007549
23.833;-0.008042
23.834;-0.006563
23.835;-0.00607
23.836;-0.007056
23.837;-0.007714
23.838;-0.008042
23.839;-0.008371
23.84;-0.009357
23.841;-0.009522
23.842;-0.009522
23.843;-0.011494
23.844;-0.009193
23.845;-0.009686
23.846;-0.008371
23.847;-0.010015
23.848;-0.008535
23.849;-0.008864
23.85;-0.006234
23.851;-0.007056
23.852;-0.006892
23.853;-0.006727
23.854;-0.007056
23.855;-0.007549
23.856;-0.009029
23.857;-0.009686
23.858;-0.011001
23.859;-0.010508
23.86;-0.010015
23.861;-0.010344
23.862;-0.010508
23.863;-0.009686
23.864;-0.008535
23.865;-0.007385
23.866;-0.008371
23.867;-0.006563
23.868;-0.007056
23.869;-0.006563
23.87;-0.0087
23.871;-0.008042
23.872;-0.008864
23.873;-0.009029
23.874;-0.009522
23.875;-0.009851
23.876;-0.009193
23.877;-0.009357
23.878;-0.009686
23.879;-0.009357
23.88;-0.008371
23.881;-0.008371
23.882;-0.007878
23.883;-0.007056
23.884;-0.006234
23.885;-0.007056
23.886;-0.00607
23.887;-0.006563
23.888;-0.007385
23.889;-0.008535
23.89;-0.009357
23.891;-0.009029
23.892;-0.009686
23.893;-0.010508
23.894;-0.009686
23.895;-0.010015
23.896;-0.008371
23.897;-0.007385
23.898;-0.007878
23.899;-0.007056
