nVentView2.1@g1@
d01.01.2002
l01.01.2002
pE:\g1.txt
a00 01 03
!00  8333 -10.00 90.00  0.04
!01  8333 -40.00 40.00  0.02
!03  8333 0.00 480.00  0.12
t01:07:33
 340 1928 6
 336 1938 3
 335 1949 1
 331 1953 0
 330 1961 0
 328 1968 0
 326 1976 0
 326 1979 0
 325 1984 0
 325 1984 0
 325 1988 0
 323 1990 0
 323 2000 0
 321 2000 0
 321 2000 0
 321 2000 0
 321 2000 0
 321 2000 0
 321 2000 0
 321 2000 0
 321 2000 0
 321 2000 0
 320 2000 0
 321 2000 0
 321 2000 0
 321 2000 0
 321 2000 0
 320 2000 0
 320 2000 0
 321 2000 0
 320 2000 0
 321 2000 0
 320 2000 0
 320 2000 0
 320 2000 0
 322 2000 0
 320 2000 0
 322 2000 0
 320 2000 0
 322 2000 0
 320 2000 0
 322 2000 0
 320 2000 0
 322 2000 0
 320 2000 0
 322 2000 0
 322 2000 0
 322 2000 0
 320 2000 0
 320 2000 0
 322 2000 0
 320 2000 0
 322 2000 0
 320 2000 0
 320 2000 0
 320 2000 0
 320 2000 0
 320 2000 0
 320 2000 0
 320 2000 0
 322 2000 0
t01:07:34
 320 2000 0
 322 2000 0
 321 2000 0
 326 2014 0
 384 2083 3
 431 2098 8
 460 2099 12
 481 2098 17
 496 2093 21
 511 2088 26
 521 2082 30
 531 2077 33
 540 2070 37
 548 2063 40
 555 2057 43
 562 2052 45
 567 2046 47
 572 2040 49
 573 2032 51
 578 2032 52
 583 2028 54
 587 2026 55
 588 2021 56
 592 2017 57
 592 2014 58
 593 2013 58
 595 2012 59
 596 2000 59
 598 2000 59
 600 2000 59
 600 2000 59
 600 2000 59
 600 2000 59
 600 2000 59
 600 2000 59
 600 2000 59
 601 2000 59
 600 2000 59
 602 2000 59
 593 1982 58
 513 1872 54
 422 1840 46
 382 1848 39
 371 1869 32
 365 1879 27
 364 1891 21
 352 1896 16
 343 1915 12
 340 1920 8
 337 1939 5
 337 1946 2
 333 1955 0
 332 1959 0
 330 1967 0
 328 1973 0
 326 1975 0
 325 1980 0
 325 1983 0
 323 1985 0
t01:07:35
 323 1988 0
 323 2000 0
 321 2000 0
 323 2000 0
 323 2000 0
 321 2000 0
 321 2000 0
 320 2000 0
 323 2000 0
 320 2000 0
 323 2000 0
 320 2000 0
 321 2000 0
 320 2000 0
 320 2000 0
 320 2000 0
 321 2000 0
 320 2000 0
 321 2000 0
 321 2000 0
 321 2000 0
 321 2000 0
 322 2000 0
 322 2000 0
 322 2000 0
 322 2000 0
 322 2000 0
 322 2000 0
 320 2000 0
 322 2000 0
 322 2000 0
 322 2000 0
 322 2000 0
 322 2000 0
 320 2000 0
 320 2000 0
 320 2000 0
 320 2000 0
 320 2000 0
 322 2000 0
 320 2000 0
 322 2000 0
 320 2000 0
 322 2000 0
 320 2000 0
 322 2000 0
 320 2000 0
 322 2000 0
 320 2000 0
 320 2000 0
 320 2000 0
 320 2000 0
 322 2000 0
 321 2000 0
 354 2055 1
 412 2095 5
 447 2099 10
 472 2098 15
 489 2095 19
 502 2091 24
t01:07:36
 516 2085 28
 526 2079 32
 536 2073 35
 545 2067 38
 551 2060 41
 558 2053 44
 564 2048 46
 568 2042 48
 574 2038 50
 578 2034 52
 583 2030 53
 584 2025 54
 586 2020 55
 588 2016 56
 591 2016 57
 589 2013 58
 595 2014 58
 593 2000 58
 596 2000 58
 596 2000 58
 598 2000 58
 598 2000 58
 598 2000 58
 600 2000 58
 600 2000 58
 601 2000 58
 599 2000 58
 601 2000 58
 601 2000 58
 600 2000 58
 560 1922 56
 462 1844 49
 395 1842 42
 373 1860 35
 366 1875 29
 361 1888 23
 359 1896 18
 347 1904 13
 342 1916 9
 338 1926 6
 335 1941 3
 335 1947 0
 332 1959 0
 332 1965 0
 328 1968 0
 328 1974 0
 326 1977 0
 325 1982 0
 325 1984 0
 323 1987 0
 321 1988 0
 323 2000 0
 321 2000 0
 323 2000 0
 323 2000 0
 323 2000 0
 321 2000 0
 321 2000 0
 321 2000 0
 321 2000 0
t01:07:37
 321 2000 0
 320 2000 0
 320 2000 0
 320 2000 0
 320 2000 0
 321 2000 0
 322 2000 0
 322 2000 0
 320 2000 0
 322 2000 0
 320 2000 0
 320 2000 0
 322 2000 0
 320 2000 0
 322 2000 0
 322 2000 0
 322 2000 0
 320 2000 0
 322 2000 0
 320 2000 0
 320 2000 0
 320 2000 0
 320 2000 0
 320 2000 0
 322 2000 0
 320 2000 0
 322 2000 0
 322 2000 0
 322 2000 0
 322 2000 0
 322 2000 0
 322 2000 0
 320 2000 0
 320 2000 0
 320 2000 0
 320 2000 0
 320 2000 0
 322 2000 0
 320 2000 0
 322 2000 0
 320 2000 0
 322 2000 0
 321 2000 0
 326 2017 0
 386 2084 3
 432 2098 8
 460 2099 13
 481 2097 17
 496 2094 22
 509 2088 26
 519 2081 30
 531 2076 33
 538 2070 37
 548 2064 40
 553 2056 43
 560 2050 45
 565 2045 47
 572 2040 49
 575 2036 51
 580 2031 53
t01:07:38
 581 2024 54
 583 2024 55
 586 2020 56
 589 2020 57
 589 2015 58
 593 2015 58
 595 2000 59
 596 2000 59
 595 2000 59
 596 2000 59
 596 2000 59
 600 2000 59
 598 2000 59
 598 2000 59
 600 2000 59
 600 2000 59
 600 2000 59
 600 2000 59
 599 2000 59
 590 1981 58
 510 1870 53
 418 1837 46
 380 1845 38
 370 1866 32
 369 1883 26
 364 1892 21
 354 1897 16
 343 1907 11
 338 1923 8
 337 1933 4
 335 1945 1
 333 1953 0
 332 1960 0
 330 1966 0
 328 1972 0
 326 1976 0
 325 1980 0
 323 1983 0
 323 1987 0
 323 1989 0
 323 2000 0
 321 2000 0
 321 2000 0
 321 2000 0
 321 2000 0
 321 2000 0
 322 2000 0
 322 2000 0
 322 2000 0
 322 2000 0
 320 2000 0
 320 2000 0
 320 2000 0
 320 2000 0
 320 2000 0
 320 2000 0
 320 2000 0
 320 2000 0
 320 2000 0
 320 2000 0
 320 2000 0
t01:07:39
 322 2000 0
 320 2000 0
 322 2000 0
 320 2000 0
 322 2000 0
 320 2000 0
 320 2000 0
 320 2000 0
 320 2000 0
 318 2000 0
 320 2000 0
 320 2000 0
 320 2000 0
 320 2000 0
 322 2000 0
 320 2000 0
 322 2000 0
 322 2000 0
 320 2000 0
 320 2000 0
 322 2000 0
 320 2000 0
 320 2000 0
 320 2000 0
 320 2000 0
 320 2000 0
 320 2000 0
 322 2000 0
 322 2000 0
 322 2000 0
 320 2000 0
 321 2000 0
 356 2060 1
 414 2095 6
 448 2099 10
 472 2098 15
 489 2095 20
 503 2091 24
 516 2085 28
 528 2080 32
 536 2072 35
 545 2067 39
 552 2059 41
 558 2055 44
 565 2048 46
 570 2042 48
 573 2037 50
 578 2034 52
 581 2029 53
 585 2026 55
 586 2020 56
 588 2019 57
 589 2014 57
 591 2013 58
 593 2000 58
 595 2014 59
 596 2000 59
 596 2000 59
 598 2000 59
 596 2000 59
t01:07:40
 599 2000 59
 599 2000 59
 599 2000 59
 599 2000 59
 599 2000 59
 599 2000 59
 599 2000 59
 600 2000 59
 560 1925 57
 460 1844 50
 395 1842 42
 375 1859 35
 368 1874 29
 365 1886 24
 359 1895 19
 345 1904 14
 340 1919 10
 338 1927 6
 337 1940 3
 335 1948 1
 331 1958 0
 328 1962 0
 326 1970 0
 326 1975 0
 325 1980 0
 325 1982 0
 323 1986 0
 323 1988 0
 323 1989 0
 321 2000 0
 321 2000 0
 321 2000 0
 321 2000 0
 323 2000 0
 321 2000 0
 321 2000 0
 321 2000 0
 321 2000 0
 321 2000 0
 321 2000 0
 320 2000 0
 321 2000 0
 320 2000 0
 321 2000 0
 320 2000 0
 321 2000 0
 320 2000 0
 321 2000 0
 320 2000 0
 321 2000 0
 320 2000 0
 320 2000 0
 321 2000 0
 321 2000 0
 320 2000 0
 321 2000 0
 320 2000 0
 321 2000 0
 321 2000 0
t01:07:41
 321 2000 0
 321 2000 0
 321 2000 0
 321 2000 0
 321 2000 0
 321 2000 0
 321 2000 0
 321 2000 0
 320 2000 0
 322 2000 0
 322 2000 0
 322 2000 0
 318 2000 0
 322 2000 0
 322 2000 0
 322 2000 0
 322 2000 0
 322 2000 0
 320 2000 0
 320 2000 0
 320 2000 0
 322 2000 0
 325 2015 0
 387 2085 3
 431 2098 8
 462 2100 13
 481 2097 17
 497 2093 22
 509 2087 26
 521 2080 30
 529 2075 33
 539 2070 37
 546 2063 40
 555 2058 43
 561 2051 45
 566 2045 47
 571 2040 49
 575 2035 51
 580 2030 52
 581 2028 54
 586 2024 55
 588 2022 56
 591 2018 57
 591 2017 58
 593 2000 58
 595 2000 58
 595 2000 58
 595 2000 58
 598 2000 58
 595 2000 58
 598 2000 58
 598 2000 58
 599 2000 58
 598 2000 58
 601 2000 58
 599 2000 58
 601 2000 58
 600 2000 58
 591 1983 58
 510 1869 53
t01:07:42
 420 1840 45
 381 1848 38
 371 1864 31
 364 1880 25
 362 1893 20
 352 1897 15
 343 1910 11
 342 1924 7
 338 1937 4
 335 1943 1
 333 1951 0
 332 1960 0
 330 1967 0
 328 1971 0
 325 1975 0
 325 1981 0
 323 1983 0
 325 1987 0
 323 1987 0
 323 2000 0
 321 2000 0
 321 2000 0
 321 2000 0
 321 2000 0
 321 2000 0
 321 2000 0
 321 2000 0
 321 2000 0
 321 2000 0
 323 2000 0
 321 2000 0
 321 2000 0
 320 2000 0
 321 2000 0
 320 2000 0
 322 2000 0
 320 2000 0
 320 2000 0
 320 2000 0
 320 2000 0
 320 2000 0
 322 2000 0
 320 2000 0
 320 2000 0
 320 2000 0
 320 2000 0
 320 2000 0
 320 2000 0
 322 2000 0
 320 2000 0
 322 2000 0
 320 2000 0
 322 2000 0
 320 2000 0
 322 2000 0
 322 2000 0
 322 2000 0
 322 2000 0
 322 2000 0
 320 2000 0
 320 2000 0
t01:07:43
 320 2000 0
 322 2000 0
 320 2000 0
 322 2000 0
 322 2000 0
 322 2000 0
 320 2000 0
 322 2000 0
 320 2000 0
 322 2000 0
 321 2000 0
 356 2059 1
 413 2095 6
 448 2099 10
 472 2098 15
 489 2095 19
 504 2091 24
 516 2086 28
 528 2078 32
 535 2072 35
 545 2067 38
 551 2061 41
 558 2054 44
 565 2047 46
 570 2043 48
 575 2038 50
 578 2032 52
 579 2028 53
 584 2025 54
 586 2022 56
 588 2019 56
 591 2018 57
 593 2014 58
 593 2000 58
 595 2000 58
 595 2000 58
 598 2012 58
 596 2000 58
 599 2000 58
 598 2000 58
 599 2000 58
 599 2000 58
 599 2000 58
 599 2000 58
 601 2000 58
 599 2000 58
 600 2000 58
 557 1922 56
 458 1843 49
 393 1843 42
 375 1856 35
 366 1869 28
 361 1889 23
 359 1892 18
 347 1905 13
 341 1919 9
 338 1930 6
 336 1942 3
 335 1947 0
t01:07:44
 331 1957 0
 330 1962 0
 328 1968 0
 326 1973 0
 326 1980 0
 325 1983 0
 325 1986 0
 323 1987 0
 323 1989 0
 323 2000 0
 321 2000 0
 321 2000 0
 321 2000 0
 321 2000 0
 321 2000 0
 320 2000 0
 321 2000 0
 321 2000 0
 321 2000 0
 320 2000 0
 320 2000 0
 321 2000 0
 321 2000 0
 321 2000 0
 321 2000 0
 321 2000 0
 321 2000 0
 321 2000 0
 321 2000 0
 321 2000 0
 321 2000 0
 321 2000 0
 320 2000 0
 320 2000 0
 320 2000 0
 320 2000 0
 320 2000 0
 320 2000 0
 320 2000 0
 322 2000 0
 320 2000 0
 322 2000 0
 320 2000 0
 320 2000 0
 322 2000 0
 320 2000 0
 320 2000 0
 322 2000 0
 322 2000 0
 322 2000 0
 320 2000 0
 322 2000 0
 322 2000 0
 322 2000 0
 320 2000 0
 320 2000 0
 320 2000 0
 320 2000 0
 320 2000 0
 322 2000 0
t01:07:45
 321 2000 0
 322 2000 0
 381 2080 3
 428 2098 7
 459 2099 12
 477 2097 16
 494 2094 21
 509 2089 25
 521 2083 29
 529 2076 33
 538 2069 36
 544 2063 39
 554 2058 42
 559 2051 45
 566 2046 47
 569 2040 49
 573 2037 50
 578 2031 52
 581 2027 53
 584 2024 55
 588 2022 56
 589 2018 56
 591 2016 57
 591 2012 58
 593 2000 58
 595 2000 58
 598 2013 58
 598 2000 58
 600 2000 58
 600 2000 58
 601 2000 58
 601 2000 58
 599 2000 58
 601 2000 58
 599 2000 58
 601 2000 58
 601 2000 58
 595 1982 58
 512 1871 53
 423 1843 46
 382 1848 38
 370 1863 32
 365 1882 26
 364 1895 21
 352 1894 16
 342 1907 11
 338 1922 7
 338 1933 4
 335 1943 1
 333 1954 0
 331 1961 0
 331 1967 0
 328 1970 0
 326 1977 0
 325 1978 0
 325 1984 0
 323 1986 0
 323 1989 0
 321 1989 0
 321 2000 0
t01:07:46
 321 2000 0
 321 2000 0
 321 2000 0
 321 2000 0
 320 2000 0
 321 2000 0
 321 2000 0
 321 2000 0
 320 2000 0
 321 2000 0
 321 2000 0
 320 2000 0
 321 2000 0
 321 2000 0
 320 2000 0
 320 2000 0
 321 2000 0
 320 2000 0
 321 2000 0
 320 2000 0
 321 2000 0
 320 2000 0
 321 2000 0
 320 2000 0
 321 2000 0
 320 2000 0
 321 2000 0
 321 2000 0
 321 2000 0
 321 2000 0
 321 2000 0
 320 2000 0
 321 2000 0
 320 2000 0
 321 2000 0
 321 2000 0
 321 2000 0
 321 2000 0
 320 2000 0
 320 2000 0
 321 2000 0
 320 2000 0
 321 2000 0
 320 2000 0
 320 2000 0
 320 2000 0
 322 2000 0
 320 2000 0
 320 2000 0
 320 2000 0
 321 2000 0
 351 2053 1
 410 2094 5
 445 2099 10
 470 2098 15
 489 2095 19
 502 2091 23
 514 2085 28
 526 2079 31
 536 2073 35
t01:07:47
 541 2067 38
 551 2061 41
 556 2053 44
 561 2048 46
 568 2043 48
 573 2039 50
 576 2032 52
 579 2029 53
 583 2023 54
 584 2023 55
 588 2019 56
 589 2017 57
 591 2014 58
 595 2014 58
 595 2000 59
 595 2000 59
 595 2000 59
 596 2000 59
 596 2000 59
 598 2000 59
 599 2000 59
 598 2000 59
 601 2000 59
 598 2000 59
 601 2000 59
 599 2000 59
 601 2000 59
 562 1927 57
 464 1842 50
 395 1842 42
 375 1858 35
 366 1872 29
 365 1885 23
 357 1896 18
 345 1902 14
 340 1916 9
 336 1927 6
 335 1940 3
 335 1951 0
 333 1956 0
 331 1964 0
 328 1969 0
 328 1976 0
 326 1979 0
 324 1982 0
 324 1985 0
 325 1988 0
 323 2000 0
 323 2000 0
 323 2000 0
 321 2000 0
 321 2000 0
 321 2000 0
 321 2000 0
 321 2000 0
 321 2000 0
 321 2000 0
 321 2000 0
 323 2000 0
 321 2000 0
 321 2000 0
t01:07:48
 321 2000 0
 320 2000 0
 321 2000 0
 320 2000 0
 321 2000 0
 320 2000 0
 320 2000 0
 320 2000 0
 321 2000 0
 320 2000 0
 320 2000 0
 320 2000 0
 321 2000 0
 320 2000 0
 321 2000 0
 321 2000 0
 321 2000 0
 321 2000 0
 320 2000 0
 321 2000 0
 321 2000 0
 320 2000 0
 321 2000 0
 322 2000 0
 322 2000 0
 320 2000 0
 320 2000 0
 320 2000 0
 320 2000 0
 320 2000 0
 322 2000 0
 322 2000 0
 322 2000 0
 322 2000 0
 320 2000 0
 320 2000 0
 320 2000 0
 322 2000 0
 321 2000 0
 325 2014 0
 384 2083 3
 431 2098 8
 460 2098 12
 479 2097 17
 497 2094 21
 511 2089 26
 521 2082 30
 531 2077 33
 539 2069 37
 546 2063 40
 553 2057 43
 560 2051 45
 566 2045 47
 571 2041 49
 575 2035 51
 578 2031 53
 581 2025 54
 583 2022 55
 586 2020 56
 590 2019 57
t01:07:49
 591 2015 58
 591 2014 58
 593 2000 59
 595 2000 59
 596 2000 59
 595 2000 59
 598 2000 59
 596 2000 59
 600 2000 59
 600 2000 59
 601 2000 59
 598 2000 59
 600 2000 59
 598 2000 59
 599 2000 59
 591 1983 58
 512 1872 53
 421 1845 46
 382 1851 39
 371 1869 32
 364 1879 27
 362 1892 21
 352 1899 17
 341 1909 12
 340 1924 8
 338 1936 5
 336 1946 3
 335 1955 0
 333 1961 0
 330 1964 0
 326 1972 0
 326 1976 0
 325 1981 0
 325 1984 0
 323 1987 0
 323 1989 0
 321 1988 0
 321 2000 0
 321 2000 0
 321 2000 0
 321 2000 0
 321 2000 0
 321 2000 0
 321 2000 0
 320 2000 0
 321 2000 0
 321 2000 0
 321 2000 0
 321 2000 0
 321 2000 0
 320 2000 0
 320 2000 0
 320 2000 0
 321 2000 0
 321 2000 0
 321 2000 0
 320 2000 0
 320 2000 0
 320 2000 0
t01:07:50
 320 2000 0
 320 2000 0
 320 2000 0
 321 2000 0
 322 2000 0
 322 2000 0
 322 2000 0
 322 2000 0
 322 2000 0
 322 2000 0
 322 2000 0
 322 2000 0
 320 2000 0
 322 2000 0
 320 2000 0
 323 2000 0
 320 2000 0
 322 2000 0
 322 2000 0
 322 2000 0
 322 2000 0
 320 2000 0
 322 2000 0
 322 2000 0
 320 2000 0
 322 2000 0
 320 2000 0
 322 2000 0
 320 2000 0
 321 2000 0
 356 2059 1
 413 2095 6
 448 2099 10
 473 2098 15
 489 2095 19
 504 2091 24
 516 2084 28
 526 2078 32
 536 2071 35
 543 2066 38
 552 2059 41
 557 2053 44
 563 2047 46
 567 2042 48
 573 2038 50
 578 2034 52
 581 2029 53
 583 2025 54
 586 2022 55
 586 2016 56
 589 2017 57
 589 2012 58
 593 2012 58
 593 2000 58
 596 2000 59
 595 2000 59
 598 2000 59
 596 2000 59
 598 2000 59
 596 2000 59
t01:07:51
 600 2000 59
 598 2000 59
 599 2000 59
 599 2000 59
 600 2000 59
 598 2000 59
 560 1925 56
 460 1844 50
 395 1843 42
 375 1858 35
 366 1871 29
 361 1885 23
 359 1895 18
 347 1903 13
 342 1913 9
 337 1928 6
 335 1941 3
 335 1947 0
 331 1959 0
 331 1966 0
 330 1971 0
 328 1975 0
 325 1978 0
 325 1981 0
 325 1985 0
 325 1989 0
 323 2000 0
 323 2000 0
 323 2000 0
 323 2000 0
 321 2000 0
 321 2000 0
 321 2000 0
 321 2000 0
 320 2000 0
 321 2000 0
 320 2000 0
 321 2000 0
 320 2000 0
 321 2000 0
 320 2000 0
 322 2000 0
 322 2000 0
 322 2000 0
 320 2000 0
 320 2000 0
 322 2000 0
 322 2000 0
 320 2000 0
 322 2000 0
 320 2000 0
 320 2000 0
 322 2000 0
 322 2000 0
 322 2000 0
 320 2000 0
 322 2000 0
 320 2000 0
 320 2000 0
 320 2000 0
t01:07:52
 320 2000 0
 320 2000 0
 320 2000 0
 320 2000 0
 320 2000 0
 320 2000 0
 322 2000 0
 320 2000 0
 322 2000 0
 320 2000 0
 322 2000 0
 322 2000 0
 322 2000 0
 320 2000 0
 320 2000 0
 322 2000 0
 322 2000 0
 320 2000 0
 321 2000 0
 326 2017 0
 388 2085 3
 433 2098 8
 461 2099 13
 479 2097 17
 496 2093 22
 510 2088 26
 521 2081 30
 531 2075 33
 538 2068 37
 545 2062 40
 553 2056 42
 560 2051 45
 565 2046 47
 572 2040 49
 575 2037 51
 580 2033 52
 582 2028 54
 588 2025 55
 588 2020 56
 591 2017 57
 590 2000 57
 593 2013 58
 593 2000 58
 596 2012 59
 595 2000 59
 598 2000 59
 596 2000 59
 598 2000 59
 598 2000 59
 600 2000 59
 600 2000 59
 601 2000 59
 601 2000 59
 601 2000 59
 599 2000 59
 592 1982 58
 510 1870 53
 420 1841 46
 383 1848 39
 371 1869 32
t01:07:53
 367 1878 26
 360 1892 21
 352 1900 16
 343 1908 12
 341 1927 8
 338 1936 5
 336 1943 2
 333 1953 0
 331 1960 0
 329 1965 0
 328 1974 0
 328 1976 0
 324 1980 0
 323 1983 0
 325 1987 0
 323 1987 0
 321 2000 0
 323 2000 0
 323 2000 0
 323 2000 0
 321 2000 0
 321 2000 0
 323 2000 0
 321 2000 0
 320 2000 0
 320 2000 0
 321 2000 0
 320 2000 0
 320 2000 0
 320 2000 0
 320 2000 0
 321 2000 0
 321 2000 0
 320 2000 0
 320 2000 0
 320 2000 0
 320 2000 0
 321 2000 0
 320 2000 0
 320 2000 0
 320 2000 0
 321 2000 0
 320 2000 0
 322 2000 0
 322 2000 0
 322 2000 0
 320 2000 0
 322 2000 0
 320 2000 0
 322 2000 0
 320 2000 0
 322 2000 0
 322 2000 0
 320 2000 0
 320 2000 0
 322 2000 0
 320 2000 0
 322 2000 0
 320 2000 0
 322 2000 0
 322 2000 0
t01:07:54
 320 2000 0
 320 2000 0
 320 2000 0
 320 2000 0
 322 2000 0
 322 2000 0
 322 2000 0
 322 2000 0
 356 2059 1
 413 2095 6
 448 2099 10
 472 2098 15
 487 2095 19
 504 2091 24
 516 2085 28
 526 2077 32
 534 2071 35
 543 2066 38
 549 2060 41
 558 2053 44
 561 2046 46
 568 2043 48
 573 2037 50
 576 2033 52
 578 2026 53
 581 2025 54
 584 2020 55
 586 2019 56
 588 2016 57
 591 2016 58
 595 2016 58
 595 2014 59
 596 2000 59
 598 2000 59
 598 2000 59
 600 2000 59
 598 2000 59
 600 2000 59
 600 2000 59
 601 2000 59
 601 2000 59
 600 2000 59
 601 2000 59
 600 2000 59
 558 1922 57
 462 1843 50
 395 1839 42
 375 1857 36
 368 1876 29
 364 1891 24
 359 1896 19
 347 1905 14
 340 1918 10
 338 1926 7
 337 1938 4
 335 1947 1
 333 1955 0
 330 1961 0
 328 1969 0
t01:07:55
 326 1973 0
 326 1978 0
 325 1982 0
 325 1988 0
 323 1988 0
 325 2000 0
 323 2000 0
 323 2000 0
 323 2000 0
 323 2000 0
 323 2000 0
 323 2000 0
 321 2000 0
 320 2000 0
 320 2000 0
 320 2000 0
 321 2000 0
 320 2000 0
 321 2000 0
 320 2000 0
 320 2000 0
 320 2000 0
 321 2000 0
 321 2000 0
 323 2000 0
 320 2000 0
 320 2000 0
 320 2000 0
 321 2000 0
 320 2000 0
 321 2000 0
 320 2000 0
 321 2000 0
 320 2000 0
 320 2000 0
 320 2000 0
 321 2000 0
 321 2000 0
 321 2000 0
 321 2000 0
 321 2000 0
 320 2000 0
 321 2000 0
 320 2000 0
 320 2000 0
 320 2000 0
 320 2000 0
 320 2000 0
 322 2000 0
 320 2000 0
 322 2000 0
 320 2000 0
 320 2000 0
 322 2000 0
 320 2000 0
 322 2000 0
 320 2000 0
 321 2000 0
 327 2016 0
 388 2084 3
t01:07:56
 433 2098 8
 460 2099 13
 479 2096 17
 498 2093 22
 511 2088 26
 521 2082 30
 531 2075 33
 540 2069 37
 546 2062 40
 553 2056 43
 558 2050 45
 567 2046 47
 572 2040 49
 575 2035 51
 578 2030 52
 581 2028 54
 584 2023 55
 586 2021 56
 589 2018 57
 591 2018 58
 593 2014 58
 596 2014 59
 596 2000 59
 596 2000 59
 598 2000 59
 596 2000 59
 598 2000 59
 596 2000 59
 598 2000 59
 598 2000 59
 598 2000 59
 598 2000 59
 599 2000 59
 600 2000 59
 592 1982 59
 510 1870 54
 423 1836 46
 382 1849 39
 371 1865 32
 365 1880 26
 364 1891 21
 350 1895 16
 342 1911 12
 340 1922 8
 338 1933 5
 335 1943 2
 335 1953 0
 331 1961 0
 331 1968 0
 328 1973 0
 326 1977 0
 326 1980 0
 325 1984 0
 323 1985 0
 323 1988 0
 323 2000 0
 323 2000 0
 323 2000 0
 321 2000 0
 321 2000 0
 321 2000 0
t01:07:57
 321 2000 0
 321 2000 0
 321 2000 0
 321 2000 0
 321 2000 0
 321 2000 0
 321 2000 0
 320 2000 0
 321 2000 0
 320 2000 0
 321 2000 0
 320 2000 0
 321 2000 0
 320 2000 0
 321 2000 0
 320 2000 0
 321 2000 0
 320 2000 0
 321 2000 0
 320 2000 0
 321 2000 0
 320 2000 0
 321 2000 0
 321 2000 0
 321 2000 0
 321 2000 0
 321 2000 0
 320 2000 0
 320 2000 0
 321 2000 0
 321 2000 0
 322 2000 0
 320 2000 0
 322 2000 0
 322 2000 0
 322 2000 0
 320 2000 0
 320 2000 0
 320 2000 0
 322 2000 0
 320 2000 0
 322 2000 0
 320 2000 0
 322 2000 0
 322 2000 0
 322 2000 0
 321 2000 0
 356 2057 1
 413 2095 5
 448 2099 10
 472 2098 15
 489 2095 19
 502 2090 24
 516 2084 28
 526 2078 31
 535 2073 35
 543 2066 38
 550 2060 41
 556 2053 44
t01:07:58
 562 2045 46
 565 2040 48
 570 2038 50
 577 2034 51
 580 2031 53
 583 2025 54
 585 2022 55
 588 2020 56
 588 2016 57
 591 2014 58
 591 2000 58
 593 2000 58
 593 2000 58
 596 2000 58
 596 2000 58
 598 2000 58
 596 2000 58
 598 2000 58
 598 2000 58
 598 2000 58
 600 2000 58
 601 2000 58
 598 2000 58
 600 2000 58
 557 1922 55
 460 1844 48
 393 1843 41
 373 1861 34
 367 1875 28
 362 1889 23
 359 1896 18
 345 1905 13
 342 1915 9
 338 1930 5
 336 1942 2
 335 1949 0
 333 1955 0
 331 1964 0
 328 1970 0
 328 1977 0
 326 1978 0
 325 1982 0
 325 1986 0
 325 1988 0
 325 1990 0
 323 2000 0
 323 2000 0
 321 2000 0
 323 2000 0
 321 2000 0
 323 2000 0
 321 2000 0
 321 2000 0
 321 2000 0
 321 2000 0
 320 2000 0
 321 2000 0
 320 2000 0
 320 2000 0
 320 2000 0
 321 2000 0
t01:07:59
 320 2000 0
 320 2000 0
 320 2000 0
 321 2000 0
 321 2000 0
 321 2000 0
 321 2000 0
 320 2000 0
 320 2000 0
 320 2000 0
 320 2000 0
 322 2000 0
 322 2000 0
 321 2000 0
 320 2000 0
 320 2000 0
 321 2000 0
 320 2000 0
 322 2000 0
 320 2000 0
 322 2000 0
 322 2000 0
 322 2000 0
 320 2000 0
 322 2000 0
 320 2000 0
 320 2000 0
 320 2000 0
 322 2000 0
 320 2000 0
 322 2000 0
 320 2000 0
 322 2000 0
 320 2000 0
 322 2000 0
 321 2000 0
 322 2000 0
 377 2077 2
 427 2098 7
 457 2099 12
 477 2098 16
 496 2094 21
 508 2089 25
 519 2082 29
 529 2077 33
 539 2070 36
 546 2065 39
 555 2058 42
 560 2052 45
 565 2046 47
 571 2041 49
 575 2034 51
 578 2031 52
 581 2027 53
 584 2024 55
 588 2021 56
 588 2017 56
 591 2018 57
 591 2013 58
t01:08:00
 593 2000 58
 593 2000 58
 596 2000 58
 595 2000 58
 598 2000 58
 596 2000 58
 598 2000 58
 598 2000 58
 600 2000 58
 600 2000 58
 600 2000 58
 600 2000 58
 600 2000 58
 592 1983 58
 512 1870 53
 419 1837 45
 381 1857 38
 370 1869 32
 369 1877 26
 362 1891 21
 352 1899 16
 342 1908 11
 338 1921 8
 336 1932 4
 335 1944 1
 333 1954 0
 331 1960 0
 330 1966 0
 328 1972 0
 326 1976 0
 325 1982 0
 325 1986 0
 325 1987 0
 323 1988 0
 323 1989 0
 321 2000 0
 321 2000 0
 323 2000 0
 321 2000 0
 323 2000 0
 321 2000 0
 321 2000 0
 321 2000 0
 321 2000 0
 320 2000 0
 321 2000 0
 320 2000 0
 321 2000 0
 320 2000 0
 322 2000 0
 322 2000 0
 322 2000 0
 320 2000 0
 322 2000 0
 320 2000 0
 320 2000 0
 320 2000 0
 320 2000 0
 320 2000 0
 322 2000 0
t01:08:01
 322 2000 0
 320 2000 0
 322 2000 0
 320 2000 0
 322 2000 0
 322 2000 0
 320 2000 0
 320 2000 0
 322 2000 0
 320 2000 0
 320 2000 0
 320 2000 0
 320 2000 0
 318 2000 0
 320 2000 0
 320 2000 0
 320 2000 0
 320 2000 0
 320 2000 0
 320 2000 0
 322 2000 0
 320 2000 0
 322 2000 0
 320 2000 0
 322 2000 0
 322 2000 0
 321 2000 0
 354 2056 1
 412 2095 5
 448 2099 10
 472 2098 15
 487 2095 19
 502 2091 24
 516 2084 28
 524 2077 31
 534 2073 35
 543 2066 38
 550 2059 41
 555 2052 44
 561 2047 46
 566 2042 48
 571 2036 50
 575 2033 51
 579 2029 53
 581 2026 54
 586 2024 55
 588 2019 56
 589 2016 57
 589 2000 57
 591 2014 58
 595 2014 58
 596 2013 59
 596 2000 59
 598 2000 59
 598 2000 59
 600 2000 59
 600 2000 59
 598 2000 59
 598 2000 59
 598 2000 59
t01:08:02
 598 2000 59
 598 2000 59
 599 2000 59
 558 1924 57
 462 1846 50
 395 1840 42
 373 1853 35
 366 1870 29
 365 1887 23
 357 1902 19
 347 1907 14
 342 1919 10
 338 1928 7
 336 1941 4
 335 1950 1
 331 1957 0
 333 1965 0
 328 1967 0
 326 1973 0
 325 1978 0
 325 1983 0
 325 1987 0
 325 1989 0
 321 1988 0
 325 2000 0
 323 2000 0
 323 2000 0
 321 2000 0
 321 2000 0
 321 2000 0
 321 2000 0
 321 2000 0
 323 2000 0
 321 2000 0
 321 2000 0
 321 2000 0
 321 2000 0
 323 2000 0
 321 2000 0
 320 2000 0
 321 2000 0
 321 2000 0
 320 2000 0
 320 2000 0
 320 2000 0
 321 2000 0
 320 2000 0
 320 2000 0
 322 2000 0
 322 2000 0
 320 2000 0
 322 2000 0
 320 2000 0
 322 2000 0
 322 2000 0
 322 2000 0
 320 2000 0
 320 2000 0
 320 2000 0
 322 2000 0
t01:08:03
 320 2000 0
 322 2000 0
 320 2000 0
 320 2000 0
 320 2000 0
 320 2000 0
 320 2000 0
 320 2000 0
 320 2000 0
 322 2000 0
 320 2000 0
 322 2000 0
 320 2000 0
 322 2000 0
 322 2000 0
 321 2000 0
 325 2014 0
 383 2083 3
 431 2098 8
 460 2099 12
 479 2096 17
 496 2092 21
 509 2087 26
 519 2081 30
 531 2075 33
 540 2070 37
 548 2064 40
 553 2057 42
 560 2050 45
 565 2043 47
 568 2038 49
 573 2035 51
 578 2031 52
 580 2026 53
 581 2024 55
 586 2021 56
 588 2018 56
 588 2014 57
 591 2014 58
 593 2015 59
 595 2000 59
 595 2000 59
 596 2000 59
 596 2000 59
 596 2000 59
 598 2000 59
 598 2000 59
 598 2000 59
 598 2000 59
 596 2000 59
 598 2000 59
 597 2000 59
 590 1985 59
 513 1873 54
 421 1835 46
 382 1853 39
 370 1863 32
 364 1881 26
 362 1895 21
 354 1899 17
t01:08:04
 343 1909 12
 340 1920 8
 337 1932 5
 335 1944 2
 333 1953 0
 331 1962 0
 330 1966 0
 326 1971 0
 325 1977 0
 326 1984 0
 325 1985 0
 325 1987 0
 323 1988 0
 323 1988 0
 321 2000 0
 323 2000 0
 321 2000 0
 321 2000 0
 321 2000 0
 321 2000 0
 323 2000 0
 321 2000 0
 321 2000 0
 320 2000 0
 321 2000 0
 321 2000 0
 321 2000 0
 321 2000 0
 321 2000 0
 320 2000 0
 321 2000 0
 320 2000 0
 321 2000 0
 320 2000 0
 320 2000 0
 320 2000 0
 321 2000 0
 320 2000 0
 321 2000 0
 321 2000 0
 321 2000 0
 321 2000 0
 322 2000 0
 320 2000 0
 321 2000 0
 320 2000 0
 320 2000 0
 320 2000 0
 320 2000 0
 320 2000 0
 320 2000 0
 322 2000 0
 322 2000 0
 322 2000 0
 322 2000 0
 320 2000 0
 322 2000 0
 322 2000 0
 320 2000 0
 322 2000 0
 320 2000 0
t01:08:05
 320 2000 0
 322 2000 0
 322 2000 0
 320 2000 0
 322 2000 0
 352 2054 1
 412 2095 5
 446 2099 10
 472 2098 15
 487 2095 19
 502 2091 24
 514 2084 28
 524 2079 31
 533 2071 35
 541 2066 38
 549 2061 41
 556 2054 44
 563 2048 46
 568 2043 48
 571 2036 50
 574 2034 51
 579 2028 53
 581 2024 54
 584 2022 55
 588 2020 56
 589 2015 57
 589 2014 58
 593 2013 58
 593 2000 58
 594 2012 58
 596 2000 58
 596 2000 58
 596 2000 58
 599 2000 58
 598 2000 58
 597 2000 58
 596 2000 58
 599 2000 58
 597 2000 58
 597 2000 58
 598 2000 58
 558 1924 56
 459 1842 49
 395 1842 42
 373 1856 35
 367 1872 29
 360 1883 23
 357 1895 18
 345 1905 13
 340 1917 9
 337 1928 6
 337 1941 3
 333 1950 0
 333 1956 0
 330 1962 0
 328 1971 0
 328 1975 0
 326 1979 0
 325 1981 0
t01:08:06
 323 1983 0
 323 1988 0
 323 1990 0
 323 2000 0
 323 2000 0
 323 2000 0
 321 2000 0
 321 2000 0
 321 2000 0
 321 2000 0
 320 2000 0
 321 2000 0
 320 2000 0
 321 2000 0
 320 2000 0
 322 2000 0
 320 2000 0
 320 2000 0
 320 2000 0
 322 2000 0
 320 2000 0
 322 2000 0
 322 2000 0
 322 2000 0
 320 2000 0
 320 2000 0
 320 2000 0
 322 2000 0
 322 2000 0
 320 2000 0
 322 2000 0
 320 2000 0
 320 2000 0
 322 2000 0
 322 2000 0
 320 2000 0
 322 2000 0
 320 2000 0
 322 2000 0
 320 2000 0
 322 2000 0
 320 2000 0
 322 2000 0
 320 2000 0
 320 2000 0
 322 2000 0
 322 2000 0
 320 2000 0
 322 2000 0
 320 2000 0
 322 2000 0
 320 2000 0
 322 2000 0
 320 2000 0
 321 2000 0
 327 2017 0
 388 2085 3
 432 2098 8
 460 2098 13
 479 2096 17
t01:08:07
 496 2093 22
 509 2087 26
 521 2082 30
 531 2075 33
 539 2069 37
 546 2063 40
 553 2056 42
 558 2049 45
 563 2045 47
 569 2040 49
 573 2035 51
 578 2031 52
 581 2027 54
 583 2023 55
 584 2020 56
 588 2016 56
 588 2014 57
 591 2014 58
 593 2012 58
 593 2000 59
 593 2000 59
 594 2000 59
 594 2000 59
 598 2000 59
 596 2000 59
 598 2000 59
 598 2000 59
 599 2000 59
 598 2000 59
 597 2000 59
 597 2000 59
 588 1982 58
 508 1870 53
 420 1839 46
 382 1850 39
 370 1863 32
 367 1884 26
 364 1892 21
 352 1899 16
 342 1911 12
 340 1923 8
 336 1931 5
 333 1944 2
 333 1955 0
 331 1962 0
 330 1968 0
 328 1973 0
 326 1977 0
 326 1980 0
 325 1983 0
 325 1987 0
 323 1987 0
 323 2000 0
 321 2000 0
 321 2000 0
 321 2000 0
 323 2000 0
 321 2000 0
 323 2000 0
 321 2000 0
t01:08:08
 321 2000 0
 320 2000 0
 321 2000 0
 321 2000 0
 320 2000 0
 321 2000 0
 320 2000 0
 320 2000 0
 321 2000 0
 320 2000 0
 320 2000 0
 320 2000 0
 320 2000 0
 320 2000 0
 320 2000 0
 320 2000 0
 320 2000 0
 320 2000 0
 321 2000 0
 320 2000 0
 320 2000 0
 321 2000 0
 320 2000 0
 321 2000 0
 320 2000 0
 320 2000 0
 322 2000 0
 322 2000 0
 322 2000 0
 320 2000 0
 320 2000 0
 321 2000 0
 322 2000 0
 323 2000 0
 322 2000 0
 322 2000 0
 322 2000 0
 322 2000 0
 320 2000 0
 320 2000 0
 320 2000 0
 322 2000 0
 320 2000 0
 322 2000 0
 321 2000 0
 356 2058 1
 415 2095 5
 448 2099 10
 472 2098 15
 489 2095 19
 502 2090 24
 516 2084 28
 526 2077 31
 534 2072 35
 543 2066 38
 548 2058 41
 554 2052 44
 561 2047 46
 568 2043 48
 571 2038 50
 576 2034 51
t01:08:09
 578 2027 53
 581 2025 54
 584 2023 55
 588 2019 56
 589 2017 57
 591 2014 58
 591 2000 58
 593 2000 58
 593 2000 58
 594 2000 58
 594 2000 58
 598 2000 58
 598 2000 58
 598 2000 58
 597 2000 58
 599 2000 58
 599 2000 58
 599 2000 58
 597 2000 58
 599 2000 58
 557 1923 55
 462 1848 49
 396 1844 41
 375 1857 34
 368 1875 28
 365 1892 23
 359 1898 18
 345 1905 13
 340 1915 9
 338 1932 6
 337 1941 3
 335 1950 0
 333 1958 0
 330 1962 0
 328 1969 0
 326 1975 0
 326 1980 0
 325 1982 0
 326 1986 0
 323 1988 0
 323 1990 0
 323 1989 0
 323 2000 0
 321 2000 0
 321 2000 0
 321 2000 0
 321 2000 0
 320 2000 0
 321 2000 0
 320 2000 0
 320 2000 0
 320 2000 0
 321 2000 0
 320 2000 0
 320 2000 0
 320 2000 0
 321 2000 0
 322 2000 0
 320 2000 0
t01:08:10
 321 2000 0
 320 2000 0
 321 2000 0
 321 2000 0
 321 2000 0
 320 2000 0
 320 2000 0
 321 2000 0
 322 2000 0
 320 2000 0
 321 2000 0
 320 2000 0
 320 2000 0
 320 2000 0
 322 2000 0
 320 2000 0
 322 2000 0
 320 2000 0
 320 2000 0
 320 2000 0
 320 2000 0
 322 2000 0
 322 2000 0
 322 2000 0
 322 2000 0
 322 2000 0
 320 2000 0
 322 2000 0
 320 2000 0
 320 2000 0
 322 2000 0
 322 2000 0
 320 2000 0
 321 2000 0
 327 2016 0
 385 2084 3
 431 2098 8
 460 2098 12
 479 2096 17
 496 2092 21
 508 2088 26
 519 2082 30
 529 2074 33
 538 2069 37
 546 2063 40
 554 2058 42
 559 2052 45
 566 2045 47
 569 2039 49
 573 2035 51
 578 2031 52
 581 2025 54
 581 2021 55
 586 2021 56
 588 2019 57
 589 2016 57
 589 2000 58
 593 2013 58
 593 2000 58
 593 2000 58
 596 2000 58
t01:08:11
 596 2000 58
 596 2000 58
 595 2000 58
 599 2000 58
 599 2000 58
 601 2000 58
 601 2000 58
 601 2000 58
 597 2000 58
 590 1979 58
 509 1868 53
 418 1838 45
 380 1849 38
 370 1866 32
 363 1882 26
 362 1894 21
 352 1898 16
 342 1908 11
 338 1925 8
 338 1937 4
 337 1945 2
 335 1955 0
 330 1961 0
 330 1966 0
 326 1971 0
 326 1979 0
 326 1983 0
 325 1983 0
 325 1985 0
 323 1989 0
 323 2000 0
 323 2000 0
 321 2000 0
 321 2000 0
 321 2000 0
 321 2000 0
 321 2000 0
 321 2000 0
 321 2000 0
 321 2000 0
 321 2000 0
 320 2000 0
 321 2000 0
 322 2000 0
 320 2000 0
 322 2000 0
 322 2000 0
 320 2000 0
 322 2000 0
 320 2000 0
 320 2000 0
 320 2000 0
 322 2000 0
 322 2000 0
 322 2000 0
 320 2000 0
 322 2000 0
 320 2000 0
 322 2000 0
t01:08:12
 322 2000 0
 322 2000 0
 320 2000 0
 322 2000 0
 322 2000 0
 322 2000 0
 320 2000 0
 322 2000 0
 322 2000 0
 322 2000 0
 322 2000 0
 322 2000 0
 322 2000 0
 320 2000 0
 320 2000 0
 320 2000 0
 320 2000 0
 320 2000 0
 322 2000 0
 322 2000 0
 322 2000 0
 320 2000 0
 322 2000 0
 321 2000 0
 356 2059 1
 414 2095 6
 448 2099 10
 472 2098 15
 489 2095 19
 502 2090 24
 516 2085 28
 526 2079 32
 538 2073 35
 545 2066 38
 550 2059 41
 556 2052 44
 563 2048 46
 568 2041 48
 573 2038 50
 576 2032 52
 580 2031 53
 585 2025 54
 587 2022 55
 588 2019 56
 590 2016 57
 593 2015 58
 593 2012 58
 593 2000 58
 596 2000 58
 596 2000 58
 596 2000 58
 596 2000 58
 596 2000 58
 600 2000 58
 598 2000 58
 598 2000 58
 598 2000 58
 598 2000 58
 598 2000 58
 599 2000 58
t01:08:13
 557 1922 56
 462 1849 49
 395 1841 42
 376 1860 35
 368 1869 29
 364 1888 23
 360 1895 18
 347 1905 14
 340 1915 9
 338 1926 6
 336 1942 3
 335 1950 0
 331 1955 0
 330 1965 0
 330 1973 0
 328 1976 0
 328 1981 0
 326 1982 0
 325 1984 0
 323 1986 0
 321 1988 0
 323 2000 0
 323 2000 0
 323 2000 0
 321 2000 0
 321 2000 0
 321 2000 0
 321 2000 0
 321 2000 0
 321 2000 0
 320 2000 0
 320 2000 0
 321 2000 0
 320 2000 0
 320 2000 0
 320 2000 0
 321 2000 0
 320 2000 0
 321 2000 0
 320 2000 0
 322 2000 0
 320 2000 0
 320 2000 0
 320 2000 0
 320 2000 0
 321 2000 0
 322 2000 0
 322 2000 0
 321 2000 0
 321 2000 0
 320 2000 0
 321 2000 0
 322 2000 0
 322 2000 0
 320 2000 0
 322 2000 0
 320 2000 0
 320 2000 0
 320 2000 0
 322 2000 0
t01:08:14
 320 2000 0
 322 2000 0
 320 2000 0
 322 2000 0
 320 2000 0
 320 2000 0
 320 2000 0
 322 2000 0
 320 2000 0
 322 2000 0
 320 2000 0
 322 2000 0
 321 2000 0
 322 2000 0
 380 2079 3
 428 2098 7
 458 2099 12
 479 2097 16
 496 2093 21
 508 2088 25
 521 2082 29
 528 2076 33
 538 2070 36
 546 2064 39
 553 2056 42
 558 2050 44
 565 2045 47
 570 2041 49
 573 2035 50
 576 2031 52
 581 2027 53
 583 2023 54
 585 2020 55
 588 2019 56
 588 2013 57
 590 2000 57
 591 2000 57
 593 2000 57
 595 2012 57
 596 2000 57
 596 2000 57
 595 2000 57
 598 2000 57
 598 2000 57
 600 2000 57
 598 2000 57
 601 2000 57
 598 2000 57
 600 2000 57
 590 1982 57
 510 1871 52
 418 1838 45
 381 1849 37
 370 1864 31
 369 1880 25
 362 1891 20
 350 1901 15
 342 1908 10
 340 1922 6
 338 1934 3
t01:08:15
 335 1946 0
 335 1954 0
 331 1960 0
 330 1966 0
 328 1971 0
 326 1977 0
 325 1980 0
 323 1983 0
 323 1986 0
 323 1988 0
 323 2000 0
 323 2000 0
 321 2000 0
 323 2000 0
 321 2000 0
 321 2000 0
 321 2000 0
 321 2000 0
 321 2000 0
 321 2000 0
 321 2000 0
 321 2000 0
 320 2000 0
 321 2000 0
 320 2000 0
 321 2000 0
 320 2000 0
 321 2000 0
 321 2000 0
 321 2000 0
 321 2000 0
 321 2000 0
 321 2000 0
 321 2000 0
 321 2000 0
 321 2000 0
 320 2000 0
 320 2000 0
 322 2000 0
 320 2000 0
 320 2000 0
 320 2000 0
 322 2000 0
 320 2000 0
 322 2000 0
 320 2000 0
 320 2000 0
 320 2000 0
 320 2000 0
 322 2000 0
 322 2000 0
 322 2000 0
 322 2000 0
 320 2000 0
 322 2000 0
 320 2000 0
 322 2000 0
 322 2000 0
 322 2000 0
 322 2000 0
t01:08:16
 322 2000 0
 320 2000 0
 321 2000 0
 351 2053 1
 411 2095 5
 446 2098 10
 470 2098 15
 487 2095 19
 502 2091 23
 514 2084 28
 523 2078 31
 533 2071 35
 541 2066 38
 548 2059 41
 555 2053 43
 561 2048 46
 566 2044 48
 571 2038 50
 575 2035 51
 580 2029 53
 581 2025 54
 586 2023 55
 588 2020 56
 589 2018 57
 591 2014 58
 593 2000 58
 593 2000 58
 595 2000 58
 596 2000 58
 598 2000 58
 598 2000 58
 600 2000 58
 600 2000 58
 600 2000 58
 598 2000 58
 598 2000 58
 598 2000 58
 601 2000 58
 599 2000 58
 560 1927 56
 464 1846 49
 395 1848 42
 375 1856 35
 369 1875 29
 367 1886 23
 359 1892 18
 345 1902 13
 340 1916 9
 340 1931 6
 337 1944 3
 336 1950 1
 333 1956 0
 330 1962 0
 328 1969 0
 326 1974 0
 326 1979 0
 325 1983 0
 323 1985 0
 323 1987 0
 321 1988 0
t01:08:17
 323 2000 0
 321 2000 0
 323 2000 0
 321 2000 0
 321 2000 0
 321 2000 0
 323 2000 0
 321 2000 0
 323 2000 0
 321 2000 0
 321 2000 0
 321 2000 0
 321 2000 0
 320 2000 0
 320 2000 0
 320 2000 0
 320 2000 0
 321 2000 0
 320 2000 0
 322 2000 0
 320 2000 0
 320 2000 0
 320 2000 0
 322 2000 0
 320 2000 0
 322 2000 0
 320 2000 0
 320 2000 0
 322 2000 0
 320 2000 0
 320 2000 0
 320 2000 0
 320 2000 0
 320 2000 0
 320 2000 0
 322 2000 0
 320 2000 0
 322 2000 0
 320 2000 0
 320 2000 0
 320 2000 0
 322 2000 0
 320 2000 0
 322 2000 0
 320 2000 0
 322 2000 0
 320 2000 0
 322 2000 0
 320 2000 0
 322 2000 0
 320 2000 0
 322 2000 0
 325 2014 0
 386 2083 3
 431 2098 8
 460 2099 12
 481 2096 17
 496 2093 21
 509 2088 26
 519 2080 30
t01:08:18
 529 2075 33
 538 2070 37
 548 2063 40
 553 2057 42
 561 2052 45
 566 2045 47
 571 2040 49
 574 2034 51
 578 2032 52
 579 2026 54
 586 2025 55
 584 2019 56
 589 2020 57
 589 2014 57
 593 2013 58
 593 2000 58
 596 2000 58
 595 2000 58
 598 2000 58
 596 2000 58
 598 2000 58
 599 2000 58
 599 2000 58
 599 2000 58
 599 2000 58
 597 2000 58
 601 2000 58
 599 2000 58
 591 1982 58
 512 1871 53
 420 1837 45
 382 1853 38
 371 1874 32
 365 1879 26
 364 1891 21
 352 1898 16
 343 1907 12
 342 1924 8
 337 1934 5
 337 1946 2
 333 1952 0
 333 1960 0
 330 1964 0
 328 1972 0
 326 1977 0
 326 1982 0
 325 1984 0
 325 1987 0
 323 1986 0
 321 1989 0
 321 2000 0
 323 2000 0
 322 2000 0
 322 2000 0
 321 2000 0
 321 2000 0
 321 2000 0
 321 2000 0
 322 2000 0
 322 2000 0
 320 2000 0
t01:08:19
 320 2000 0
 322 2000 0
 322 2000 0
 322 2000 0
 320 2000 0
 322 2000 0
 322 2000 0
 322 2000 0
 320 2000 0
 322 2000 0
 322 2000 0
 322 2000 0
 320 2000 0
 320 2000 0
 320 2000 0
 322 2000 0
 320 2000 0
 322 2000 0
 322 2000 0
 322 2000 0
 320 2000 0
 321 2000 0
 320 2000 0
 321 2000 0
 320 2000 0
 320 2000 0
 321 2000 0
 322 2000 0
 322 2000 0
 322 2000 0
 322 2000 0
 321 2000 0
 320 2000 0
 322 2000 0
 320 2000 0
 322 2000 0
 320 2000 0
 322 2000 0
 322 2000 0
 320 2000 0
 321 2000 0
 356 2059 1
 414 2095 6
 448 2098 10
 472 2098 15
 489 2095 19
 504 2090 24
 516 2084 28
 526 2078 32
 533 2072 35
 544 2067 38
 551 2059 41
 558 2053 44
 561 2047 46
 569 2044 48
 574 2037 50
 576 2032 52
 578 2026 53
 583 2025 54
 584 2020 55
t01:08:20
 589 2020 56
 588 2014 57
 591 2012 58
 591 2013 58
 594 2014 59
 594 2000 59
 596 2000 59
 596 2000 59
 596 2000 59
 599 2000 59
 596 2000 59
 597 2000 59
 597 2000 59
 597 2000 59
 599 2000 59
 597 2000 59
 599 2000 59
 557 1923 57
 457 1847 50
 392 1843 42
 373 1855 35
 365 1874 29
 361 1889 24
 360 1897 19
 347 1904 14
 338 1912 10
 336 1928 6
 336 1941 3
 333 1950 1
 333 1958 0
 330 1964 0
 328 1969 0
 326 1974 0
 325 1979 0
 325 1981 0
 323 1986 0
 325 2000 0
 323 2000 0
 323 2000 0
 323 2000 0
 321 2000 0
 323 2000 0
 321 2000 0
 323 2000 0
 321 2000 0
 323 2000 0
 321 2000 0
 321 2000 0
 321 2000 0
 321 2000 0
 321 2000 0
 320 2000 0
 321 2000 0
 320 2000 0
 321 2000 0
 320 2000 0
 320 2000 0
 320 2000 0
 322 2000 0
t01:08:21
 320 2000 0
 322 2000 0
 322 2000 0
 320 2000 0
 320 2000 0
 320 2000 0
 320 2000 0
 322 2000 0
 320 2000 0
 322 2000 0
 320 2000 0
 322 2000 0
 322 2000 0
 320 2000 0
 322 2000 0
 322 2000 0
 320 2000 0
 320 2000 0
 320 2000 0
 322 2000 0
 322 2000 0
 320 2000 0
 322 2000 0
 322 2000 0
 320 2000 0
 320 2000 0
 322 2000 0
 320 2000 0
 322 2000 0
 322 2000 0
 321 2000 0
 324 2013 0
 384 2083 3
 431 2098 8
 459 2098 12
 479 2096 17
 496 2093 21
 509 2089 26
 521 2082 30
 529 2075 33
 539 2070 37
 546 2063 40
 554 2057 42
 559 2050 45
 563 2044 47
 569 2041 49
 574 2036 51
 576 2029 52
 579 2028 53
 584 2024 55
 586 2021 56
 589 2018 57
 589 2016 57
 593 2014 58
 593 2012 58
 596 2000 59
 596 2000 59
 596 2000 59
 598 2000 59
 596 2000 59
t01:08:22
 598 2000 59
 599 2000 59
 598 2000 59
 599 2000 59
 598 2000 59
 601 2000 59
 600 2000 59
 591 1981 58
 510 1871 53
 420 1839 46
 380 1851 39
 371 1868 32
 369 1878 26
 362 1890 21
 350 1898 16
 343 1908 12
 338 1927 8
 336 1936 5
 335 1944 2
 333 1956 0
 330 1962 0
 328 1968 0
 328 1973 0
 326 1979 0
 326 1981 0
 325 1984 0
 325 1986 0
 323 1988 0
 323 1989 0
 321 2000 0
 321 2000 0
 321 2000 0
 321 2000 0
 321 2000 0
 321 2000 0
 321 2000 0
 321 2000 0
 321 2000 0
 321 2000 0
 320 2000 0
 321 2000 0
 320 2000 0
 320 2000 0
 320 2000 0
 321 2000 0
 318 2000 0
 321 2000 0
 320 2000 0
 320 2000 0
 320 2000 0
 320 2000 0
 320 2000 0
 322 2000 0
 320 2000 0
 320 2000 0
 320 2000 0
 320 2000 0
 320 2000 0
 320 2000 0
 320 2000 0
 320 2000 0
t01:08:23
 320 2000 0
 320 2000 0
 322 2000 0
 322 2000 0
 320 2000 0
 322 2000 0
 322 2000 0
 320 2000 0
 322 2000 0
 320 2000 0
 322 2000 0
 322 2000 0
 322 2000 0
 320 2000 0
 320 2000 0
 320 2000 0
 320 2000 0
 320 2000 0
 320 2000 0
 321 2000 0
 356 2059 1
 413 2095 6
 449 2099 10
 472 2098 15
 489 2095 19
 504 2091 24
 516 2084 28
 526 2077 32
 534 2073 35
 543 2066 38
 550 2059 41
 556 2054 44
 565 2048 46
 568 2042 48
 573 2038 50
 576 2032 52
 580 2028 53
 581 2023 54
 583 2020 55
 588 2022 56
 589 2017 57
 591 2016 58
 593 2013 58
 595 2012 59
 595 2000 59
 596 2000 59
 595 2000 59
 598 2000 59
 596 2000 59
 599 2000 59
 597 2000 59
 599 2000 59
 597 2000 59
 599 2000 59
 599 2000 59
 599 2000 59
 557 1921 57
 462 1844 50
 395 1844 42
t01:08:24
 374 1864 36
 366 1871 29
 364 1886 24
 359 1895 19
 347 1904 14
 340 1918 10
 338 1928 7
 335 1936 3
 333 1951 1
 333 1957 0
 330 1964 0
 328 1971 0
 328 1977 0
 326 1979 0
 326 1983 0
 325 1985 0
 323 1987 0
 323 1989 0
 321 1990 0
 321 2000 0
 321 2000 0
 321 2000 0
 321 2000 0
 321 2000 0
 321 2000 0
 321 2000 0
 320 2000 0
 321 2000 0
 320 2000 0
 321 2000 0
 321 2000 0
 321 2000 0
 321 2000 0
 323 2000 0
 321 2000 0
 321 2000 0
 321 2000 0
 321 2000 0
 320 2000 0
 320 2000 0
 320 2000 0
 322 2000 0
 322 2000 0
 322 2000 0
 322 2000 0
 322 2000 0
 320 2000 0
 320 2000 0
 320 2000 0
 320 2000 0
 320 2000 0
 318 2000 0
 320 2000 0
 320 2000 0
 322 2000 0
 320 2000 0
 322 2000 0
 320 2000 0
 322 2000 0
 322 2000 0
t01:08:25
 322 2000 0
 320 2000 0
 320 2000 0
 320 2000 0
 320 2000 0
 320 2000 0
 322 2000 0
 322 2000 0
 322 2000 0
 321 2000 0
 330 2019 0
 388 2085 3
 433 2098 8
 461 2098 13
 481 2097 17
 497 2093 22
 509 2088 26
 523 2081 30
 531 2075 33
 538 2068 37
 546 2062 40
 553 2055 42
 558 2049 45
 565 2045 47
 570 2040 49
 575 2035 51
 578 2032 52
 581 2028 54
 584 2025 55
 588 2021 56
 588 2016 57
 593 2017 57
 591 2000 58
 593 2012 58
 595 2000 58
 596 2000 58
 596 2000 58
 598 2000 58
 596 2000 58
 600 2000 58
 596 2000 58
 600 2000 58
 598 2000 58
 600 2000 58
 598 2000 58
 600 2000 58
 590 1981 58
 510 1870 53
 420 1835 45
 382 1853 38
 371 1868 32
 364 1879 26
 362 1892 20
 352 1896 15
 343 1909 11
 338 1921 7
 336 1932 4
 335 1943 1
 335 1954 0
 331 1959 0
 330 1965 0
t01:08:26
 328 1972 0
 328 1978 0
 325 1980 0
 325 1984 0
 323 1986 0
 323 1988 0
 321 2000 0
 323 2000 0
 321 2000 0
 323 2000 0
 321 2000 0
 321 2000 0
 321 2000 0
 323 2000 0
 321 2000 0
 321 2000 0
 320 2000 0
 321 2000 0
 321 2000 0
 321 2000 0
 321 2000 0
 321 2000 0
 320 2000 0
 321 2000 0
 321 2000 0
 321 2000 0
 320 2000 0
 321 2000 0
 321 2000 0
 320 2000 0
 321 2000 0
 320 2000 0
 321 2000 0
 320 2000 0
 320 2000 0
 320 2000 0
 320 2000 0
 320 2000 0
 322 2000 0
 322 2000 0
 322 2000 0
 320 2000 0
 320 2000 0
 320 2000 0
 320 2000 0
 320 2000 0
 320 2000 0
 320 2000 0
 322 2000 0
 322 2000 0
 320 2000 0
 322 2000 0
 322 2000 0
 322 2000 0
 322 2000 0
 322 2000 0
 320 2000 0
 320 2000 0
 321 2000 0
t01:08:27
 356 2057 1
 413 2095 5
 448 2099 10
 472 2098 15
 489 2094 19
 502 2090 24
 514 2084 28
 526 2079 31
 534 2072 35
 541 2066 38
 549 2059 41
 556 2053 44
 563 2047 46
 566 2042 48
 571 2037 50
 574 2032 51
 580 2028 53
 581 2025 54
 584 2023 55
 584 2016 56
 589 2017 57
 589 2014 57
 591 2014 58
 593 2000 58
 595 2000 58
 595 2000 58
 596 2000 58
 594 2000 58
 596 2000 58
 596 2000 58
 598 2000 58
 598 2000 58
 598 2000 58
 596 2000 58
 599 2000 58
 599 2000 58
 557 1924 56
 459 1843 49
 393 1846 42
 377 1857 35
 368 1877 29
 362 1885 23
 357 1894 18
 345 1904 14
 340 1916 10
 338 1927 6
 337 1941 3
 335 1952 1
 333 1959 0
 333 1966 0
 330 1969 0
 328 1974 0
 325 1977 0
 326 1981 0
 323 1984 0
 323 1989 0
 323 2000 0
 323 2000 0
 321 2000 0
 321 2000 0
t01:08:28
 321 2000 0
 323 2000 0
 321 2000 0
 321 2000 0
 321 2000 0
 321 2000 0
 321 2000 0
 321 2000 0
 321 2000 0
 321 2000 0
 320 2000 0
 320 2000 0
 321 2000 0
 321 2000 0
 320 2000 0
 318 2000 0
 320 2000 0
 320 2000 0
 321 2000 0
 320 2000 0
 321 2000 0
 320 2000 0
 320 2000 0
 320 2000 0
 320 2000 0
 320 2000 0
 322 2000 0
 322 2000 0
 321 2000 0
 321 2000 0
 321 2000 0
 321 2000 0
 322 2000 0
 322 2000 0
 322 2000 0
 322 2000 0
 322 2000 0
 320 2000 0
 322 2000 0
 320 2000 0
 322 2000 0
 320 2000 0
 322 2000 0
 320 2000 0
 322 2000 0
 322 2000 0
 320 2000 0
 320 2000 0
 321 2000 0
 322 2000 0
 376 2077 2
 426 2098 7
 456 2099 12
 476 2097 16
 494 2094 21
 508 2089 25
 518 2082 29
 528 2076 33
 536 2070 36
 544 2066 39
 553 2058 42
t01:08:29
 560 2052 44
 563 2045 47
 570 2041 49
 575 2036 50
 578 2032 52
 581 2028 53
 583 2023 55
 585 2018 55
 588 2019 56
 590 2018 57
 593 2017 58
 595 2013 59
 598 2014 59
 598 2000 60
 600 2000 60
 598 2000 60
 600 2000 60
 600 2000 60
 598 2000 60
 600 2000 60
 601 2000 60
 600 2000 60
 600 2000 60
 599 2000 60
 591 1983 59
 513 1872 54
 421 1841 47
 383 1848 40
 370 1860 33
 369 1880 27
 362 1891 22
 352 1896 17
 342 1910 12
 340 1923 9
 336 1934 5
 336 1944 3
 333 1953 0
 331 1959 0
 329 1965 0
 328 1972 0
 326 1977 0
 326 1983 0
 324 1983 0
 323 1986 0
 323 1988 0
 324 2000 0
 323 2000 0
 321 2000 0
 323 2000 0
 321 2000 0
 321 2000 0
 321 2000 0
 321 2000 0
 321 2000 0
 321 2000 0
 321 2000 0
 321 2000 0
 321 2000 0
 321 2000 0
t01:08:30
 320 2000 0
 320 2000 0
 320 2000 0
 321 2000 0
 320 2000 0
 321 2000 0
 320 2000 0
 321 2000 0
 321 2000 0
 321 2000 0
 320 2000 0
 320 2000 0
 321 2000 0
 320 2000 0
 320 2000 0
 320 2000 0
 321 2000 0
 321 2000 0
 320 2000 0
 321 2000 0
 320 2000 0
 322 2000 0
 320 2000 0
 322 2000 0
 320 2000 0
 320 2000 0
 320 2000 0
 322 2000 0
 320 2000 0
 320 2000 0
 320 2000 0
 320 2000 0
 322 2000 0
 320 2000 0
 322 2000 0
 320 2000 0
 322 2000 0
 322 2000 0
 322 2000 0
 354 2056 1
 413 2095 5
 448 2098 10
 472 2098 15
 489 2095 19
 502 2090 24
 516 2084 28
 526 2079 31
 535 2073 35
 545 2067 38
 551 2059 41
 556 2053 44
 563 2046 46
 568 2042 48
 571 2037 50
 576 2034 51
 580 2029 53
 583 2024 54
 585 2020 55
 588 2021 56
 589 2016 57
 591 2016 58
t01:08:31
 591 2013 58
 593 2000 58
 595 2000 58
 596 2000 58
 598 2000 58
 596 2000 58
 600 2000 58
 598 2000 58
 599 2000 58
 599 2000 58
 601 2000 58
 599 2000 58
 601 2000 58
 600 2000 58
 561 1926 56
 460 1846 49
 393 1842 42
 375 1858 35
 368 1873 29
 367 1884 23
 359 1895 18
 345 1904 13
 340 1915 9
 338 1930 6
 337 1939 3
 333 1947 0
 331 1957 0
 330 1963 0
 328 1968 0
 326 1974 0
 325 1979 0
 325 1982 0
 325 1988 0
 325 1990 0
 323 2000 0
 323 2000 0
 323 2000 0
 321 2000 0
 321 2000 0
 323 2000 0
 321 2000 0
 321 2000 0
 321 2000 0
 321 2000 0
 320 2000 0
 321 2000 0
 320 2000 0
 321 2000 0
 321 2000 0
 321 2000 0
 320 2000 0
 321 2000 0
 320 2000 0
 321 2000 0
 320 2000 0
 321 2000 0
 320 2000 0
 321 2000 0
 321 2000 0
t01:08:32
 321 2000 0
 320 2000 0
 320 2000 0
 320 2000 0
 321 2000 0
 321 2000 0
 321 2000 0
 320 2000 0
 320 2000 0
 320 2000 0
 320 2000 0
 321 2000 0
 320 2000 0
 320 2000 0
 320 2000 0
 320 2000 0
 320 2000 0
 322 2000 0
 320 2000 0
 322 2000 0
 320 2000 0
 320 2000 0
 320 2000 0
 322 2000 0
 322 2000 0
 322 2000 0
 322 2000 0
 321 2000 0
 325 2014 0
 385 2083 3
 431 2098 8
 460 2099 12
 481 2096 17
 496 2093 21
 509 2087 26
 519 2081 30
 529 2075 33
 538 2069 37
 546 2063 40
 553 2058 42
 559 2050 45
 564 2045 47
 569 2039 49
 574 2036 51
 579 2032 52
 583 2027 54
 584 2021 55
 584 2020 56
 589 2018 57
 589 2014 57
 591 2013 58
 593 2000 58
 593 2000 58
 594 2000 58
 598 2000 58
 596 2000 58
 598 2000 58
 598 2000 58
 599 2000 58
 601 2000 58
t01:08:33
 601 2000 58
 599 2000 58
 601 2000 58
 600 2000 58
 591 1983 58
 510 1870 53
 423 1840 46
 383 1847 38
 370 1864 32
 365 1884 26
 364 1892 21
 354 1897 16
 342 1908 11
 338 1920 8
 336 1934 4
 335 1944 2
 333 1956 0
 331 1961 0
 330 1970 0
 328 1971 0
 326 1976 0
 325 1981 0
 325 1985 0
 325 1987 0
 323 1988 0
 323 1989 0
 321 2000 0
 323 2000 0
 321 2000 0
 321 2000 0
 322 2000 0
 322 2000 0
 321 2000 0
 321 2000 0
 320 2000 0
 321 2000 0
 322 2000 0
 322 2000 0
 322 2000 0
 322 2000 0
 322 2000 0
 322 2000 0
 322 2000 0
 322 2000 0
 320 2000 0
 320 2000 0
 320 2000 0
 320 2000 0
 320 2000 0
 320 2000 0
 320 2000 0
 322 2000 0
 320 2000 0
 320 2000 0
 320 2000 0
 320 2000 0
 322 2000 0
 320 2000 0
 322 2000 0
 322 2000 0
 323 2000 0
t01:08:34
 322 2000 0
 322 2000 0
 322 2000 0
 320 2000 0
 320 2000 0
 322 2000 0
 322 2000 0
 320 2000 0
 320 2000 0
 322 2000 0
 320 2000 0
 320 2000 0
 322 2000 0
 322 2000 0
 320 2000 0
 322 2000 0
 321 2000 0
 356 2059 1
 413 2095 6
 449 2099 10
 472 2098 15
 489 2095 19
 504 2090 24
 516 2084 28
 524 2078 31
 535 2072 35
 543 2065 38
 550 2059 41
 558 2054 44
 561 2047 46
 568 2042 48
 573 2038 50
 576 2032 51
 580 2030 53
 585 2027 54
 586 2022 55
 588 2019 56
 591 2020 57
 593 2015 58
 593 2000 58
 595 2000 58
 595 2000 58
 598 2000 58
 596 2000 58
 600 2000 58
 598 2000 58
 598 2000 58
 598 2000 58
 599 2000 58
 598 2000 58
 599 2000 58
 599 2000 58
 600 2000 58
 558 1923 56
 460 1844 49
 395 1841 42
 375 1861 35
 370 1871 28
 362 1888 23
 360 1893 18
t01:08:35
 345 1901 13
 340 1914 9
 338 1929 5
 338 1940 2
 335 1950 0
 333 1955 0
 330 1963 0
 330 1970 0
 326 1974 0
 326 1978 0
 325 1982 0
 325 1984 0
 323 1988 0
 323 2000 0
 323 2000 0
 323 2000 0
 321 2000 0
 321 2000 0
 321 2000 0
 321 2000 0
 321 2000 0
 321 2000 0
 320 2000 0
 321 2000 0
 321 2000 0
 323 2000 0
 320 2000 0
 321 2000 0
 321 2000 0
 321 2000 0
 320 2000 0
 321 2000 0
 320 2000 0
 321 2000 0
 321 2000 0
 320 2000 0
 320 2000 0
 320 2000 0
 320 2000 0
 320 2000 0
 320 2000 0
 320 2000 0
 322 2000 0
 320 2000 0
 322 2000 0
 320 2000 0
 320 2000 0
 320 2000 0
 320 2000 0
 320 2000 0
 322 2000 0
 320 2000 0
 320 2000 0
 320 2000 0
 322 2000 0
 322 2000 0
 322 2000 0
 320 2000 0
 322 2000 0
t01:08:36
 322 2000 0
 322 2000 0
 322 2000 0
 322 2000 0
 322 2000 0
 320 2000 0
 320 2000 0
 328 2019 0
 388 2085 3
 433 2098 8
 461 2099 13
 481 2097 17
 497 2093 22
 509 2088 26
 521 2081 30
 530 2076 34
 540 2070 37
 548 2063 40
 555 2057 43
 560 2051 45
 565 2045 47
 570 2040 49
 577 2036 51
 578 2030 53
 583 2028 54
 585 2022 55
 588 2022 56
 590 2020 57
 593 2015 58
 593 2012 58
 595 2000 58
 595 2000 58
 596 2012 59
 598 2000 59
 600 2000 59
 600 2000 59
 600 2000 59
 598 2000 59
 600 2000 59
 598 2000 59
 601 2000 59
 600 2000 59
 599 2000 59
 590 1982 58
 510 1870 53
 418 1836 46
 380 1849 39
 370 1869 32
 367 1880 26
 362 1894 21
 350 1898 16
 342 1910 12
 338 1924 8
 338 1936 5
 335 1944 2
 333 1954 0
 331 1959 0
 330 1966 0
 328 1973 0
 326 1977 0
t01:08:37
 326 1981 0
 325 1984 0
 323 1985 0
 323 1987 0
 321 1988 0
 323 2000 0
 321 2000 0
 321 2000 0
 320 2000 0
 323 2000 0
 321 2000 0
 321 2000 0
 321 2000 0
 321 2000 0
 320 2000 0
 321 2000 0
 320 2000 0
 320 2000 0
 320 2000 0
 321 2000 0
 321 2000 0
 320 2000 0
 321 2000 0
 321 2000 0
 321 2000 0
 321 2000 0
 321 2000 0
 321 2000 0
 321 2000 0
 320 2000 0
 320 2000 0
 320 2000 0
 320 2000 0
 320 2000 0
 320 2000 0
 320 2000 0
 322 2000 0
 320 2000 0
 320 2000 0
 320 2000 0
 322 2000 0
 322 2000 0
 322 2000 0
 322 2000 0
 322 2000 0
 320 2000 0
 322 2000 0
 320 2000 0
 322 2000 0
 322 2000 0
 322 2000 0
 322 2000 0
 322 2000 0
 322 2000 0
 322 2000 0
 322 2000 0
 321 2000 0
 356 2059 1
 414 2095 6
 448 2098 10
t01:08:38
 472 2098 15
 489 2095 19
 504 2091 24
 516 2084 28
 524 2078 32
 535 2073 35
 543 2066 38
 551 2060 41
 556 2053 44
 563 2049 46
 570 2044 48
 575 2038 50
 577 2031 52
 578 2028 53
 581 2024 54
 585 2022 55
 586 2018 56
 590 2018 57
 590 2014 58
 593 2014 58
 593 2000 58
 596 2000 58
 596 2000 58
 598 2000 58
 598 2000 58
 598 2000 58
 598 2000 58
 598 2000 58
 601 2000 58
 601 2000 58
 601 2000 58
 600 2000 58
 599 2000 58
 558 1922 56
 462 1843 49
 393 1840 42
 375 1854 35
 366 1872 28
 364 1891 23
 357 1895 18
 347 1904 13
 340 1919 9
 338 1930 6
 337 1941 3
 335 1950 0
 331 1956 0
 330 1962 0
 328 1968 0
 328 1975 0
 326 1979 0
 325 1982 0
 323 1984 0
 323 1988 0
 321 1988 0
 323 2000 0
 323 2000 0
 321 2000 0
 321 2000 0
 323 2000 0
 321 2000 0
t01:08:39
 321 2000 0
 321 2000 0
 321 2000 0
 321 2000 0
 320 2000 0
 320 2000 0
 320 2000 0
 321 2000 0
 320 2000 0
 321 2000 0
 320 2000 0
 322 2000 0
 320 2000 0
 322 2000 0
 320 2000 0
 320 2000 0
 320 2000 0
 322 2000 0
 322 2000 0
 322 2000 0
 322 2000 0
 322 2000 0
 320 2000 0
 322 2000 0
 320 2000 0
 320 2000 0
 320 2000 0
 322 2000 0
 320 2000 0
 320 2000 0
 322 2000 0
 322 2000 0
 320 2000 0
 322 2000 0
 320 2000 0
 320 2000 0
 320 2000 0
 320 2000 0
 320 2000 0
 320 2000 0
 320 2000 0
 320 2000 0
 322 2000 0
 320 2000 0
 322 2000 0
 321 2000 0
 326 2014 0
 384 2083 3
 431 2098 8
 460 2098 12
 479 2096 17
 494 2093 21
 509 2088 26
 519 2080 29
 530 2076 33
 538 2069 36
 545 2062 39
 551 2056 42
 558 2052 45
 565 2045 47
t01:08:40
 570 2041 49
 573 2034 51
 580 2033 52
 580 2026 53
 585 2024 55
 585 2019 56
 588 2017 56
 590 2014 57
 589 2000 57
 591 2000 57
 589 2000 57
 595 2012 58
 595 2000 58
 596 2000 58
 596 2000 58
 598 2000 58
 598 2000 58
 598 2000 58
 596 2000 58
 600 2000 58
 598 2000 58
 599 2000 58
 590 1982 57
 512 1872 52
 420 1843 45
 383 1850 38
 370 1869 31
 365 1881 26
 362 1892 20
 352 1899 15
 343 1910 11
 340 1924 7
 337 1932 4
 335 1946 1
 333 1953 0
 330 1962 0
 330 1968 0
 328 1973 0
 326 1978 0
 326 1980 0
 323 1982 0
 325 1988 0
 323 1990 0
 323 2000 0
 321 2000 0
 321 2000 0
 321 2000 0
 321 2000 0
 323 2000 0
 322 2000 0
 323 2000 0
 321 2000 0
 321 2000 0
 320 2000 0
 321 2000 0
 320 2000 0
 321 2000 0
 321 2000 0
 321 2000 0
 320 2000 0
t01:08:41
 321 2000 0
 320 2000 0
 321 2000 0
 321 2000 0
 321 2000 0
 321 2000 0
 320 2000 0
 320 2000 0
 322 2000 0
 320 2000 0
 322 2000 0
 320 2000 0
 321 2000 0
 321 2000 0
 321 2000 0
 320 2000 0
 320 2000 0
 321 2000 0
 320 2000 0
 322 2000 0
 320 2000 0
 322 2000 0
 320 2000 0
 322 2000 0
 320 2000 0
 322 2000 0
 320 2000 0
 320 2000 0
 320 2000 0
 320 2000 0
 320 2000 0
 322 2000 0
 322 2000 0
 322 2000 0
 322 2000 0
 321 2000 0
 354 2056 1
 412 2095 5
 447 2099 10
 472 2098 15
 488 2095 19
 503 2090 24
 515 2083 28
 525 2078 31
 535 2072 35
 543 2066 38
 550 2060 41
 557 2053 44
 562 2046 46
 567 2041 48
 572 2037 50
 575 2033 51
 580 2029 53
 582 2025 54
 585 2023 55
 586 2018 56
 590 2019 57
 590 2015 58
 593 2012 58
 593 2000 58
t01:08:42
 595 2000 58
 595 2000 58
 595 2000 58
 595 2000 58
 598 2000 58
 595 2000 58
 600 2000 58
 596 2000 58
 599 2000 58
 598 2000 58
 599 2000 58
 599 2000 58
 557 1922 56
 457 1846 49
 395 1844 42
 375 1858 35
 367 1875 29
 362 1889 23
 359 1900 18
 347 1904 14
 340 1913 10
 338 1929 6
 337 1939 3
 335 1949 0
 333 1961 0
 331 1964 0
 328 1970 0
 326 1974 0
 325 1977 0
 325 1982 0
 323 1985 0
 323 1988 0
 323 2000 0
 325 2000 0
 323 2000 0
 323 2000 0
 321 2000 0
 321 2000 0
 320 2000 0
 321 2000 0
 321 2000 0
 321 2000 0
 320 2000 0
 321 2000 0
 320 2000 0
 321 2000 0
 320 2000 0
 321 2000 0
 320 2000 0
 320 2000 0
 322 2000 0
 322 2000 0
 322 2000 0
 320 2000 0
 321 2000 0
 323 2000 0
 320 2000 0
 320 2000 0
 320 2000 0
 320 2000 0
t01:08:43
 320 2000 0
 320 2000 0
 321 2000 0
 320 2000 0
 323 2000 0
 321 2000 0
 321 2000 0
 320 2000 0
 321 2000 0
 321 2000 0
 320 2000 0
 321 2000 0
 321 2000 0
 320 2000 0
 321 2000 0
 320 2000 0
 321 2000 0
 320 2000 0
 321 2000 0
 320 2000 0
 321 2000 0
 321 2000 0
 321 2000 0
 321 2000 0
 321 2000 0
 321 2000 0
 379 2078 2
 427 2098 7
 457 2099 12
 475 2096 16
 494 2094 21
 508 2088 25
 519 2082 29
 529 2077 33
 538 2070 36
 544 2063 39
 553 2058 42
 560 2051 44
 563 2046 47
 569 2040 49
 573 2036 50
 579 2034 52
 581 2026 53
 584 2023 54
 586 2021 55
 588 2017 56
 588 2014 57
 591 2015 58
 593 2014 58
 596 2014 59
 596 2000 59
 598 2000 59
 596 2000 59
 600 2000 59
 598 2000 59
 600 2000 59
 598 2000 59
 600 2000 59
 598 2000 59
 598 2000 59
t01:08:44
 599 2000 59
 591 1984 59
 513 1872 54
 422 1838 47
 383 1849 39
 371 1866 33
 368 1877 27
 362 1891 21
 351 1897 17
 341 1907 12
 339 1922 8
 336 1935 5
 336 1946 2
 332 1955 0
 329 1962 0
 329 1967 0
 328 1973 0
 326 1976 0
 326 1982 0
 324 1984 0
 324 1987 0
 321 1987 0
 323 2000 0
 323 2000 0
 323 2000 0
 321 2000 0
 321 2000 0
 321 2000 0
 321 2000 0
 321 2000 0
 321 2000 0
 321 2000 0
 321 2000 0
 321 2000 0
 321 2000 0
 321 2000 0
 321 2000 0
 320 2000 0
 320 2000 0
 321 2000 0
 320 2000 0
 321 2000 0
 320 2000 0
 321 2000 0
 320 2000 0
 323 2000 0
 322 2000 0
 322 2000 0
 320 2000 0
 322 2000 0
 320 2000 0
 322 2000 0
 320 2000 0
 320 2000 0
 320 2000 0
 320 2000 0
 320 2000 0
 320 2000 0
 320 2000 0
 320 2000 0
t01:08:45
 320 2000 0
 321 2000 0
 321 2000 0
 320 2000 0
 321 2000 0
 321 2000 0
 321 2000 0
 321 2000 0
 321 2000 0
 320 2000 0
 320 2000 0
 320 2000 0
 321 2000 0
 320 2000 0
 321 2000 0
 354 2057 1
 413 2095 5
 448 2099 10
 472 2098 15
 487 2095 19
 504 2091 24
 514 2084 28
 526 2078 32
 533 2071 35
 543 2066 38
 550 2059 41
 558 2055 44
 561 2048 46
 570 2044 48
 573 2038 50
 578 2036 52
 581 2029 53
 584 2026 55
 588 2023 56
 589 2020 57
 591 2016 57
 595 2017 58
 595 2000 59
 596 2000 59
 596 2000 59
 596 2000 59
 598 2000 59
 598 2000 59
 598 2000 59
 599 2000 59
 599 2000 59
 599 2000 59
 599 2000 59
 599 2000 59
 601 2000 59
 600 2000 59
 559 1925 56
 462 1846 50
 397 1847 42
 375 1863 36
 368 1875 29
 365 1885 24
 358 1894 19
 346 1901 14
 340 1915 10
t01:08:46
 338 1930 6
 338 1943 3
 336 1949 1
 331 1956 0
 330 1961 0
 328 1971 0
 326 1975 0
 325 1979 0
 325 1982 0
 325 1987 0
 325 1988 0
 323 1988 0
 321 2000 0
 323 2000 0
 321 2000 0
 323 2000 0
 321 2000 0
 323 2000 0
 321 2000 0
 321 2000 0
 321 2000 0
 321 2000 0
 321 2000 0
 321 2000 0
 321 2000 0
 321 2000 0
 321 2000 0
 321 2000 0
 321 2000 0
 321 2000 0
 321 2000 0
 320 2000 0
 321 2000 0
 320 2000 0
 320 2000 0
 320 2000 0
 320 2000 0
 320 2000 0
 321 2000 0
 320 2000 0
 321 2000 0
 320 2000 0
 321 2000 0
 320 2000 0
 321 2000 0
 320 2000 0
 321 2000 0
 321 2000 0
 321 2000 0
 321 2000 0
 321 2000 0
 321 2000 0
 320 2000 0
 321 2000 0
 320 2000 0
 320 2000 0
 321 2000 0
 321 2000 0
 320 2000 0
 321 2000 0
t01:08:47
 320 2000 0
 321 2000 0
 321 2000 0
 321 2000 0
 325 2013 0
 384 2083 3
 432 2098 8
 461 2099 12
 479 2097 17
 497 2094 21
 511 2089 26
 523 2083 30
 531 2076 33
 541 2070 37
 548 2063 40
 555 2056 43
 560 2050 45
 566 2046 47
 571 2038 49
 575 2035 51
 578 2031 52
 581 2027 54
 585 2021 55
 585 2018 56
 589 2020 57
 591 2016 57
 593 2015 58
 595 2013 59
 596 2000 59
 596 2000 59
 598 2000 59
 596 2000 59
 598 2000 59
 598 2000 59
 600 2000 59
 600 2000 59
 601 2000 59
 600 2000 59
 603 2000 59
 600 2000 59
 593 1984 59
 513 1871 54
 422 1839 46
 381 1847 39
 372 1862 32
 363 1876 26
 360 1893 21
 353 1897 16
 345 1909 12
 340 1920 8
 336 1933 4
 335 1940 2
 333 1955 0
 333 1961 0
 330 1967 0
 328 1969 0
 326 1974 0
 325 1979 0
 325 1985 0
 323 1986 0
 323 1990 0
t01:08:48
 323 2000 0
 323 2000 0
 321 2000 0
 321 2000 0
 323 2000 0
 321 2000 0
 321 2000 0
 321 2000 0
 321 2000 0
 321 2000 0
 323 2000 0
 320 2000 0
 320 2000 0
 321 2000 0
 321 2000 0
 321 2000 0
 321 2000 0
 321 2000 0
 321 2000 0
 320 2000 0
 321 2000 0
 320 2000 0
 320 2000 0
 320 2000 0
 320 2000 0
 320 2000 0
 321 2000 0
 320 2000 0
 321 2000 0
 321 2000 0
 321 2000 0
 320 2000 0
 321 2000 0
 320 2000 0
 322 2000 0
 320 2000 0
 320 2000 0
 320 2000 0
 320 2000 0
 322 2000 0
 320 2000 0
 322 2000 0
 320 2000 0
 322 2000 0
 320 2000 0
 322 2000 0
 320 2000 0
 322 2000 0
 322 2000 0
 322 2000 0
 320 2000 0
 320 2000 0
 321 2000 0
 356 2059 1
 413 2095 6
 448 2099 10
 472 2098 15
 489 2095 19
 502 2090 24
t01:08:49
 514 2084 28
 524 2077 32
 533 2072 35
 541 2065 38
 548 2060 41
 555 2053 44
 561 2048 46
 566 2041 48
 571 2037 50
 575 2032 51
 578 2031 53
 583 2026 54
 584 2021 55
 588 2020 56
 588 2017 57
 591 2014 58
 591 2013 58
 593 2000 59
 593 2000 59
 593 2000 59
 595 2000 59
 596 2000 59
 594 2000 59
 598 2000 59
 597 2000 59
 599 2000 59
 599 2000 59
 601 2000 59
 597 2000 59
 598 2000 59
 555 1922 56
 457 1846 50
 393 1844 42
 375 1861 35
 367 1878 29
 362 1889 24
 359 1895 19
 345 1904 14
 340 1920 10
 338 1927 7
 338 1942 4
 335 1952 1
 331 1957 0
 330 1966 0
 330 1971 0
 326 1976 0
 326 1980 0
 325 1982 0
 325 1984 0
 323 1987 0
 323 2000 0
 323 2000 0
 325 2000 0
 323 2000 0
 323 2000 0
 323 2000 0
 323 2000 0
 320 2000 0
 321 2000 0
 323 2000 0
 321 2000 0
t01:08:50
 320 2000 0
 320 2000 0
 320 2000 0
 321 2000 0
 321 2000 0
 323 2000 0
 321 2000 0
 321 2000 0
 320 2000 0
 320 2000 0
 320 2000 0
 321 2000 0
 320 2000 0
 321 2000 0
 320 2000 0
 321 2000 0
 321 2000 0
 321 2000 0
 321 2000 0
 320 2000 0
 321 2000 0
 320 2000 0
 321 2000 0
 320 2000 0
 321 2000 0
 320 2000 0
 320 2000 0
 320 2000 0
 322 2000 0
 320 2000 0
 322 2000 0
 320 2000 0
 320 2000 0
 320 2000 0
 322 2000 0
 320 2000 0
 322 2000 0
 320 2000 0
 322 2000 0
 322 2000 0
 322 2000 0
 321 2000 0
 326 2016 0
 386 2085 3
 432 2098 8
 460 2099 13
 481 2097 17
 497 2093 22
 511 2088 26
 523 2081 30
 531 2076 33
 539 2068 37
 546 2064 40
 554 2057 43
 559 2050 45
 566 2047 47
 573 2041 49
 576 2035 51
 578 2030 53
t01:08:51
 583 2026 54
 584 2023 55
 588 2022 56
 589 2018 57
 591 2016 58
 593 2014 58
 595 2013 59
 595 2000 59
 598 2000 59
 596 2000 59
 596 2000 59
 598 2000 59
 600 2000 59
 600 2000 59
 600 2000 59
 598 2000 59
 600 2000 59
 600 2000 59
 599 2000 59
 590 1981 59
 510 1869 54
 419 1842 46
 380 1850 39
 370 1867 33
 369 1879 27
 362 1892 21
 350 1897 16
 342 1911 12
 340 1924 8
 338 1937 5
 336 1946 2
 335 1952 0
 331 1958 0
 330 1964 0
 328 1973 0
 328 1979 0
 326 1980 0
 325 1984 0
 323 1985 0
 323 1989 0
 323 2000 0
 325 2000 0
 323 2000 0
 323 2000 0
 321 2000 0
 321 2000 0
 320 2000 0
 321 2000 0
 321 2000 0
 321 2000 0
 321 2000 0
 321 2000 0
 321 2000 0
 320 2000 0
 320 2000 0
 321 2000 0
 320 2000 0
 321 2000 0
 321 2000 0
 321 2000 0
 320 2000 0
t01:08:52
 320 2000 0
 320 2000 0
 321 2000 0
 321 2000 0
 321 2000 0
 322 2000 0
 320 2000 0
 320 2000 0
 320 2000 0
 320 2000 0
 320 2000 0
 322 2000 0
 320 2000 0
 320 2000 0
 320 2000 0
 320 2000 0
 318 2000 0
 320 2000 0
 320 2000 0
 320 2000 0
 320 2000 0
 318 2000 0
 320 2000 0
 320 2000 0
 322 2000 0
 320 2000 0
 320 2000 0
 322 2000 0
 322 2000 0
 322 2000 0
 322 2000 0
 321 2000 0
 356 2059 1
 413 2095 6
 448 2099 10
 472 2098 15
 489 2095 19
 504 2091 24
 514 2085 28
 526 2078 32
 536 2073 35
 545 2066 38
 552 2059 41
 558 2054 44
 565 2048 46
 568 2042 48
 575 2039 50
 578 2034 52
 581 2028 53
 585 2024 55
 586 2022 56
 590 2019 56
 589 2015 57
 591 2012 58
 593 2014 59
 593 2000 59
 596 2000 59
 596 2000 59
 596 2000 59
t01:08:53
 598 2000 59
 598 2000 59
 598 2000 59
 599 2000 59
 601 2000 59
 601 2000 59
 601 2000 59
 599 2000 59
 600 2000 59
 558 1924 56
 460 1846 50
 393 1844 42
 375 1859 35
 366 1876 29
 365 1887 24
 357 1896 19
 347 1905 14
 342 1915 10
 338 1927 6
 335 1939 3
 335 1951 1
 332 1958 0
 331 1966 0
 328 1968 0
 328 1974 0
 325 1978 0
 326 1984 0
 325 1985 0
 323 1987 0
 323 1988 0
 321 2000 0
 321 2000 0
 323 2000 0
 321 2000 0
 320 2000 0
 321 2000 0
 321 2000 0
 321 2000 0
 321 2000 0
 321 2000 0
 321 2000 0
 321 2000 0
 321 2000 0
 320 2000 0
 320 2000 0
 321 2000 0
 321 2000 0
 321 2000 0
 320 2000 0
 321 2000 0
 320 2000 0
 322 2000 0
 320 2000 0
 322 2000 0
 320 2000 0
 320 2000 0
 320 2000 0
 322 2000 0
 322 2000 0
 322 2000 0
t01:08:54
 322 2000 0
 322 2000 0
 322 2000 0
 322 2000 0
 320 2000 0
 321 2000 0
 322 2000 0
 322 2000 0
 320 2000 0
 322 2000 0
 320 2000 0
 320 2000 0
 320 2000 0
 320 2000 0
 320 2000 0
 320 2000 0
 322 2000 0
 320 2000 0
 322 2000 0
 322 2000 0
 323 2000 0
 321 2000 0
 328 2016 0
 388 2085 3
 433 2098 8
 461 2099 13
 481 2096 17
 497 2092 22
 511 2088 26
 521 2081 30
 531 2075 33
 540 2070 37
 550 2063 40
 553 2055 43
 560 2050 45
 566 2044 47
 570 2040 49
 575 2035 51
 580 2032 52
 581 2027 54
 585 2024 55
 585 2017 56
 589 2019 57
 591 2016 57
 593 2014 58
 593 2000 58
 595 2012 58
 596 2000 59
 596 2000 59
 596 2000 59
 598 2000 59
 600 2000 59
 598 2000 59
 600 2000 59
 598 2000 59
 600 2000 59
 600 2000 59
 599 2000 59
 588 1979 58
 509 1870 53
t01:08:55
 419 1841 46
 383 1849 38
 370 1864 32
 363 1882 26
 360 1895 21
 354 1897 16
 342 1909 11
 338 1922 7
 337 1937 4
 335 1947 2
 333 1955 0
 331 1962 0
 330 1966 0
 328 1975 0
 326 1977 0
 326 1981 0
 323 1982 0
 323 1986 0
 323 1989 0
 323 2000 0
 323 2000 0
 321 2000 0
 323 2000 0
 323 2000 0
 321 2000 0
 321 2000 0
 321 2000 0
 321 2000 0
 321 2000 0
 321 2000 0
 321 2000 0
 323 2000 0
 323 2000 0
 320 2000 0
 321 2000 0
 321 2000 0
 321 2000 0
 321 2000 0
 321 2000 0
 320 2000 0
 320 2000 0
 320 2000 0
 320 2000 0
 320 2000 0
 321 2000 0
 318 2000 0
 321 2000 0
 321 2000 0
 321 2000 0
 320 2000 0
 320 2000 0
 320 2000 0
 320 2000 0
 320 2000 0
 320 2000 0
 320 2000 0
 320 2000 0
 322 2000 0
 320 2000 0
 320 2000 0
t01:08:56
 320 2000 0
 322 2000 0
 320 2000 0
 322 2000 0
 320 2000 0
 320 2000 0
 320 2000 0
 320 2000 0
 320 2000 0
 322 2000 0
 320 2000 0
 323 2000 0
 356 2059 1
 414 2095 6
 448 2099 10
 472 2098 15
 489 2094 19
 504 2091 24
 514 2084 28
 526 2079 32
 536 2072 35
 543 2066 38
 550 2058 41
 557 2053 44
 561 2047 46
 568 2044 48
 571 2038 50
 578 2035 52
 581 2030 53
 585 2026 54
 586 2021 56
 590 2021 56
 591 2016 57
 593 2013 58
 595 2013 59
 595 2000 59
 598 2012 59
 596 2000 59
 598 2000 59
 598 2000 59
 598 2000 59
 598 2000 59
 600 2000 59
 598 2000 59
 600 2000 59
 600 2000 59
 599 2000 59
 599 2000 59
 558 1924 57
 460 1844 50
 393 1844 43
 373 1857 36
 368 1871 30
 362 1884 24
 359 1892 19
 345 1904 14
 342 1917 10
 337 1924 6
 337 1943 3
 335 1949 1
t01:08:57
 333 1960 0
 331 1964 0
 330 1971 0
 328 1974 0
 326 1978 0
 325 1982 0
 325 1987 0
 325 1988 0
 323 1989 0
 323 2000 0
 323 2000 0
 321 2000 0
 321 2000 0
 321 2000 0
 321 2000 0
 321 2000 0
 320 2000 0
 321 2000 0
 320 2000 0
 321 2000 0
 320 2000 0
 321 2000 0
 320 2000 0
 321 2000 0
 321 2000 0
 321 2000 0
 321 2000 0
 320 2000 0
 320 2000 0
 321 2000 0
 320 2000 0
 321 2000 0
 322 2000 0
 320 2000 0
 320 2000 0
 320 2000 0
 322 2000 0
 320 2000 0
 320 2000 0
 322 2000 0
 322 2000 0
 320 2000 0
 322 2000 0
 320 2000 0
 320 2000 0
 320 2000 0
 322 2000 0
 320 2000 0
 321 2000 0
 320 2000 0
 320 2000 0
 320 2000 0
 322 2000 0
 320 2000 0
 322 2000 0
 322 2000 0
 321 2000 0
 321 2000 0
 321 2000 0
 320 2000 0
 322 2000 0
t01:08:58
 322 2000 0
 378 2078 2
 427 2098 7
 457 2099 12
 477 2097 16
 494 2094 21
 509 2089 25
 521 2082 29
 529 2077 33
 539 2070 36
 548 2065 39
 555 2057 42
 560 2051 45
 566 2046 47
 571 2041 49
 573 2035 50
 580 2031 52
 583 2027 53
 584 2023 55
 586 2020 55
 588 2016 56
 589 2014 57
 593 2017 58
 595 2014 58
 596 2013 59
 596 2000 59
 598 2000 59
 596 2000 59
 600 2000 59
 598 2000 59
 600 2000 59
 600 2000 59
 601 2000 59
 601 2000 59
 601 2000 59
 600 2000 59
 596 1986 59
 515 1872 54
 423 1835 47
 382 1847 39
 371 1862 32
 368 1882 27
 363 1892 21
 353 1898 16
 343 1910 12
 340 1921 8
 338 1933 5
 336 1940 2
 333 1953 0
 331 1960 0
 329 1966 0
 327 1971 0
 326 1976 0
 324 1982 0
 326 1986 0
 324 1987 0
 322 1987 0
 323 1989 0
 319 1988 0
t01:08:59
 321 2000 0
 321 2000 0
 321 2000 0
 319 2000 0
 321 2000 0
 321 2000 0
 321 2000 0
 321 2000 0
 321 2000 0
 320 2000 0
 321 2000 0
 321 2000 0
 321 2000 0
 321 2000 0
 320 2000 0
 321 2000 0
 321 2000 0
 321 2000 0
 321 2000 0
 321 2000 0
 320 2000 0
 321 2000 0
 321 2000 0
 321 2000 0
 320 2000 0
 321 2000 0
 320 2000 0
 321 2000 0
 320 2000 0
 321 2000 0
 320 2000 0
 322 2000 0
 320 2000 0
 322 2000 0
 320 2000 0
 322 2000 0
 322 2000 0
 322 2000 0
 320 2000 0
 322 2000 0
 320 2000 0
 322 2000 0
 322 2000 0
 322 2000 0
 320 2000 0
 322 2000 0
 320 2000 0
 322 2000 0
 322 2000 0
 322 2000 0
 321 2000 0
 353 2053 1
 411 2094 5
 446 2099 10
 470 2098 15
 487 2095 19
 502 2090 23
 514 2084 27
 524 2077 31
 533 2071 35
t01:09:00
 541 2066 38
 550 2060 41
 556 2054 43
 561 2048 46
 568 2042 48
 571 2038 50
 578 2034 51
 578 2028 53
 583 2026 54
 584 2020 55
 586 2018 56
 588 2017 57
 591 2016 57
 591 2012 58
 595 2013 59
 596 2000 59
 596 2000 59
 598 2000 59
 598 2000 59
 598 2000 59
 598 2000 59
 598 2000 59
 598 2000 59
 596 2000 59
 597 2000 59
 597 2000 59
 599 2000 59
 558 1925 57
 462 1846 50
 395 1841 42
 376 1859 36
 368 1873 29
 364 1890 24
 360 1896 19
 347 1908 14
 340 1919 10
 338 1929 7
 337 1939 4
 335 1947 1
 331 1955 0
 330 1963 0
 330 1971 0
 328 1975 0
 326 1978 0
 325 1983 0
 325 1985 0
 323 1986 0
 323 1990 0
 321 1990 0
 321 2000 0
 323 2000 0
 321 2000 0
 321 2000 0
 321 2000 0
 323 2000 0
 321 2000 0
 321 2000 0
 321 2000 0
 321 2000 0
 321 2000 0
t01:09:01
 321 2000 0
 321 2000 0
 321 2000 0
 320 2000 0
 321 2000 0
 320 2000 0
 321 2000 0
 320 2000 0
 320 2000 0
 320 2000 0
 321 2000 0
 320 2000 0
 320 2000 0
 320 2000 0
 321 2000 0
 321 2000 0
 321 2000 0
 320 2000 0
 320 2000 0
 320 2000 0
 320 2000 0
 320 2000 0
 320 2000 0
 320 2000 0
 321 2000 0
 321 2000 0
 320 2000 0
 318 2000 0
 320 2000 0
 320 2000 0
 320 2000 0
 320 2000 0
 320 2000 0
 320 2000 0
 322 2000 0
 322 2000 0
 320 2000 0
 322 2000 0
 320 2000 0
 322 2000 0
 326 2014 0
 384 2083 3
 431 2098 8
 460 2098 12
 479 2097 17
 496 2093 21
 509 2088 26
 519 2080 29
 528 2075 33
 538 2069 36
 545 2063 39
 553 2058 42
 560 2051 45
 565 2045 47
 568 2038 49
 571 2035 50
 576 2030 52
 580 2026 53
 581 2022 54
 585 2021 55
 586 2017 56
t01:09:02
 588 2015 57
 591 2014 58
 591 2000 58
 591 2000 58
 595 2000 58
 595 2000 58
 595 2000 58
 596 2000 58
 596 2000 58
 596 2000 58
 596 2000 58
 596 2000 58
 598 2000 58
 598 2000 58
 597 2000 58
 590 1983 57
 512 1872 52
 421 1840 45
 382 1853 38
 371 1865 31
 364 1878 25
 365 1894 20
 352 1898 15
 343 1909 11
 338 1921 7
 338 1934 4
 336 1944 1
 335 1955 0
 330 1961 0
 330 1968 0
 326 1971 0
 325 1976 0
 325 1982 0
 325 1986 0
 323 1987 0
 323 1989 0
 323 2000 0
 323 2000 0
 321 2000 0
 323 2000 0
 321 2000 0
 321 2000 0
 321 2000 0
 321 2000 0
 321 2000 0
 321 2000 0
 321 2000 0
 320 2000 0
 321 2000 0
 320 2000 0
 320 2000 0
 321 2000 0
 321 2000 0
 320 2000 0
 322 2000 0
 322 2000 0
 322 2000 0
 322 2000 0
 322 2000 0
 320 2000 0
t01:09:03
 322 2000 0
 320 2000 0
 320 2000 0
 320 2000 0
 322 2000 0
 320 2000 0
 322 2000 0
 322 2000 0
 322 2000 0
 322 2000 0
 322 2000 0
 320 2000 0
 320 2000 0
 320 2000 0
 320 2000 0
 320 2000 0
 320 2000 0
 320 2000 0
 322 2000 0
 322 2000 0
 320 2000 0
 320 2000 0
 322 2000 0
 320 2000 0
 320 2000 0
 320 2000 0
 320 2000 0
 322 2000 0
 321 2000 0
 356 2058 1
 413 2095 5
 448 2098 10
 472 2098 15
 489 2094 19
 503 2089 24
 514 2084 28
 524 2077 31
 533 2071 35
 541 2066 38
 550 2059 41
 553 2050 43
 560 2046 46
 565 2041 48
 570 2037 49
 573 2032 51
 578 2029 52
 582 2025 54
 583 2022 55
 587 2019 56
 588 2016 56
 590 2014 57
 590 2000 57
 591 2000 57
 591 2000 57
 593 2000 57
 593 2000 57
 596 2000 57
 595 2000 57
 596 2000 57
t01:09:04
 596 2000 57
 598 2000 57
 596 2000 57
 596 2000 57
 596 2000 57
 597 2000 57
 555 1924 55
 460 1846 49
 395 1846 41
 377 1858 34
 366 1874 28
 362 1887 23
 359 1898 18
 347 1907 13
 342 1917 9
 340 1930 5
 336 1938 2
 335 1949 0
 331 1958 0
 331 1966 0
 328 1969 0
 328 1976 0
 326 1978 0
 325 1982 0
 323 1984 0
 323 1989 0
 323 2000 0
 323 2000 0
 323 2000 0
 323 2000 0
 321 2000 0
 321 2000 0
 321 2000 0
 320 2000 0
 321 2000 0
 320 2000 0
 320 2000 0
 320 2000 0
 320 2000 0
 320 2000 0
 321 2000 0
 320 2000 0
 320 2000 0
 320 2000 0
 320 2000 0
 320 2000 0
 323 2000 0
 320 2000 0
 321 2000 0
 320 2000 0
 321 2000 0
 320 2000 0
 320 2000 0
 320 2000 0
 320 2000 0
 320 2000 0
 321 2000 0
 320 2000 0
 320 2000 0
 320 2000 0
t01:09:05
 322 2000 0
 320 2000 0
 320 2000 0
 320 2000 0
 320 2000 0
 322 2000 0
 322 2000 0
 322 2000 0
 322 2000 0
 322 2000 0
 322 2000 0
 322 2000 0
 320 2000 0
 322 2000 0
 320 2000 0
 322 2000 0
 320 2000 0
 322 2000 0
 321 2000 0
 329 2018 0
 388 2084 3
 432 2098 8
 460 2098 13
 481 2097 17
 496 2092 22
 509 2088 26
 521 2080 30
 529 2076 33
 538 2069 37
 546 2062 40
 551 2054 42
 558 2050 45
 565 2045 47
 570 2040 49
 575 2035 51
 575 2029 52
 581 2029 53
 585 2023 55
 586 2020 56
 588 2017 56
 589 2014 57
 589 2000 57
 591 2000 57
 593 2000 57
 595 2000 58
 595 2000 58
 598 2000 58
 596 2000 58
 600 2000 58
 598 2000 58
 600 2000 58
 600 2000 58
 600 2000 58
 600 2000 58
 600 2000 58
 590 1982 57
 510 1872 52
 420 1838 45
 382 1848 38
 371 1865 31
t01:09:06
 370 1885 25
 364 1891 20
 352 1897 15
 342 1907 11
 338 1922 7
 336 1936 4
 336 1946 1
 335 1953 0
 331 1962 0
 330 1967 0
 328 1971 0
 326 1976 0
 325 1981 0
 325 1984 0
 323 1988 0
 325 2000 0
 323 2000 0
 325 2000 0
 323 2000 0
 323 2000 0
 321 2000 0
 321 2000 0
 321 2000 0
 321 2000 0
 321 2000 0
 321 2000 0
 320 2000 0
 321 2000 0
 320 2000 0
 320 2000 0
 320 2000 0
 320 2000 0
 320 2000 0
 321 2000 0
 320 2000 0
 321 2000 0
 318 2000 0
 320 2000 0
 322 2000 0
 322 2000 0
 322 2000 0
 322 2000 0
 320 2000 0
 320 2000 0
 320 2000 0
 320 2000 0
 320 2000 0
 320 2000 0
 320 2000 0
 322 2000 0
 322 2000 0
 320 2000 0
 320 2000 0
 320 2000 0
 322 2000 0
 320 2000 0
 322 2000 0
 320 2000 0
 323 2000 0
 322 2000 0
 322 2000 0
t01:09:07
 320 2000 0
 322 2000 0
 320 2000 0
 320 2000 0
 320 2000 0
 322 2000 0
 320 2000 0
 321 2000 0
 354 2058 1
 413 2095 6
 448 2099 10
 472 2098 15
 488 2095 19
 503 2091 24
 514 2083 28
 524 2078 32
 536 2073 35
 543 2066 38
 550 2058 41
 556 2053 44
 561 2047 46
 566 2042 48
 571 2037 50
 575 2034 51
 580 2027 53
 581 2024 54
 583 2020 55
 586 2020 56
 589 2020 57
 589 2014 58
 593 2012 58
 593 2000 58
 595 2000 58
 595 2000 58
 596 2000 58
 596 2000 58
 596 2000 58
 596 2000 58
 598 2000 58
 596 2000 58
 598 2000 58
 598 2000 58
 600 2000 58
 595 2000 58
 557 1923 56
 459 1842 49
 395 1849 42
 376 1856 35
 366 1874 29
 364 1887 23
 357 1898 18
 347 1905 14
 340 1919 9
 338 1930 6
 336 1942 3
 335 1951 1
 333 1959 0
 331 1965 0
 330 1973 0
 328 1976 0
t01:09:08
 326 1978 0
 325 1981 0
 325 1985 0
 325 1990 0
 325 2000 0
 323 2000 0
 321 1989 0
 323 2000 0
 321 2000 0
 321 2000 0
 320 2000 0
 321 2000 0
 320 2000 0
 321 2000 0
 321 2000 0
 321 2000 0
 321 2000 0
 322 2000 0
 322 2000 0
 322 2000 0
 322 2000 0
 322 2000 0
 320 2000 0
 322 2000 0
 320 2000 0
 322 2000 0
 320 2000 0
 320 2000 0
 320 2000 0
 320 2000 0
 320 2000 0
 320 2000 0
 322 2000 0
 320 2000 0
 322 2000 0
 320 2000 0
 320 2000 0
 320 2000 0
 322 2000 0
 322 2000 0
 322 2000 0
 320 2000 0
 320 2000 0
 320 2000 0
 322 2000 0
 320 2000 0
 322 2000 0
 320 2000 0
 322 2000 0
 320 2000 0
 322 2000 0
 320 2000 0
 322 2000 0
 320 2000 0
 320 2000 0
 320 2000 0
 321 2000 0
 326 2014 0
 384 2083 3
t01:09:09
 431 2098 8
 460 2099 12
 481 2097 17
 496 2093 21
 511 2088 26
 521 2081 30
 530 2074 33
 538 2069 37
 546 2063 40
 551 2056 42
 558 2050 45
 563 2044 47
 570 2040 49
 575 2036 51
 578 2031 52
 580 2026 53
 585 2025 55
 586 2020 56
 588 2017 56
 588 2013 57
 591 2014 58
 593 2015 58
 596 2015 59
 595 2000 59
 598 2000 59
 596 2000 59
 596 2000 59
 596 2000 59
 596 2000 59
 598 2000 59
 600 2000 59
 600 2000 59
 600 2000 59
 600 2000 59
 590 1981 59
 510 1871 54
 419 1836 46
 380 1851 39
 370 1864 32
 364 1880 27
 360 1892 21
 352 1900 17
 343 1910 12
 340 1924 8
 337 1933 5
 335 1943 2
 333 1952 0
 333 1962 0
 330 1967 0
 328 1973 0
 328 1978 0
 328 1982 0
 325 1982 0
 323 1984 0
 321 1987 0
 323 2000 0
 321 2000 0
 321 2000 0
 323 2000 0
 321 2000 0
t01:09:10
 321 2000 0
 321 2000 0
 320 2000 0
 321 2000 0
 322 2000 0
 322 2000 0
 321 2000 0
 321 2000 0
 321 2000 0
 321 2000 0
 321 2000 0
 321 2000 0
 320 2000 0
 321 2000 0
 320 2000 0
 320 2000 0
 321 2000 0
 320 2000 0
 321 2000 0
 321 2000 0
 321 2000 0
 320 2000 0
 321 2000 0
 320 2000 0
 321 2000 0
 320 2000 0
 321 2000 0
 320 2000 0
 321 2000 0
 321 2000 0
 321 2000 0
 320 2000 0
 320 2000 0
 320 2000 0
 320 2000 0
 320 2000 0
 320 2000 0
 320 2000 0
 321 2000 0
 321 2000 0
 318 2000 0
 320 2000 0
 320 2000 0
 320 2000 0
 322 2000 0
 322 2000 0
 323 2000 0
 321 2000 0
 356 2057 1
 415 2095 5
 448 2099 10
 472 2098 15
 489 2095 19
 503 2090 24
 515 2084 28
 526 2078 31
 535 2072 35
 543 2065 38
 550 2060 41
 558 2053 44
t01:09:11
 562 2047 46
 568 2044 48
 573 2037 50
 577 2034 51
 580 2029 53
 585 2025 54
 586 2022 55
 588 2020 56
 590 2016 57
 591 2017 58
 593 2013 58
 595 2012 59
 596 2000 59
 600 2012 60
 598 2000 60
 600 2000 60
 600 2000 60
 600 2000 60
 600 2000 60
 600 2000 60
 601 2000 60
 599 2000 60
 601 2000 60
 600 2000 60
 558 1922 57
 460 1843 50
 395 1839 43
 375 1858 36
 367 1874 29
 361 1886 24
 359 1899 19
 347 1904 14
 341 1917 10
 338 1925 6
 336 1943 4
 335 1949 1
 331 1956 0
 329 1962 0
 330 1973 0
 328 1975 0
 326 1979 0
 325 1981 0
 325 1985 0
 323 1986 0
 323 1990 0
 323 1989 0
 321 2000 0
 321 2000 0
 321 2000 0
 321 2000 0
 323 2000 0
 321 2000 0
 321 2000 0
 323 2000 0
 320 2000 0
 321 2000 0
 320 2000 0
 321 2000 0
 320 2000 0
 321 2000 0
t01:09:12
 320 2000 0
 321 2000 0
 321 2000 0
 321 2000 0
 321 2000 0
 321 2000 0
 320 2000 0
 321 2000 0
 322 2000 0
 322 2000 0
 320 2000 0
 322 2000 0
 320 2000 0
 322 2000 0
 320 2000 0
 320 2000 0
 322 2000 0
 322 2000 0
 320 2000 0
 320 2000 0
 320 2000 0
 322 2000 0
 322 2000 0
 320 2000 0
 320 2000 0
 322 2000 0
 320 2000 0
 320 2000 0
 322 2000 0
 320 2000 0
 320 2000 0
 322 2000 0
 322 2000 0
 320 2000 0
 322 2000 0
 322 2000 0
 322 2000 0
 322 2000 0
 377 2077 2
 427 2097 7
 458 2099 12
 477 2096 16
 494 2094 21
 506 2088 25
 519 2083 29
 529 2076 33
 538 2070 36
 544 2064 39
 553 2059 42
 558 2050 44
 564 2046 47
 568 2040 49
 574 2038 50
 578 2031 52
 581 2029 53
 584 2023 54
 586 2020 55
 589 2018 56
 588 2014 57
 593 2014 58
t01:09:13
 595 2014 58
 595 2000 59
 596 2000 59
 598 2000 59
 596 2000 59
 598 2000 59
 598 2000 59
 599 2000 59
 599 2000 59
 599 2000 59
 597 2000 59
 599 2000 59
 598 2000 59
 591 1984 58
 512 1872 53
 422 1838 46
 381 1849 39
 371 1870 32
 369 1880 26
 362 1891 21
 350 1897 16
 343 1908 12
 340 1923 8
 338 1935 5
 335 1943 2
 333 1954 0
 331 1959 0
 330 1965 0
 328 1970 0
 328 1977 0
 326 1981 0
 323 1983 0
 325 1986 0
 323 1988 0
 323 1990 0
 321 2000 0
 321 2000 0
 323 2000 0
 323 2000 0
 321 2000 0
 321 2000 0
 321 2000 0
 321 2000 0
 318 2000 0
 321 2000 0
 320 2000 0
 321 2000 0
 320 2000 0
 321 2000 0
 320 2000 0
 320 2000 0
 320 2000 0
 321 2000 0
 320 2000 0
 321 2000 0
 320 2000 0
 320 2000 0
 321 2000 0
 321 2000 0
 320 2000 0
t01:09:14
 321 2000 0
 320 2000 0
 320 2000 0
 320 2000 0
 320 2000 0
 320 2000 0
 321 2000 0
 321 2000 0
 321 2000 0
 321 2000 0
 321 2000 0
 321 2000 0
 320 2000 0
 321 2000 0
 320 2000 0
 320 2000 0
 320 2000 0
 320 2000 0
 322 2000 0
 322 2000 0
 322 2000 0
 322 2000 0
 320 2000 0
 322 2000 0
 320 2000 0
 322 2000 0
 321 2000 0
 351 2053 1
 410 2094 5
 446 2098 10
 470 2098 15
 487 2095 19
 502 2090 23
 514 2085 27
 524 2078 31
 533 2073 35
 541 2067 38
 549 2061 41
 556 2053 44
 561 2047 46
 568 2042 48
 571 2038 50
 576 2033 51
 578 2030 53
 581 2026 54
 584 2023 55
 586 2017 56
 588 2016 57
 591 2014 58
 591 2013 58
 593 2000 58
 593 2000 58
 595 2000 58
 595 2000 58
 595 2000 58
 596 2000 58
 596 2000 58
 596 2000 58
 598 2000 58
 596 2000 58
t01:09:15
 599 2000 58
 598 2000 58
 597 2000 58
 558 1925 56
 462 1845 50
 394 1843 42
 374 1856 35
 366 1874 29
 365 1886 23
 359 1897 18
 345 1902 14
 340 1915 9
 338 1928 6
 336 1942 3
 335 1951 1
 333 1956 0
 330 1965 0
 330 1970 0
 326 1976 0
 326 1979 0
 325 1983 0
 325 1986 0
 325 1988 0
 323 1989 0
 323 1990 0
 321 2000 0
 321 2000 0
 321 2000 0
 321 2000 0
 323 2000 0
 323 2000 0
 321 2000 0
 321 2000 0
 321 2000 0
 321 2000 0
 321 2000 0
 320 2000 0
 320 2000 0
 321 2000 0
 321 2000 0
 321 2000 0
 321 2000 0
 320 2000 0
 321 2000 0
 320 2000 0
 320 2000 0
 320 2000 0
 321 2000 0
 320 2000 0
 320 2000 0
 321 2000 0
 321 2000 0
 321 2000 0
 321 2000 0
 321 2000 0
 320 2000 0
 320 2000 0
 320 2000 0
 321 2000 0
 321 2000 0
t01:09:16
 321 2000 0
 320 2000 0
 321 2000 0
 320 2000 0
 321 2000 0
 320 2000 0
 320 2000 0
 321 2000 0
 321 2000 0
 320 2000 0
 320 2000 0
 320 2000 0
 321 2000 0
 320 2000 0
 321 2000 0
 321 2000 0
 325 2013 0
 383 2083 3
 431 2098 8
 459 2098 12
 479 2097 17
 496 2093 21
 509 2087 26
 519 2081 29
 528 2075 33
 536 2068 36
 544 2063 39
 553 2056 42
 556 2050 45
 563 2044 47
 568 2040 49
 573 2035 50
 576 2032 52
 580 2026 53
 581 2022 54
 585 2022 55
 586 2019 56
 589 2016 57
 589 2014 58
 591 2000 58
 593 2000 58
 593 2000 58
 591 2000 58
 596 2000 58
 595 2000 58
 596 2000 58
 595 2000 58
 598 2000 58
 596 2000 58
 598 2000 58
 598 2000 58
 596 2000 58
 590 1985 58
 512 1875 53
 422 1837 46
 381 1853 38
 371 1865 32
 365 1884 26
 365 1894 21
 352 1896 16
t01:09:17
 341 1911 12
 338 1924 8
 338 1934 5
 335 1946 2
 336 1955 0
 331 1958 0
 329 1964 0
 326 1970 0
 326 1977 0
 324 1982 0
 326 1988 0
 324 1986 0
 324 1988 0
 323 1989 0
 323 2000 0
 321 2000 0
 323 2000 0
 321 2000 0
 321 2000 0
 321 2000 0
 323 2000 0
 321 2000 0
 321 2000 0
 321 2000 0
 321 2000 0
 321 2000 0
 321 2000 0
 321 2000 0
 321 2000 0
 321 2000 0
 321 2000 0
 320 2000 0
 320 2000 0
 320 2000 0
 320 2000 0
 321 2000 0
 321 2000 0
 321 2000 0
 321 2000 0
 321 2000 0
 320 2000 0
 321 2000 0
 320 2000 0
 321 2000 0
 320 2000 0
 323 2000 0
 322 2000 0
 322 2000 0
 320 2000 0
 322 2000 0
 322 2000 0
 322 2000 0
 322 2000 0
 323 2000 0
 322 2000 0
 322 2000 0
 322 2000 0
 322 2000 0
 320 2000 0
 320 2000 0
 320 2000 0
t01:09:18
 322 2000 0
 322 2000 0
 320 2000 0
 322 2000 0
 321 2000 0
 354 2055 1
 411 2094 5
 446 2098 10
 472 2098 15
 487 2095 19
 501 2090 23
 514 2084 28
 524 2078 31
 535 2071 35
 540 2065 38
 550 2060 41
 556 2056 44
 563 2047 46
 566 2042 48
 573 2037 50
 574 2033 51
 581 2030 53
 581 2024 54
 584 2022 55
 586 2018 56
 589 2018 57
 591 2016 58
 595 2014 58
 591 2000 58
 595 2000 58
 595 2000 58
 596 2000 58
 595 2000 58
 596 2000 58
 596 2000 58
 598 2000 58
 598 2000 58
 600 2000 58
 598 2000 58
 598 2000 58
 597 2000 58
 556 1922 56
 460 1845 49
 393 1847 42
 375 1856 35
 368 1874 29
 361 1886 23
 355 1895 18
 345 1905 13
 342 1922 9
 340 1933 6
 337 1938 3
 335 1950 0
 333 1958 0
 330 1965 0
 328 1970 0
 328 1977 0
 326 1979 0
 325 1983 0
t01:09:19
 325 1987 0
 323 1988 0
 323 2000 0
 323 2000 0
 321 2000 0
 323 2000 0
 321 2000 0
 323 2000 0
 321 2000 0
 321 2000 0
 321 2000 0
 321 2000 0
 321 2000 0
 320 2000 0
 321 2000 0
 320 2000 0
 321 2000 0
 321 2000 0
 320 2000 0
 320 2000 0
 321 2000 0
 320 2000 0
 321 2000 0
 320 2000 0
 320 2000 0
 321 2000 0
 321 2000 0
 321 2000 0
 321 2000 0
 321 2000 0
 321 2000 0
 320 2000 0
 320 2000 0
 320 2000 0
 321 2000 0
 320 2000 0
 321 2000 0
 320 2000 0
 321 2000 0
 320 2000 0
 321 2000 0
 321 2000 0
 320 2000 0
 320 2000 0
 320 2000 0
 322 2000 0
 320 2000 0
 322 2000 0
 320 2000 0
 318 2000 0
 320 2000 0
 320 2000 0
 322 2000 0
 322 2000 0
 322 2000 0
 327 2015 0
 386 2084 3
 433 2098 8
 460 2098 12
 479 2096 17
 496 2092 21
t01:09:20
 509 2088 26
 521 2081 30
 530 2074 33
 538 2068 36
 546 2062 39
 553 2056 42
 558 2050 45
 565 2043 47
 568 2039 49
 573 2035 50
 578 2032 52
 580 2026 53
 583 2024 54
 585 2019 55
 588 2018 56
 588 2014 57
 591 2015 58
 593 2000 58
 593 2000 58
 595 2000 58
 595 2000 58
 596 2000 58
 595 2000 58
 598 2000 58
 598 2000 58
 598 2000 58
 598 2000 58
 598 2000 58
 598 2000 58
 599 2000 58
 590 1982 58
 509 1870 53
 419 1839 45
 382 1850 38
 370 1863 31
 367 1878 25
 362 1892 20
 352 1899 15
 342 1910 11
 338 1924 7
 336 1931 4
 336 1944 1
 333 1952 0
 331 1962 0
 330 1968 0
 329 1975 0
 326 1976 0
 326 1981 0
 324 1983 0
 323 1986 0
 323 1988 0
 323 2000 0
 323 2000 0
 321 2000 0
 321 2000 0
 321 2000 0
 321 2000 0
 321 2000 0
 321 2000 0
t01:09:21
 321 2000 0
 321 2000 0
 321 2000 0
 321 2000 0
 321 2000 0
 321 2000 0
 320 2000 0
 320 2000 0
 320 2000 0
 321 2000 0
 321 2000 0
 321 2000 0
 321 2000 0
 321 2000 0
 321 2000 0
 321 2000 0
 321 2000 0
 321 2000 0
 321 2000 0
 321 2000 0
 321 2000 0
 321 2000 0
 320 2000 0
 321 2000 0
 320 2000 0
 320 2000 0
 322 2000 0
 323 2000 0
 322 2000 0
 322 2000 0
 320 2000 0
 320 2000 0
 321 2000 0
 321 2000 0
 321 2000 0
 321 2000 0
 321 2000 0
 320 2000 0
 321 2000 0
 321 2000 0
 321 2000 0
 320 2000 0
 321 2000 0
 321 2000 0
 321 2000 0
 356 2059 1
 414 2095 6
 448 2098 10
 472 2098 15
 489 2095 19
 504 2091 24
 515 2083 28
 525 2078 32
 533 2071 35
 543 2065 38
 548 2058 41
 555 2053 44
 562 2047 46
 567 2041 48
 572 2037 50
t01:09:22
 577 2035 51
 576 2026 53
 583 2026 54
 585 2021 55
 586 2019 56
 588 2016 57
 589 2014 57
 591 2000 58
 593 2000 58
 593 2000 58
 593 2000 58
 595 2000 58
 595 2000 58
 596 2000 58
 596 2000 58
 598 2000 58
 596 2000 58
 598 2000 58
 598 2000 58
 599 2000 58
 597 2000 58
 558 1925 55
 460 1844 49
 393 1838 41
 372 1855 34
 366 1882 28
 365 1892 23
 357 1893 18
 345 1902 13
 340 1917 9
 338 1928 5
 336 1943 2
 334 1950 0
 331 1959 0
 331 1965 0
 328 1969 0
 326 1975 0
 326 1980 0
 326 1984 0
 324 1985 0
 324 1987 0
 323 2000 0
 323 2000 0
 323 2000 0
 321 2000 0
 321 2000 0
 321 2000 0
 323 2000 0
 321 2000 0
 320 2000 0
 320 2000 0
 320 2000 0
 320 2000 0
 320 2000 0
 320 2000 0
 320 2000 0
 321 2000 0
 320 2000 0
 321 2000 0
 320 2000 0
t01:09:23
 321 2000 0
 320 2000 0
 320 2000 0
 320 2000 0
 321 2000 0
 321 2000 0
 322 2000 0
 322 2000 0
 323 2000 0
 320 2000 0
 320 2000 0
 322 2000 0
 322 2000 0
 322 2000 0
 322 2000 0
 320 2000 0
 320 2000 0
 322 2000 0
 320 2000 0
 322 2000 0
 322 2000 0
 322 2000 0
 322 2000 0
 322 2000 0
 320 2000 0
 322 2000 0
 322 2000 0
 322 2000 0
 320 2000 0
 322 2000 0
 320 2000 0
 320 2000 0
 320 2000 0
 321 2000 0
 324 2013 0
 384 2083 3
 431 2098 8
 460 2099 12
 479 2097 17
 497 2094 21
 509 2088 26
 521 2081 30
 530 2075 33
 538 2070 37
 546 2064 40
 553 2057 42
 558 2049 45
 563 2045 47
 570 2040 49
 575 2036 51
 578 2031 52
 582 2028 54
 585 2023 55
 586 2022 56
 590 2016 57
 590 2013 57
 591 2014 58
 593 2012 59
 593 2000 59
 595 2000 59
t01:09:24
 596 2000 59
 596 2000 59
 600 2000 59
 598 2000 59
 600 2000 59
 600 2000 59
 600 2000 59
 598 2000 59
 601 2000 59
 600 2000 59
 592 1982 58
 509 1869 53
 419 1839 46
 381 1848 39
 370 1866 32
 365 1879 26
 364 1894 21
 352 1901 16
 343 1906 12
 338 1918 8
 336 1935 4
 336 1945 2
 333 1955 0
 333 1959 0
 328 1964 0
 328 1971 0
 326 1976 0
 325 1980 0
 325 1984 0
 323 1985 0
 321 1988 0
 323 2000 0
 323 2000 0
 323 2000 0
 321 2000 0
 321 2000 0
 321 2000 0
 323 2000 0
 321 2000 0
 321 2000 0
 320 2000 0
 320 2000 0
 322 2000 0
 322 2000 0
 321 2000 0
 321 2000 0
 320 2000 0
 322 2000 0
 322 2000 0
 322 2000 0
 322 2000 0
 320 2000 0
 321 2000 0
 320 2000 0
 320 2000 0
 320 2000 0
 320 2000 0
 322 2000 0
 320 2000 0
 322 2000 0
t01:09:25
 320 2000 0
 320 2000 0
 320 2000 0
 320 2000 0
 320 2000 0
 320 2000 0
 322 2000 0
 320 2000 0
 322 2000 0
 320 2000 0
 322 2000 0
 322 2000 0
 320 2000 0
 320 2000 0
 322 2000 0
 320 2000 0
 322 2000 0
 320 2000 0
 322 2000 0
 320 2000 0
 320 2000 0
 320 2000 0
 322 2000 0
 321 2000 0
 356 2059 1
 414 2095 6
 448 2098 10
 472 2097 15
 489 2095 19
 504 2090 24
 516 2084 28
 526 2077 31
 535 2072 35
 543 2066 38
 550 2059 41
 557 2053 44
 561 2047 46
 568 2042 48
 571 2036 50
 575 2032 51
 580 2030 53
 583 2024 54
 583 2022 55
 588 2020 56
 588 2016 57
 593 2015 58
 593 2012 58
 595 2000 58
 593 2000 58
 596 2000 58
 595 2000 58
 598 2000 58
 598 2000 58
 600 2000 58
 600 2000 58
 600 2000 58
 599 2000 58
 599 2000 58
 599 2000 58
 600 2000 58
t01:09:26
 557 1923 56
 462 1845 49
 395 1842 42
 373 1861 35
 368 1872 29
 364 1892 24
 359 1897 19
 345 1907 14
 340 1914 10
 337 1926 6
 337 1941 3
 335 1952 1
 335 1956 0
 330 1962 0
 330 1970 0
 328 1977 0
 326 1979 0
 326 1982 0
 325 1984 0
 323 1986 0
 323 1990 0
 321 1989 0
 321 2000 0
 321 2000 0
 321 2000 0
 321 2000 0
 321 2000 0
 320 2000 0
 321 2000 0
 321 2000 0
 323 2000 0
 320 2000 0
 321 2000 0
 321 2000 0
 321 2000 0
 321 2000 0
 321 2000 0
 320 2000 0
 321 2000 0
 320 2000 0
 322 2000 0
 322 2000 0
 322 2000 0
 322 2000 0
 320 2000 0
 320 2000 0
 320 2000 0
 322 2000 0
 320 2000 0
 322 2000 0
 320 2000 0
 320 2000 0
 320 2000 0
 320 2000 0
 320 2000 0
 322 2000 0
 320 2000 0
 320 2000 0
 320 2000 0
 322 2000 0
t01:09:27
 320 2000 0
 320 2000 0
 320 2000 0
 322 2000 0
 320 2000 0
 320 2000 0
 320 2000 0
 320 2000 0
 320 2000 0
 320 2000 0
 322 2000 0
 320 2000 0
 321 2000 0
 322 2000 0
 379 2079 3
 428 2098 7
 458 2099 12
 477 2096 16
 496 2093 21
 509 2088 25
 519 2082 29
 529 2077 33
 539 2070 36
 546 2064 39
 554 2057 42
 559 2051 44
 564 2045 47
 568 2039 49
 573 2036 50
 578 2032 52
 581 2026 53
 583 2024 54
 586 2021 55
 588 2018 56
 591 2017 57
 591 2013 58
 595 2013 58
 593 2000 58
 595 2000 58
 595 2000 58
 596 2000 58
 599 2000 58
 599 2000 58
 599 2000 58
 598 2000 58
 599 2000 58
 599 2000 58
 597 2000 58
 600 2000 58
 593 1984 58
 514 1872 53
 422 1843 46
 380 1849 39
 371 1869 32
 367 1879 26
 364 1891 21
 350 1894 16
 342 1909 11
 338 1919 7
 338 1931 4
t01:09:28
 335 1943 1
 335 1954 0
 331 1959 0
 330 1965 0
 326 1970 0
 326 1977 0
 325 1980 0
 326 1985 0
 323 1985 0
 323 1988 0
 321 1990 0
 323 2000 0
 321 2000 0
 323 2000 0
 321 2000 0
 321 2000 0
 320 2000 0
 321 2000 0
 320 2000 0
 322 2000 0
 322 2000 0
 320 2000 0
 320 2000 0
 320 2000 0
 320 2000 0
 320 2000 0
 320 2000 0
 320 2000 0
 322 2000 0
 320 2000 0
 320 2000 0
 320 2000 0
 322 2000 0
 320 2000 0
 322 2000 0
 320 2000 0
 322 2000 0
 320 2000 0
 322 2000 0
 320 2000 0
 320 2000 0
 320 2000 0
 320 2000 0
 320 2000 0
 320 2000 0
 320 2000 0
 320 2000 0
 322 2000 0
 322 2000 0
 322 2000 0
 322 2000 0
 322 2000 0
 322 2000 0
 320 2000 0
 322 2000 0
 322 2000 0
 322 2000 0
 322 2000 0
 320 2000 0
 322 2000 0
t01:09:29
 322 2000 0
 322 2000 0
 321 2000 0
 353 2055 1
 412 2094 5
 446 2098 10
 472 2098 15
 487 2095 19
 504 2091 23
 516 2084 28
 524 2078 31
 536 2073 35
 543 2066 38
 549 2060 41
 554 2052 44
 561 2047 46
 566 2041 48
 571 2038 50
 575 2032 51
 580 2030 53
 581 2024 54
 585 2022 55
 588 2020 56
 588 2017 57
 590 2014 57
 593 2014 58
 593 2000 58
 595 2000 58
 593 2000 58
 596 2000 58
 596 2000 58
 596 2000 58
 598 2000 58
 598 2000 58
 598 2000 58
 598 2000 58
 598 2000 58
 599 2000 58
 597 2000 58
 560 1928 56
 464 1845 50
 393 1846 42
 373 1858 35
 368 1876 29
 364 1886 24
 355 1896 19
 345 1905 14
 340 1914 10
 338 1928 6
 337 1941 3
 335 1951 1
 332 1955 0
 330 1964 0
 328 1971 0
 328 1977 0
 326 1978 0
 325 1982 0
 325 1985 0
 323 1987 0
 321 1988 0
t01:09:30
 321 2000 0
 323 2000 0
 322 2000 0
 322 2000 0
 323 2000 0
 323 2000 0
 322 2000 0
 322 2000 0
 322 2000 0
 322 2000 0
 320 2000 0
 322 2000 0
 320 2000 0
 320 2000 0
 320 2000 0
 320 2000 0
 320 2000 0
 322 2000 0
 320 2000 0
 322 2000 0
 320 2000 0
 322 2000 0
 320 2000 0
 320 2000 0
 320 2000 0
 322 2000 0
 320 2000 0
 322 2000 0
 320 2000 0
 322 2000 0
 322 2000 0
 320 2000 0
 320 2000 0
 320 2000 0
 320 2000 0
 320 2000 0
 320 2000 0
 320 2000 0
 320 2000 0
 320 2000 0
 322 2000 0
 320 2000 0
 322 2000 0
 322 2000 0
 322 2000 0
 320 2000 0
 322 2000 0
 320 2000 0
 320 2000 0
 320 2000 0
 320 2000 0
 321 2000 0
 326 2015 0
 384 2083 3
 431 2098 8
 460 2099 12
 479 2097 17
 496 2092 21
 509 2087 26
 519 2081 30
 528 2075 33
t01:09:31
 536 2069 37
 546 2064 40
 553 2056 42
 560 2052 45
 567 2045 47
 570 2041 49
 575 2035 51
 578 2030 52
 580 2025 54
 583 2023 55
 585 2020 56
 586 2016 56
 590 2015 57
 589 2016 58
 595 2015 59
 595 2013 59
 596 2000 60
 596 2000 60
 600 2000 60
 598 2000 60
 598 2000 60
 598 2000 60
 601 2000 60
 598 2000 60
 600 2000 60
 598 2000 60
 600 2000 60
 591 1982 59
 512 1871 54
 420 1841 47
 383 1850 40
 370 1868 33
 364 1882 27
 364 1895 22
 354 1899 18
 343 1910 13
 340 1923 9
 338 1932 6
 337 1945 3
 333 1952 1
 331 1960 0
 330 1965 0
 328 1973 0
 326 1977 0
 325 1982 0
 325 1983 0
 321 1986 0
 323 1989 0
 323 2000 0
 323 2000 0
 323 2000 0
 321 2000 0
 321 2000 0
 321 2000 0
 321 2000 0
 321 2000 0
 321 2000 0
 321 2000 0
 321 2000 0
t01:09:32
 323 2000 0
 320 2000 0
 321 2000 0
 321 2000 0
 320 2000 0
 320 2000 0
 320 2000 0
 320 2000 0
 320 2000 0
 320 2000 0
 321 2000 0
 320 2000 0
 321 2000 0
 320 2000 0
 320 2000 0
 322 2000 0
 320 2000 0
 322 2000 0
 322 2000 0
 322 2000 0
 322 2000 0
 320 2000 0
 320 2000 0
 321 2000 0
 322 2000 0
 322 2000 0
 322 2000 0
 322 2000 0
 320 2000 0
 320 2000 0
 320 2000 0
 322 2000 0
 320 2000 0
 320 2000 0
 320 2000 0
 322 2000 0
 320 2000 0
 322 2000 0
 322 2000 0
 323 2000 0
 322 2000 0
 322 2000 0
 356 2057 1
 414 2095 5
 449 2098 10
 473 2098 15
 489 2095 19
 503 2090 24
 516 2084 28
 526 2077 31
 535 2071 35
 543 2067 38
 551 2060 41
 558 2054 44
 563 2048 46
 570 2044 48
 573 2037 50
 578 2033 52
 581 2029 53
 585 2026 54
t01:09:33
 588 2024 55
 589 2019 56
 591 2016 57
 591 2000 57
 593 2000 57
 593 2000 57
 596 2012 58
 596 2000 58
 598 2000 58
 598 2000 58
 601 2000 58
 600 2000 58
 600 2000 58
 600 2000 58
 601 2000 58
 600 2000 58
 601 2000 58
 599 2000 58
 557 1921 55
 459 1843 49
 395 1840 41
 373 1859 34
 366 1872 28
 362 1890 22
 359 1895 17
 347 1903 13
 340 1917 9
 338 1928 5
 336 1937 2
 333 1947 0
 331 1956 0
 331 1964 0
 328 1970 0
 328 1975 0
 325 1977 0
 325 1982 0
 323 1984 0
 323 1988 0
 321 1988 0
 323 2000 0
 321 2000 0
 321 2000 0
 321 2000 0
 321 2000 0
 321 2000 0
 321 2000 0
 321 2000 0
 321 2000 0
 322 2000 0
 322 2000 0
 321 2000 0
 321 2000 0
 322 2000 0
 322 2000 0
 322 2000 0
 322 2000 0
 322 2000 0
 322 2000 0
 321 2000 0
 321 2000 0
t01:09:34
 321 2000 0
 321 2000 0
 321 2000 0
 320 2000 0
 321 2000 0
 320 2000 0
 320 2000 0
 320 2000 0
 320 2000 0
 320 2000 0
 322 2000 0
 320 2000 0
 322 2000 0
 320 2000 0
 322 2000 0
 320 2000 0
 321 2000 0
 320 2000 0
 321 2000 0
 320 2000 0
 321 2000 0
 320 2000 0
 321 2000 0
 320 2000 0
 321 2000 0
 320 2000 0
 321 2000 0
 320 2000 0
 320 2000 0
 320 2000 0
 321 2000 0
 325 2015 0
 383 2083 3
 431 2098 8
 460 2099 12
 481 2097 17
 496 2093 21
 509 2088 26
 521 2082 30
 531 2076 33
 540 2069 37
 546 2063 40
 553 2056 42
 560 2050 45
 565 2045 47
 572 2041 49
 575 2035 51
 578 2031 52
 582 2027 54
 585 2023 55
 586 2020 56
 590 2020 57
 590 2014 57
 591 2013 58
 595 2013 59
 595 2013 59
 596 2000 59
 596 2000 59
 598 2000 59
 598 2000 59
 598 2000 59
t01:09:35
 598 2000 59
 598 2000 59
 598 2000 59
 598 2000 59
 598 2000 59
 599 2000 59
 591 1984 59
 510 1871 54
 421 1838 47
 382 1848 39
 370 1868 33
 368 1880 27
 362 1892 22
 350 1899 17
 341 1909 12
 338 1921 9
 338 1935 5
 336 1946 3
 333 1956 0
 333 1964 0
 329 1967 0
 328 1972 0
 326 1975 0
 326 1982 0
 325 1985 0
 324 1988 0
 323 1987 0
 323 1988 0
 321 1989 0
 321 2000 0
 321 2000 0
 323 2000 0
 321 2000 0
 323 2000 0
 321 2000 0
 321 2000 0
 321 2000 0
 321 2000 0
 320 2000 0
 320 2000 0
 320 2000 0
 321 2000 0
 320 2000 0
 320 2000 0
 320 2000 0
 321 2000 0
 321 2000 0
 321 2000 0
 320 2000 0
 320 2000 0
 321 2000 0
 320 2000 0
 321 2000 0
 320 2000 0
 321 2000 0
 320 2000 0
 321 2000 0
 318 2000 0
 321 2000 0
t01:09:36
 320 2000 0
 321 2000 0
 320 2000 0
 321 2000 0
 320 2000 0
 320 2000 0
 320 2000 0
 322 2000 0
 322 2000 0
 322 2000 0
 320 2000 0
 322 2000 0
 322 2000 0
 322 2000 0
 320 2000 0
 320 2000 0
 322 2000 0
 320 2000 0
 322 2000 0
 322 2000 0
 321 2000 0
 355 2057 1
 413 2095 5
 448 2099 10
 472 2098 15
 488 2095 19
 503 2090 24
 515 2084 28
 526 2078 31
 535 2072 35
 543 2066 38
 550 2059 41
 555 2053 44
 562 2047 46
 568 2044 48
 571 2037 50
 578 2034 52
 580 2027 53
 581 2024 54
 584 2022 55
 586 2020 56
 589 2017 57
 591 2014 58
 591 2013 58
 595 2000 59
 595 2000 59
 596 2000 59
 596 2000 59
 596 2000 59
 596 2000 59
 596 2000 59
 598 2000 59
 596 2000 59
 596 2000 59
 598 2000 59
 597 2000 59
 599 2000 59
 557 1922 56
 460 1844 50
 396 1842 42
t01:09:37
 373 1855 35
 367 1872 29
 365 1888 23
 358 1897 18
 345 1906 14
 343 1918 10
 336 1928 6
 336 1941 3
 336 1950 1
 333 1958 0
 330 1967 0
 330 1971 0
 326 1974 0
 326 1978 0
 325 1981 0
 325 1986 0
 323 1987 0
 323 1990 0
 321 2000 0
 321 2000 0
 321 2000 0
 321 2000 0
 321 2000 0
 321 2000 0
 321 2000 0
 321 2000 0
 321 2000 0
 321 2000 0
 323 2000 0
 321 2000 0
 321 2000 0
 320 2000 0
 321 2000 0
 320 2000 0
 320 2000 0
 320 2000 0
 321 2000 0
 320 2000 0
 321 2000 0
 321 2000 0
 321 2000 0
 320 2000 0
 321 2000 0
 320 2000 0
 321 2000 0
 321 2000 0
 321 2000 0
 321 2000 0
 321 2000 0
 320 2000 0
 321 2000 0
 321 2000 0
 320 2000 0
 320 2000 0
 321 2000 0
 320 2000 0
 320 2000 0
 320 2000 0
 320 2000 0
 321 2000 0
t01:09:38
 320 2000 0
 322 2000 0
 320 2000 0
 320 2000 0
 320 2000 0
 322 2000 0
 322 2000 0
 320 2000 0
 320 2000 0
 322 2000 0
 327 2016 0
 389 2085 3
 433 2098 8
 461 2098 13
 481 2096 17
 497 2093 22
 511 2088 26
 521 2081 30
 529 2074 33
 541 2069 37
 548 2063 40
 555 2057 42
 560 2049 45
 565 2045 47
 571 2039 49
 575 2035 51
 576 2030 52
 581 2025 53
 583 2022 54
 586 2022 55
 586 2014 56
 588 2014 57
 589 2012 57
 591 2000 57
 593 2000 57
 595 2000 57
 596 2000 57
 596 2000 57
 598 2000 57
 596 2000 57
 598 2000 57
 598 2000 57
 599 2000 57
 598 2000 57
 601 2000 57
 599 2000 57
 591 1983 57
 509 1870 52
 418 1837 45
 380 1850 37
 371 1865 31
 363 1880 25
 364 1894 20
 354 1898 15
 343 1910 11
 340 1922 7
 338 1938 4
 333 1944 1
 335 1955 0
 332 1959 0
t01:09:39
 330 1968 0
 328 1973 0
 326 1976 0
 326 1982 0
 326 1986 0
 325 1985 0
 323 1987 0
 323 1990 0
 321 2000 0
 321 2000 0
 323 2000 0
 321 2000 0
 321 2000 0
 321 2000 0
 321 2000 0
 321 2000 0
 321 2000 0
 321 2000 0
 320 2000 0
 321 2000 0
 318 2000 0
 321 2000 0
 320 2000 0
 322 2000 0
 320 2000 0
 322 2000 0
 322 2000 0
 320 2000 0
 320 2000 0
 320 2000 0
 320 2000 0
 320 2000 0
 320 2000 0
 320 2000 0
 320 2000 0
 322 2000 0
 320 2000 0
 320 2000 0
 320 2000 0
 322 2000 0
 322 2000 0
 320 2000 0
 322 2000 0
 320 2000 0
 321 2000 0
 320 2000 0
 322 2000 0
 322 2000 0
 322 2000 0
 322 2000 0
 322 2000 0
 322 2000 0
 321 2000 0
 320 2000 0
 321 2000 0
 321 2000 0
 321 2000 0
 320 2000 0
 321 2000 0
 321 2000 0
t01:09:40
 359 2062 1
 416 2095 6
 450 2099 10
 472 2097 15
 489 2095 20
 504 2090 24
 516 2085 28
 526 2077 32
 536 2073 35
 543 2066 38
 552 2059 41
 557 2053 44
 563 2048 46
 570 2043 48
 573 2037 50
 576 2031 52
 578 2027 53
 583 2023 54
 583 2021 55
 588 2020 56
 589 2017 57
 591 2014 58
 593 2014 58
 596 2013 59
 595 2000 59
 596 2000 59
 595 2000 59
 598 2000 59
 596 2000 59
 599 2000 59
 598 2000 59
 599 2000 59
 596 2000 59
 599 2000 59
 597 2000 59
 599 2000 59
 557 1923 57
 460 1844 50
 395 1842 42
 375 1864 36
 368 1872 30
 363 1886 24
 358 1892 19
 347 1902 14
 340 1914 10
 336 1926 6
 336 1940 3
 335 1950 1
 333 1958 0
 330 1964 0
 328 1972 0
 326 1975 0
 326 1980 0
 324 1983 0
 323 1985 0
 323 1987 0
 323 1989 0
 321 2000 0
 323 2000 0
 321 2000 0
t01:09:41
 321 2000 0
 321 2000 0
 321 2000 0
 320 2000 0
 321 2000 0
 321 2000 0
 323 2000 0
 321 2000 0
 321 2000 0
 321 2000 0
 321 2000 0
 321 2000 0
 321 2000 0
 321 2000 0
 321 2000 0
 321 2000 0
 321 2000 0
 320 2000 0
 321 2000 0
 321 2000 0
 321 2000 0
 321 2000 0
 320 2000 0
 321 2000 0
 320 2000 0
 320 2000 0
 320 2000 0
 321 2000 0
 320 2000 0
 321 2000 0
 320 2000 0
 322 2000 0
 320 2000 0
 320 2000 0
 320 2000 0
 322 2000 0
 320 2000 0
 322 2000 0
 318 2000 0
 322 2000 0
 320 2000 0
 322 2000 0
 320 2000 0
 322 2000 0
 322 2000 0
 320 2000 0
 320 2000 0
 322 2000 0
 322 2000 0
 322 2000 0
 378 2079 2
 429 2098 7
 458 2099 12
 477 2097 16
 494 2093 21
 509 2089 25
 519 2082 29
 529 2077 33
 539 2070 36
 546 2064 39
t01:09:42
 553 2059 42
 559 2052 45
 564 2046 47
 569 2041 49
 573 2034 50
 576 2031 52
 581 2028 53
 583 2023 54
 586 2021 55
 588 2017 56
 591 2017 57
 591 2013 58
 593 2012 58
 593 2000 58
 595 2000 58
 595 2000 58
 596 2000 58
 596 2000 58
 598 2000 58
 598 2000 58
 598 2000 58
 598 2000 58
 600 2000 58
 601 2000 58
 600 2000 58
 590 1981 58
 510 1871 53
 422 1840 46
 383 1848 38
 370 1864 32
 367 1881 26
 364 1891 21
 352 1900 16
 342 1907 11
 338 1924 8
 338 1935 4
 335 1946 2
 333 1954 0
 330 1959 0
 330 1967 0
 326 1971 0
 326 1978 0
 326 1982 0
 325 1985 0
 323 1987 0
 325 1988 0
 323 2000 0
 323 2000 0
 323 2000 0
 323 2000 0
 321 2000 0
 321 2000 0
 323 2000 0
 321 2000 0
 320 2000 0
 321 2000 0
 321 2000 0
 321 2000 0
 321 2000 0
 321 2000 0
t01:09:43
 320 2000 0
 320 2000 0
 321 2000 0
 321 2000 0
 321 2000 0
 320 2000 0
 320 2000 0
 321 2000 0
 320 2000 0
 320 2000 0
 321 2000 0
 320 2000 0
 320 2000 0
 320 2000 0
 322 2000 0
 322 2000 0
 321 2000 0
 321 2000 0
 321 2000 0
 321 2000 0
 321 2000 0
 320 2000 0
 321 2000 0
 320 2000 0
 321 2000 0
 320 2000 0
 321 2000 0
 320 2000 0
 321 2000 0
 320 2000 0
 321 2000 0
 321 2000 0
 321 2000 0
 320 2000 0
 320 2000 0
 321 2000 0
 321 2000 0
 321 2000 0
 321 2000 0
 354 2057 1
 413 2095 5
 448 2099 10
 470 2098 15
 487 2094 19
 502 2091 24
 516 2085 28
 526 2079 31
 534 2073 35
 541 2065 38
 548 2059 41
 556 2053 44
 563 2047 46
 566 2041 48
 569 2037 50
 574 2033 51
 579 2031 53
 583 2024 54
 584 2024 55
 588 2019 56
 588 2016 57
t01:09:44
 591 2014 58
 593 2014 58
 593 2000 58
 595 2000 58
 596 2000 58
 595 2000 58
 596 2000 58
 596 2000 58
 598 2000 58
 598 2000 58
 598 2000 58
 599 2000 58
 599 2000 58
 599 2000 58
 599 2000 58
 558 1924 56
 462 1846 49
 396 1838 42
 375 1860 35
 366 1871 29
 365 1885 23
 357 1895 18
 346 1908 13
 340 1922 9
 338 1936 6
 335 1941 3
 336 1950 1
 333 1956 0
 331 1964 0
 329 1969 0
 328 1974 0
 324 1977 0
 324 1983 0
 324 1985 0
 324 1988 0
 323 1988 0
 321 2000 0
 321 2000 0
 321 2000 0
 321 2000 0
 323 2000 0
 323 2000 0
 321 2000 0
 321 2000 0
 321 2000 0
 321 2000 0
 320 2000 0
 321 2000 0
 320 2000 0
 321 2000 0
 320 2000 0
 321 2000 0
 320 2000 0
 321 2000 0
 320 2000 0
 321 2000 0
 320 2000 0
 321 2000 0
 322 2000 0
 322 2000 0
 321 2000 0
t01:09:45
 321 2000 0
 320 2000 0
 321 2000 0
 320 2000 0
 322 2000 0
 320 2000 0
 322 2000 0
 320 2000 0
 320 2000 0
 320 2000 0
 322 2000 0
 322 2000 0
 322 2000 0
 320 2000 0
 320 2000 0
 322 2000 0
 322 2000 0
 322 2000 0
 322 2000 0
 320 2000 0
 322 2000 0
 322 2000 0
 320 2000 0
 320 2000 0
 320 2000 0
 322 2000 0
 321 2000 0
 326 2014 0
 384 2083 3
 430 2098 8
 460 2099 12
 479 2096 17
 496 2093 21
 509 2088 26
 519 2081 30
 530 2076 33
 536 2068 37
 546 2063 40
 551 2056 42
 560 2052 45
 565 2045 47
 570 2039 49
 573 2034 51
 576 2032 52
 580 2027 53
 583 2025 55
 586 2021 56
 588 2018 57
 590 2014 57
 591 2013 58
 593 2012 59
 595 2014 59
 598 2000 59
 596 2000 59
 596 2000 59
 598 2000 59
 598 2000 59
 600 2000 59
 598 2000 59
t01:09:46
 598 2000 59
 600 2000 59
 598 2000 59
 599 2000 59
 591 1983 59
 510 1871 54
 420 1838 46
 383 1853 39
 371 1863 33
 365 1883 27
 362 1892 22
 352 1898 17
 343 1909 12
 338 1920 8
 338 1935 5
 335 1949 3
 333 1953 0
 331 1961 0
 330 1967 0
 328 1973 0
 326 1977 0
 325 1980 0
 325 1983 0
 325 1987 0
 323 1987 0
 321 1990 0
 323 2000 0
 321 2000 0
 321 2000 0
 321 2000 0
 321 2000 0
 321 2000 0
 321 2000 0
 321 2000 0
 321 2000 0
 321 2000 0
 321 2000 0
 320 2000 0
 320 2000 0
 321 2000 0
 321 2000 0
 320 2000 0
 321 2000 0
 321 2000 0
 323 2000 0
 320 2000 0
 321 2000 0
 321 2000 0
 321 2000 0
 318 2000 0
 321 2000 0
 320 2000 0
 321 2000 0
 321 2000 0
 321 2000 0
 321 2000 0
 320 2000 0
 321 2000 0
 321 2000 0
 321 2000 0
t01:09:47
 320 2000 0
 321 2000 0
 320 2000 0
 321 2000 0
 320 2000 0
 320 2000 0
 320 2000 0
 322 2000 0
 322 2000 0
 322 2000 0
 320 2000 0
 322 2000 0
 320 2000 0
 322 2000 0
 320 2000 0
 322 2000 0
 318 2000 0
 322 2000 0
 356 2061 1
 416 2095 6
 449 2098 10
 472 2098 15
 488 2093 19
 503 2090 24
 516 2084 28
 526 2078 32
 535 2072 35
 543 2065 38
 550 2058 41
 555 2053 44
 562 2047 46
 567 2041 48
 571 2036 50
 575 2033 51
 578 2028 53
 581 2025 54
 585 2022 55
 585 2017 56
 588 2015 57
 590 2015 57
 591 2015 58
 593 2013 59
 596 2013 59
 595 2000 59
 598 2000 59
 596 2000 59
 598 2000 59
 596 2000 59
 598 2000 59
 598 2000 59
 598 2000 59
 596 2000 59
 598 2000 59
 596 2000 59
 557 1922 57
 459 1846 50
 393 1843 43
 373 1854 36
 366 1873 30
 360 1887 24
t01:09:48
 357 1899 19
 347 1905 15
 342 1919 10
 338 1925 7
 337 1941 4
 335 1952 2
 333 1958 0
 330 1964 0
 328 1971 0
 326 1974 0
 326 1979 0
 326 1983 0
 325 1984 0
 323 1987 0
 323 1989 0
 323 2000 0
 321 2000 0
 321 2000 0
 321 2000 0
 321 2000 0
 321 2000 0
 321 2000 0
 320 2000 0
 321 2000 0
 321 2000 0
 321 2000 0
 321 2000 0
 321 2000 0
 320 2000 0
 321 2000 0
 318 2000 0
 320 2000 0
 320 2000 0
 320 2000 0
 320 2000 0
 322 2000 0
 322 2000 0
 320 2000 0
 320 2000 0
 320 2000 0
 322 2000 0
 320 2000 0
 320 2000 0
 320 2000 0
 320 2000 0
 320 2000 0
 320 2000 0
 320 2000 0
 320 2000 0
 320 2000 0
 320 2000 0
 320 2000 0
 320 2000 0
 320 2000 0
 322 2000 0
 322 2000 0
 322 2000 0
 322 2000 0
 322 2000 0
 320 2000 0
t01:09:49
 320 2000 0
 320 2000 0
 322 2000 0
 320 2000 0
 322 2000 0
 322 2000 0
 321 2000 0
 329 2020 0
 389 2086 3
 433 2098 8
 461 2098 13
 481 2096 17
 497 2093 22
 511 2088 26
 521 2081 30
 531 2074 33
 538 2069 37
 548 2063 40
 553 2056 43
 561 2051 45
 566 2045 47
 571 2039 49
 575 2034 51
 578 2030 52
 581 2026 54
 583 2022 55
 586 2021 56
 588 2017 57
 590 2013 57
 591 2015 58
 593 2000 58
 593 2000 58
 596 2012 59
 596 2000 59
 596 2000 59
 598 2000 59
 598 2000 59
 598 2000 59
 598 2000 59
 600 2000 59
 600 2000 59
 598 2000 59
 600 2000 59
 590 1982 58
 509 1870 54
 419 1839 46
 380 1847 39
 370 1864 32
 367 1878 26
 362 1895 21
 352 1900 16
 343 1910 12
 338 1921 8
 336 1934 5
 336 1944 2
 333 1952 0
 331 1960 0
 330 1967 0
 328 1973 0
 326 1978 0
 326 1982 0
t01:09:50
 324 1983 0
 323 1985 0
 321 1988 0
 323 2000 0
 323 2000 0
 323 2000 0
 323 2000 0
 323 2000 0
 320 2000 0
 321 2000 0
 320 2000 0
 321 2000 0
 321 2000 0
 321 2000 0
 321 2000 0
 320 2000 0
 321 2000 0
 321 2000 0
 320 2000 0
 320 2000 0
 321 2000 0
 320 2000 0
 321 2000 0
 320 2000 0
 321 2000 0
 320 2000 0
 321 2000 0
 320 2000 0
 321 2000 0
 320 2000 0
 322 2000 0
 322 2000 0
 322 2000 0
 320 2000 0
 322 2000 0
 320 2000 0
 322 2000 0
 320 2000 0
 321 2000 0
 322 2000 0
 322 2000 0
 322 2000 0
 320 2000 0
 320 2000 0
 321 2000 0
 320 2000 0
 322 2000 0
 322 2000 0
 320 2000 0
 322 2000 0
 322 2000 0
 322 2000 0
 320 2000 0
 320 2000 0
 320 2000 0
 321 2000 0
 356 2060 1
 414 2095 6
 448 2098 10
t01:09:51
 472 2098 15
 488 2095 19
 504 2091 24
 515 2084 28
 526 2077 32
 535 2072 35
 543 2065 38
 548 2059 41
 558 2054 44
 563 2047 46
 567 2042 48
 572 2035 50
 575 2033 51
 578 2029 53
 581 2026 54
 584 2022 55
 586 2018 56
 588 2017 57
 591 2017 58
 593 2014 58
 593 2000 58
 596 2000 59
 596 2000 59
 596 2000 59
 598 2000 59
 598 2000 59
 598 2000 59
 598 2000 59
 598 2000 59
 601 2000 59
 599 2000 59
 601 2000 59
 600 2000 59
 558 1924 57
 459 1845 50
 393 1843 42
 375 1858 35
 367 1874 29
 365 1886 24
 359 1895 19
 347 1901 14
 340 1913 10
 336 1925 6
 336 1939 3
 333 1947 0
 331 1955 0
 330 1962 0
 328 1969 0
 326 1973 0
 325 1980 0
 325 1982 0
 325 1986 0
 323 1988 0
 323 2000 0
 323 2000 0
 323 2000 0
 323 2000 0
 321 2000 0
 321 2000 0
 321 2000 0
t01:09:52
 323 2000 0
 320 2000 0
 321 2000 0
 320 2000 0
 321 2000 0
 321 2000 0
 321 2000 0
 320 2000 0
 321 2000 0
 320 2000 0
 321 2000 0
 321 2000 0
 321 2000 0
 320 2000 0
 321 2000 0
 321 2000 0
 321 2000 0
 320 2000 0
 321 2000 0
 320 2000 0
 321 2000 0
 318 2000 0
 320 2000 0
 320 2000 0
 321 2000 0
 321 2000 0
 321 2000 0
 321 2000 0
 321 2000 0
 321 2000 0
 322 2000 0
 322 2000 0
 320 2000 0
 322 2000 0
 322 2000 0
 322 2000 0
 322 2000 0
 322 2000 0
 322 2000 0
 322 2000 0
 322 2000 0
 322 2000 0
 322 2000 0
 322 2000 0
 322 2000 0
 321 2000 0
 325 2014 0
 386 2084 3
 431 2098 8
 460 2099 12
 481 2096 17
 497 2093 21
 509 2086 26
 519 2080 30
 529 2075 33
 539 2070 37
 548 2063 40
 553 2056 42
 560 2050 45
 565 2044 47
t01:09:53
 570 2038 49
 573 2035 50
 578 2032 52
 581 2028 53
 584 2025 55
 586 2020 56
 589 2017 56
 589 2015 57
 593 2014 58
 591 2000 58
 595 2000 58
 595 2000 58
 596 2000 58
 595 2000 58
 596 2000 58
 594 2000 58
 598 2000 58
 596 2000 58
 599 2000 58
 598 2000 58
 599 2000 58
 597 2000 58
 590 1983 57
 508 1871 53
 421 1836 45
 380 1848 38
 368 1868 31
 364 1881 25
 362 1896 20
 352 1897 15
 342 1909 11
 338 1923 7
 338 1934 4
 336 1944 1
 333 1955 0
 331 1961 0
 328 1966 0
 328 1974 0
 326 1978 0
 325 1981 0
 325 1986 0
 326 1988 0
 325 1989 0
 323 1988 0
 321 2000 0
 323 2000 0
 323 2000 0
 321 2000 0
 321 2000 0
 321 2000 0
 321 2000 0
 321 2000 0
 321 2000 0
 321 2000 0
 321 2000 0
 321 2000 0
 321 2000 0
 321 2000 0
 321 2000 0
 321 2000 0
 321 2000 0
t01:09:54
 321 2000 0
 321 2000 0
 321 2000 0
 321 2000 0
 321 2000 0
 321 2000 0
 321 2000 0
 320 2000 0
 320 2000 0
 321 2000 0
 320 2000 0
 321 2000 0
 320 2000 0
 320 2000 0
 320 2000 0
 322 2000 0
 320 2000 0
 321 2000 0
 320 2000 0
 321 2000 0
 320 2000 0
 321 2000 0
 320 2000 0
 322 2000 0
 320 2000 0
 322 2000 0
 322 2000 0
 321 2000 0
 321 2000 0
 323 2000 0
 320 2000 0
 321 2000 0
 320 2000 0
 322 2000 0
 321 2000 0
 345 2045 1
 405 2093 5
 443 2099 9
 469 2098 14
 486 2095 19
 501 2091 23
 514 2086 27
 524 2079 31
 533 2073 34
 543 2068 38
 549 2061 41
 554 2053 43
 561 2048 46
 566 2042 48
 571 2039 49
 576 2033 51
 578 2028 52
 583 2026 54
 584 2022 55
 588 2022 56
 589 2017 57
 591 2016 58
 593 2000 58
 593 2000 58
t01:09:55
 594 2000 58
 594 2000 58
 596 2000 58
 596 2000 58
 597 2000 58
 597 2000 58
 597 2000 58
 597 2000 58
 597 2000 58
 597 2000 58
 599 2000 58
 599 2000 58
 558 1925 56
 462 1845 49
 395 1843 41
 375 1861 35
 370 1875 29
 362 1885 23
 359 1895 18
 347 1904 13
 341 1915 9
 338 1927 6
 336 1939 3
 333 1951 0
 331 1958 0
 330 1962 0
 328 1971 0
 328 1975 0
 326 1979 0
 325 1982 0
 325 1986 0
 323 1987 0
 323 1989 0
 321 2000 0
 321 2000 0
 321 2000 0
 321 2000 0
 321 2000 0
 321 2000 0
 321 2000 0
 321 2000 0
 321 2000 0
 321 2000 0
 321 2000 0
 321 2000 0
 321 2000 0
 321 2000 0
 321 2000 0
 320 2000 0
 321 2000 0
 321 2000 0
 321 2000 0
 321 2000 0
 320 2000 0
 320 2000 0
 321 2000 0
 320 2000 0
 320 2000 0
 320 2000 0
 321 2000 0
t01:09:56
 320 2000 0
 320 2000 0
 320 2000 0
 321 2000 0
 320 2000 0
 320 2000 0
 320 2000 0
 322 2000 0
 320 2000 0
 320 2000 0
 320 2000 0
 320 2000 0
 320 2000 0
 320 2000 0
 320 2000 0
 320 2000 0
 320 2000 0
 320 2000 0
 320 2000 0
 322 2000 0
 322 2000 0
 322 2000 0
 322 2000 0
 320 2000 0
 322 2000 0
 326 2015 0
 388 2084 3
 433 2098 8
 461 2098 12
 479 2096 17
 497 2093 21
 509 2088 26
 521 2081 30
 530 2075 33
 538 2069 37
 545 2062 40
 555 2057 42
 560 2050 45
 565 2045 47
 570 2039 49
 575 2036 51
 576 2029 52
 581 2027 53
 585 2023 55
 586 2022 56
 590 2018 56
 591 2015 57
 591 2000 58
 593 2000 58
 593 2000 58
 598 2014 58
 596 2000 58
 598 2000 58
 598 2000 58
 598 2000 58
 600 2000 58
 600 2000 58
 599 2000 58
 599 2000 58
 599 2000 58
t01:09:57
 598 2000 58
 591 1983 58
 512 1871 53
 421 1838 46
 381 1850 38
 371 1866 32
 369 1879 26
 364 1889 21
 352 1901 16
 342 1910 12
 338 1927 8
 338 1936 5
 336 1945 2
 333 1951 0
 331 1962 0
 330 1967 0
 328 1970 0
 328 1979 0
 324 1980 0
 324 1983 0
 323 1986 0
 324 2000 0
 323 1990 0
 323 2000 0
 321 2000 0
 321 2000 0
 321 2000 0
 321 2000 0
 321 2000 0
 321 2000 0
 321 2000 0
 321 2000 0
 321 2000 0
 321 2000 0
 321 2000 0
 321 2000 0
 323 2000 0
 321 2000 0
 320 2000 0
 320 2000 0
 321 2000 0
 320 2000 0
 321 2000 0
 321 2000 0
 321 2000 0
 320 2000 0
 321 2000 0
 320 2000 0
 321 2000 0
 320 2000 0
 321 2000 0
 320 2000 0
 321 2000 0
 321 2000 0
 321 2000 0
 321 2000 0
 321 2000 0
 321 2000 0
 321 2000 0
 320 2000 0
t01:09:58
 320 2000 0
 320 2000 0
 320 2000 0
 320 2000 0
 320 2000 0
 321 2000 0
 322 2000 0
 322 2000 0
 322 2000 0
 322 2000 0
 320 2000 0
 321 2000 0
 320 2000 0
 322 2000 0
 321 2000 0
 354 2057 1
 413 2095 5
 448 2099 10
 472 2098 15
 489 2095 19
 504 2090 24
 514 2085 28
 528 2079 32
 536 2073 35
 543 2066 38
 551 2061 41
 556 2052 44
 563 2048 46
 568 2042 48
 573 2038 50
 578 2033 52
 581 2030 53
 585 2024 54
 585 2021 55
 588 2019 56
 591 2017 57
 591 2014 58
 593 2013 58
 596 2013 59
 596 2000 59
 598 2000 59
 596 2000 59
 598 2000 59
 598 2000 59
 598 2000 59
 600 2000 59
 598 2000 59
 598 2000 59
 601 2000 59
 598 2000 59
 599 2000 59
 558 1924 57
 462 1847 50
 395 1842 43
 376 1858 36
 368 1871 29
 365 1889 24
 359 1894 19
 347 1906 14
 340 1918 10
t01:09:59
 338 1930 7
 336 1940 4
 335 1946 1
 331 1956 0
 330 1965 0
 330 1971 0
 326 1975 0
 326 1978 0
 325 1983 0
 325 1986 0
 325 2000 0
 323 1988 0
 323 2000 0
 321 2000 0
 323 2000 0
 321 2000 0
 321 2000 0
 323 2000 0
 321 2000 0
 321 2000 0
 321 2000 0
 321 2000 0
 320 2000 0
 320 2000 0
 321 2000 0
 321 2000 0
 320 2000 0
 321 2000 0
 320 2000 0
 322 2000 0
 320 2000 0
 322 2000 0
 320 2000 0
 322 2000 0
 322 2000 0
 322 2000 0
 320 2000 0
 322 2000 0
 320 2000 0
 322 2000 0
 320 2000 0
 320 2000 0
 320 2000 0
 320 2000 0
 320 2000 0
 322 2000 0
 322 2000 0
 322 2000 0
 320 2000 0
 320 2000 0
 322 2000 0
 322 2000 0
 320 2000 0
 320 2000 0
 322 2000 0
 320 2000 0
 320 2000 0
 322 2000 0
 322 2000 0
 320 2000 0
t01:10:00
 322 2000 0
 320 2000 0
 322 2000 0
 321 2000 0
 328 2018 0
 388 2085 3
 433 2098 8
 461 2098 13
 481 2097 17
 496 2092 22
 511 2089 26
 521 2081 30
 530 2075 33
 540 2069 37
 548 2064 40
 553 2055 43
 560 2052 45
 566 2045 47
 570 2040 49
 577 2035 51
 580 2032 53
 583 2026 54
 587 2025 55
 590 2021 56
 590 2017 57
 591 2013 58
 593 2014 58
 595 2000 59
 595 2000 59
 596 2000 59
 598 2000 59
 600 2000 59
 596 2000 59
 600 2000 59
 600 2000 59
 601 2000 59
 600 2000 59
 600 2000 59
 598 2000 59
 600 2000 59
 590 1982 58
 512 1871 54
 418 1842 46
 380 1848 39
 370 1864 32
 363 1878 26
 362 1889 21
 350 1901 16
 342 1910 12
 340 1925 8
 338 1935 5
 335 1943 2
 333 1952 0
 331 1958 0
 330 1965 0
 328 1973 0
 326 1977 0
 326 1982 0
 325 1983 0
 323 1985 0
t01:10:01
 323 1988 0
 323 2000 0
 323 2000 0
 321 2000 0
 323 2000 0
 321 2000 0
 321 2000 0
 321 2000 0
 321 2000 0
 321 2000 0
 321 2000 0
 320 2000 0
 321 2000 0
 321 2000 0
 321 2000 0
 321 2000 0
 321 2000 0
 320 2000 0
 322 2000 0
 322 2000 0
 320 2000 0
 320 2000 0
 322 2000 0
 322 2000 0
 322 2000 0
 322 2000 0
 322 2000 0
 322 2000 0
 320 2000 0
 320 2000 0
 320 2000 0
 320 2000 0
 322 2000 0
 320 2000 0
 320 2000 0
 320 2000 0
 320 2000 0
 322 2000 0
 320 2000 0
 320 2000 0
 320 2000 0
 322 2000 0
 320 2000 0
 322 2000 0
 320 2000 0
 320 2000 0
 320 2000 0
 320 2000 0
 320 2000 0
 322 2000 0
 322 2000 0
 322 2000 0
 320 2000 0
 321 2000 0
 356 2060 1
 414 2095 6
 449 2099 10
 473 2098 15
 490 2095 19
 505 2091 24
t01:10:02
 516 2084 28
 526 2078 32
 536 2073 35
 543 2066 38
 552 2059 41
 558 2053 44
 563 2046 46
 567 2041 48
 572 2037 50
 577 2033 52
 580 2029 53
 583 2026 54
 588 2023 55
 587 2018 56
 591 2018 57
 591 2014 58
 595 2013 59
 595 2000 59
 596 2000 59
 596 2000 59
 598 2000 59
 598 2000 59
 600 2000 59
 598 2000 59
 601 2000 59
 600 2000 59
 601 2000 59
 600 2000 59
 601 2000 59
 599 2000 59
 559 1923 56
 460 1843 50
 393 1841 42
 373 1853 35
 367 1875 29
 361 1886 23
 357 1893 18
 347 1904 13
 342 1917 9
 338 1925 6
 335 1938 3
 333 1948 0
 332 1955 0
 332 1965 0
 328 1970 0
 326 1974 0
 325 1979 0
 325 1982 0
 323 1986 0
 323 1988 0
 323 1988 0
 323 2000 0
 323 2000 0
 323 2000 0
 320 2000 0
 323 2000 0
 320 2000 0
 321 2000 0
 320 2000 0
 322 2000 0
t01:10:03
 320 2000 0
 322 2000 0
 322 2000 0
 322 2000 0
 322 2000 0
 322 2000 0
 322 2000 0
 322 2000 0
 320 2000 0
 320 2000 0
 320 2000 0
 320 2000 0
 322 2000 0
 320 2000 0
 320 2000 0
 322 2000 0
 322 2000 0
 322 2000 0
 322 2000 0
 320 2000 0
 322 2000 0
 320 2000 0
 322 2000 0
 320 2000 0
 322 2000 0
 320 2000 0
 320 2000 0
 320 2000 0
 322 2000 0
 318 2000 0
 320 2000 0
 320 2000 0
 320 2000 0
 320 2000 0
 322 2000 0
 320 2000 0
 320 2000 0
 320 2000 0
 320 2000 0
 320 2000 0
 322 2000 0
 322 2000 0
 322 2000 0
 328 2016 0
 388 2084 3
 432 2098 8
 461 2098 12
 481 2097 17
 496 2093 22
 510 2088 26
 521 2081 30
 531 2075 33
 540 2069 37
 548 2063 40
 553 2056 42
 560 2050 45
 565 2044 47
 570 2040 49
 574 2033 51
 580 2033 52
t01:10:04
 582 2026 53
 585 2023 55
 585 2020 56
 590 2020 57
 590 2014 57
 592 2014 58
 593 2000 58
 595 2000 58
 595 2000 58
 598 2012 58
 598 2000 58
 598 2000 58
 598 2000 58
 598 2000 58
 598 2000 58
 598 2000 58
 600 2000 58
 600 2000 58
 599 2000 58
 590 1981 58
 510 1869 53
 419 1843 46
 380 1850 38
 369 1864 32
 367 1879 26
 360 1894 21
 352 1900 16
 342 1910 12
 338 1922 8
 336 1933 4
 335 1947 2
 333 1955 0
 333 1963 0
 328 1966 0
 328 1973 0
 326 1975 0
 325 1981 0
 325 1984 0
 325 1988 0
 323 1989 0
 323 2000 0
 321 2000 0
 321 2000 0
 321 2000 0
 321 2000 0
 321 2000 0
 321 2000 0
 321 2000 0
 321 2000 0
 321 2000 0
 323 2000 0
 321 2000 0
 321 2000 0
 321 2000 0
 321 2000 0
 321 2000 0
 321 2000 0
 320 2000 0
 320 2000 0
 320 2000 0
t01:10:05
 320 2000 0
 321 2000 0
 318 2000 0
 320 2000 0
 320 2000 0
 322 2000 0
 320 2000 0
 322 2000 0
 320 2000 0
 322 2000 0
 320 2000 0
 322 2000 0
 322 2000 0
 320 2000 0
 322 2000 0
 322 2000 0
 322 2000 0
 322 2000 0
 322 2000 0
 322 2000 0
 320 2000 0
 322 2000 0
 322 2000 0
 322 2000 0
 320 2000 0
 320 2000 0
 320 2000 0
 320 2000 0
 320 2000 0
 320 2000 0
 322 2000 0
 320 2000 0
 321 2000 0
 354 2056 1
 412 2094 5
 446 2098 10
 472 2098 15
 488 2095 19
 503 2090 24
 515 2084 28
 525 2078 31
 535 2073 35
 545 2067 38
 548 2059 41
 558 2055 44
 563 2047 46
 568 2043 48
 573 2038 50
 577 2034 52
 578 2026 53
 581 2025 54
 585 2020 55
 586 2019 56
 588 2015 57
 590 2013 57
 589 2000 57
 591 2013 58
 595 2000 58
 595 2000 58
 596 2000 58
t01:10:06
 596 2000 58
 598 2000 58
 596 2000 58
 598 2000 58
 598 2000 58
 599 2000 58
 597 2000 58
 599 2000 58
 598 2000 58
 557 1922 56
 458 1843 49
 395 1843 41
 375 1860 35
 368 1871 28
 365 1886 23
 359 1896 18
 345 1903 13
 340 1915 9
 336 1927 5
 336 1941 2
 336 1951 0
 333 1958 0
 331 1964 0
 328 1970 0
 328 1975 0
 326 1979 0
 325 1981 0
 325 1986 0
 323 1988 0
 323 2000 0
 323 2000 0
 321 2000 0
 321 2000 0
 321 2000 0
 321 2000 0
 320 2000 0
 321 2000 0
 321 2000 0
 321 2000 0
 321 2000 0
 321 2000 0
 321 2000 0
 321 2000 0
 320 2000 0
 321 2000 0
 320 2000 0
 320 2000 0
 320 2000 0
 321 2000 0
 320 2000 0
 321 2000 0
 321 2000 0
 321 2000 0
 321 2000 0
 321 2000 0
 320 2000 0
 320 2000 0
 320 2000 0
 320 2000 0
 320 2000 0
t01:10:07
 321 2000 0
 320 2000 0
 321 2000 0
 321 2000 0
 321 2000 0
 321 2000 0
 321 2000 0
 321 2000 0
 320 2000 0
 322 2000 0
 322 2000 0
 323 2000 0
 322 2000 0
 322 2000 0
 320 2000 0
 323 2000 0
 322 2000 0
 322 2000 0
 320 2000 0
 322 2000 0
 320 2000 0
 321 2000 0
 321 2000 0
 379 2079 2
 428 2097 7
 457 2098 12
 477 2096 16
 494 2094 21
 507 2089 25
 519 2082 29
 528 2076 33
 536 2069 36
 544 2063 39
 551 2058 42
 559 2051 44
 564 2047 47
 568 2040 49
 573 2036 50
 578 2031 52
 579 2026 53
 583 2024 54
 586 2021 55
 588 2017 56
 591 2018 57
 591 2012 58
 591 2000 58
 593 2000 58
 593 2000 58
 595 2000 58
 595 2000 58
 595 2000 58
 596 2000 58
 598 2000 58
 598 2000 58
 599 2000 58
 598 2000 58
 599 2000 58
 599 2000 58
 592 1983 57
 510 1871 52
 418 1836 45
t01:10:08
 380 1850 38
 371 1871 31
 365 1878 25
 362 1895 20
 350 1899 15
 342 1907 11
 340 1922 7
 338 1934 4
 336 1946 1
 335 1955 0
 331 1961 0
 330 1965 0
 326 1970 0
 326 1977 0
 326 1981 0
 325 1986 0
 325 1986 0
 325 1988 0
 323 2000 0
 323 2000 0
 323 2000 0
 321 2000 0
 321 2000 0
 320 2000 0
 323 2000 0
 321 2000 0
 321 2000 0
 320 2000 0
 320 2000 0
 320 2000 0
 321 2000 0
 320 2000 0
 322 2000 0
 322 2000 0
 322 2000 0
 320 2000 0
 320 2000 0
 320 2000 0
 320 2000 0
 320 2000 0
 322 2000 0
 322 2000 0
 322 2000 0
 320 2000 0
 320 2000 0
 322 2000 0
 320 2000 0
 322 2000 0
 320 2000 0
 322 2000 0
 320 2000 0
 320 2000 0
 320 2000 0
 322 2000 0
 320 2000 0
 320 2000 0
 320 2000 0
 322 2000 0
 320 2000 0
t01:10:09
 322 2000 0
 320 2000 0
 322 2000 0
 320 2000 0
 322 2000 0
 320 2000 0
 322 2000 0
 320 2000 0
 320 2000 0
 320 2000 0
 322 2000 0
 321 2000 0
 354 2056 1
 412 2094 5
 447 2099 10
 470 2098 15
 487 2095 19
 502 2091 24
 516 2086 28
 526 2078 31
 534 2073 35
 543 2066 38
 549 2060 41
 556 2053 44
 561 2047 46
 568 2042 48
 571 2038 50
 576 2033 52
 578 2028 53
 583 2025 54
 584 2022 55
 588 2020 56
 588 2015 57
 591 2014 58
 591 2012 58
 593 2012 59
 593 2000 59
 595 2000 59
 595 2000 59
 596 2000 59
 594 2000 59
 599 2000 59
 598 2000 59
 598 2000 59
 597 2000 59
 599 2000 59
 597 2000 59
 599 2000 59
 558 1925 57
 462 1846 50
 395 1843 43
 375 1862 36
 368 1873 30
 363 1886 24
 359 1895 19
 345 1905 14
 340 1917 10
 338 1931 7
 336 1941 4
 335 1952 1
t01:10:10
 333 1958 0
 330 1964 0
 328 1970 0
 328 1975 0
 326 1979 0
 325 1982 0
 325 1988 0
 323 1987 0
 323 1989 0
 323 2000 0
 323 2000 0
 321 2000 0
 323 2000 0
 321 2000 0
 323 2000 0
 321 2000 0
 321 2000 0
 320 2000 0
 321 2000 0
 321 2000 0
 320 2000 0
 320 2000 0
 320 2000 0
 320 2000 0
 320 2000 0
 320 2000 0
 322 2000 0
 320 2000 0
 322 2000 0
 320 2000 0
 322 2000 0
 320 2000 0
 320 2000 0
 320 2000 0
 320 2000 0
 322 2000 0
 320 2000 0
 322 2000 0
 320 2000 0
 320 2000 0
 320 2000 0
 322 2000 0
 320 2000 0
 320 2000 0
 320 2000 0
 320 2000 0
 320 2000 0
 322 2000 0
 320 2000 0
 322 2000 0
 322 2000 0
 322 2000 0
 320 2000 0
 322 2000 0
 322 2000 0
 322 2000 0
 322 2000 0
 322 2000 0
 320 2000 0
 322 2000 0
t01:10:11
 321 2000 0
 325 2014 0
 384 2083 3
 431 2098 8
 460 2099 12
 479 2097 17
 496 2093 21
 509 2089 26
 521 2082 30
 531 2077 33
 539 2070 37
 548 2064 40
 554 2058 43
 559 2050 45
 566 2045 47
 571 2040 49
 576 2037 51
 580 2030 53
 583 2027 54
 585 2023 55
 590 2023 56
 589 2016 57
 593 2016 58
 593 2013 58
 596 2012 59
 596 2000 59
 598 2000 59
 596 2000 59
 598 2000 59
 598 2000 59
 600 2000 59
 596 2000 59
 598 2000 59
 598 2000 59
 598 2000 59
 600 2000 59
 600 2000 59
 591 1983 59
 512 1872 54
 423 1838 46
 381 1850 39
 370 1868 32
 367 1883 27
 362 1891 21
 352 1900 17
 342 1908 12
 338 1922 8
 338 1935 5
 336 1945 2
 335 1953 0
 331 1960 0
 330 1964 0
 326 1970 0
 326 1977 0
 325 1980 0
 325 1984 0
 323 1986 0
 323 1988 0
 321 2000 0
 323 2000 0
t01:10:12
 323 2000 0
 323 2000 0
 321 2000 0
 321 2000 0
 321 2000 0
 321 2000 0
 320 2000 0
 321 2000 0
 321 2000 0
 321 2000 0
 321 2000 0
 321 2000 0
 321 2000 0
 321 2000 0
 321 2000 0
 321 2000 0
 321 2000 0
 321 2000 0
 321 2000 0
 320 2000 0
 321 2000 0
 320 2000 0
 321 2000 0
 320 2000 0
 320 2000 0
 321 2000 0
 321 2000 0
 321 2000 0
 320 2000 0
 320 2000 0
 321 2000 0
 320 2000 0
 321 2000 0
 320 2000 0
 321 2000 0
 321 2000 0
 321 2000 0
 321 2000 0
 321 2000 0
 320 2000 0
 321 2000 0
 320 2000 0
 321 2000 0
 321 2000 0
 321 2000 0
 320 2000 0
 321 2000 0
 321 2000 0
 321 2000 0
 321 2000 0
 321 2000 0
 356 2058 1
 413 2095 5
 449 2098 10
 472 2098 15
 489 2095 19
 504 2090 24
 516 2084 28
 526 2078 31
 536 2072 35
t01:10:13
 543 2065 38
 549 2058 41
 554 2053 43
 563 2048 46
 566 2041 48
 571 2038 50
 576 2033 51
 579 2029 53
 581 2025 54
 586 2023 55
 586 2017 56
 589 2017 57
 589 2014 57
 593 2013 58
 593 2000 58
 595 2000 58
 595 2000 58
 596 2000 58
 596 2000 58
 596 2000 58
 599 2000 58
 598 2000 58
 598 2000 58
 598 2000 58
 601 2000 58
 599 2000 58
 599 2000 58
 558 1923 56
 460 1844 49
 393 1843 42
 375 1861 35
 366 1869 28
 365 1892 23
 357 1895 18
 346 1901 13
 338 1914 9
 336 1929 6
 334 1941 3
 334 1952 0
 333 1958 0
 331 1965 0
 327 1968 0
 326 1974 0
 326 1978 0
 326 1984 0
 323 1985 0
 323 1988 0
 323 1990 0
 323 2000 0
 323 2000 0
 323 2000 0
 321 2000 0
 321 2000 0
 321 2000 0
 321 2000 0
 321 2000 0
 321 2000 0
 321 2000 0
 320 2000 0
 320 2000 0
t01:10:14
 321 2000 0
 321 2000 0
 321 2000 0
 320 2000 0
 321 2000 0
 321 2000 0
 320 2000 0
 320 2000 0
 320 2000 0
 320 2000 0
 320 2000 0
 320 2000 0
 320 2000 0
 320 2000 0
 320 2000 0
 321 2000 0
 321 2000 0
 323 2000 0
 321 2000 0
 321 2000 0
 321 2000 0
 321 2000 0
 320 2000 0
 321 2000 0
 321 2000 0
 321 2000 0
 321 2000 0
 321 2000 0
 320 2000 0
 320 2000 0
 321 2000 0
 320 2000 0
 320 2000 0
 321 2000 0
 321 2000 0
 321 2000 0
 321 2000 0
 321 2000 0
 322 2000 0
 321 2000 0
 327 2017 0
 388 2085 3
 433 2098 8
 461 2098 13
 481 2097 17
 496 2092 22
 511 2089 26
 523 2082 30
 533 2075 34
 538 2068 37
 546 2062 40
 553 2056 43
 560 2052 45
 566 2044 47
 571 2040 49
 575 2035 51
 578 2030 52
 581 2026 54
 585 2024 55
 586 2020 56
t01:10:15
 590 2019 57
 590 2013 57
 593 2014 58
 595 2000 58
 595 2000 58
 595 2000 58
 596 2000 58
 598 2000 58
 598 2000 58
 600 2000 58
 598 2000 58
 600 2000 58
 600 2000 58
 600 2000 58
 600 2000 58
 600 2000 58
 591 1982 58
 510 1869 53
 418 1840 46
 381 1849 38
 370 1863 32
 365 1880 26
 362 1892 20
 354 1898 15
 343 1909 11
 338 1924 7
 338 1937 4
 336 1946 1
 333 1951 0
 331 1961 0
 328 1967 0
 326 1971 0
 325 1976 0
 325 1982 0
 325 1984 0
 325 1987 0
 323 1988 0
 321 1989 0
 321 2000 0
 323 2000 0
 321 2000 0
 320 2000 0
 321 2000 0
 321 2000 0
 321 2000 0
 321 2000 0
 321 2000 0
 320 2000 0
 321 2000 0
 320 2000 0
 321 2000 0
 321 2000 0
 321 2000 0
 321 2000 0
 321 2000 0
 320 2000 0
 320 2000 0
 318 2000 0
 321 2000 0
 320 2000 0
 321 2000 0
t01:10:16
 320 2000 0
 320 2000 0
 320 2000 0
 320 2000 0
 320 2000 0
 320 2000 0
 321 2000 0
 320 2000 0
 321 2000 0
 322 2000 0
 322 2000 0
 322 2000 0
 322 2000 0
 321 2000 0
 321 2000 0
 320 2000 0
 322 2000 0
 322 2000 0
 322 2000 0
 322 2000 0
 320 2000 0
 320 2000 0
 322 2000 0
 320 2000 0
 320 2000 0
 320 2000 0
 322 2000 0
 320 2000 0
 321 2000 0
 354 2058 1
 413 2095 5
 447 2098 10
 472 2098 15
 487 2094 19
 502 2090 24
 514 2083 28
 524 2077 31
 535 2072 35
 543 2066 38
 550 2059 41
 555 2054 44
 563 2047 46
 568 2043 48
 573 2038 50
 576 2035 52
 581 2030 53
 583 2026 54
 586 2022 55
 586 2017 56
 589 2017 57
 593 2016 58
 593 2000 58
 591 2000 58
 595 2000 58
 593 2000 58
 596 2000 58
 595 2000 58
 598 2000 58
 596 2000 58
 599 2000 58
t01:10:17
 598 2000 58
 599 2000 58
 596 2000 58
 599 2000 58
 598 2000 58
 560 1925 56
 460 1845 49
 395 1848 42
 375 1859 35
 368 1874 29
 362 1889 23
 357 1897 18
 347 1903 14
 340 1914 10
 338 1928 6
 336 1938 3
 335 1949 0
 333 1958 0
 331 1962 0
 330 1973 0
 330 1977 0
 326 1979 0
 326 1982 0
 323 1984 0
 323 1987 0
 323 1988 0
 323 2000 0
 321 2000 0
 323 2000 0
 323 2000 0
 321 2000 0
 321 2000 0
 321 2000 0
 321 2000 0
 321 2000 0
 321 2000 0
 321 2000 0
 321 2000 0
 321 2000 0
 320 2000 0
 321 2000 0
 320 2000 0
 320 2000 0
 320 2000 0
 320 2000 0
 320 2000 0
 321 2000 0
 321 2000 0
 321 2000 0
 321 2000 0
 321 2000 0
 321 2000 0
 321 2000 0
 320 2000 0
 320 2000 0
 320 2000 0
 320 2000 0
 321 2000 0
 320 2000 0
t01:10:18
 322 2000 0
 320 2000 0
 321 2000 0
 320 2000 0
 320 2000 0
 320 2000 0
 320 2000 0
 320 2000 0
 322 2000 0
 320 2000 0
 322 2000 0
 322 2000 0
 322 2000 0
 322 2000 0
 322 2000 0
 322 2000 0
 322 2000 0
 322 2000 0
 321 2000 0
 328 2017 0
 388 2085 3
 433 2098 8
 461 2098 13
 481 2096 17
 496 2093 22
 509 2087 26
 521 2081 30
 530 2075 33
 538 2068 37
 546 2062 40
 553 2056 42
 560 2051 45
 565 2043 47
 570 2039 49
 573 2035 51
 578 2031 52
 582 2028 53
 586 2025 55
 585 2019 56
 590 2018 57
 590 2012 57
 591 2013 58
 591 2000 58
 593 2000 58
 596 2000 58
 596 2000 58
 596 2000 58
 596 2000 58
 596 2000 58
 598 2000 58
 598 2000 58
 598 2000 58
 600 2000 58
 600 2000 58
 599 2000 58
 588 1979 58
 508 1870 53
 419 1841 45
 381 1848 38
 372 1866 31
 370 1877 25
t01:10:19
 362 1894 20
 350 1899 15
 342 1909 11
 340 1922 7
 336 1935 3
 335 1946 1
 333 1954 0
 331 1962 0
 330 1968 0
 328 1971 0
 325 1976 0
 326 1981 0
 325 1984 0
 325 1988 0
 323 1990 0
 323 2000 0
 321 2000 0
 323 2000 0
 321 2000 0
 321 2000 0
 321 2000 0
 321 2000 0
 321 2000 0
 321 2000 0
 321 2000 0
 321 2000 0
 321 2000 0
 320 2000 0
 321 2000 0
 320 2000 0
 321 2000 0
 321 2000 0
 321 2000 0
 321 2000 0
 321 2000 0
 320 2000 0
 320 2000 0
 320 2000 0
 320 2000 0
 320 2000 0
 322 2000 0
 321 2000 0
 321 2000 0
 320 2000 0
 321 2000 0
 320 2000 0
 322 2000 0
 320 2000 0
 322 2000 0
 320 2000 0
 320 2000 0
 320 2000 0
 322 2000 0
 320 2000 0
 322 2000 0
 322 2000 0
 322 2000 0
 322 2000 0
 322 2000 0
 322 2000 0
t01:10:20
 322 2000 0
 323 2000 0
 322 2000 0
 322 2000 0
 322 2000 0
 322 2000 0
 320 2000 0
 321 2000 0
 355 2058 1
 414 2095 5
 448 2098 10
 472 2098 15
 488 2095 19
 504 2090 24
 514 2084 28
 524 2078 31
 535 2073 35
 543 2066 38
 550 2059 41
 558 2054 44
 563 2047 46
 568 2043 48
 571 2036 50
 578 2033 52
 580 2027 53
 583 2026 54
 586 2021 55
 586 2018 56
 588 2015 57
 591 2016 58
 593 2013 58
 593 2000 58
 593 2000 58
 595 2000 58
 595 2000 58
 596 2000 58
 598 2000 58
 598 2000 58
 598 2000 58
 598 2000 58
 599 2000 58
 599 2000 58
 599 2000 58
 598 2000 58
 557 1921 56
 457 1845 49
 393 1847 42
 375 1863 35
 368 1879 29
 364 1886 23
 357 1896 18
 343 1902 14
 340 1917 10
 338 1932 6
 337 1939 3
 335 1949 1
 333 1957 0
 330 1964 0
 328 1970 0
t01:10:21
 328 1974 0
 325 1979 0
 323 1981 0
 325 1988 0
 323 1989 0
 325 2000 0
 323 2000 0
 323 2000 0
 321 2000 0
 321 2000 0
 321 2000 0
 321 2000 0
 321 2000 0
 320 2000 0
 320 2000 0
 320 2000 0
 320 2000 0
 322 2000 0
 320 2000 0
 322 2000 0
 322 2000 0
 322 2000 0
 322 2000 0
 322 2000 0
 321 2000 0
 320 2000 0
 323 2000 0
 321 2000 0
 321 2000 0
 320 2000 0
 320 2000 0
 320 2000 0
 320 2000 0
 320 2000 0
 320 2000 0
 318 2000 0
 320 2000 0
 320 2000 0
 320 2000 0
 320 2000 0
 322 2000 0
 320 2000 0
 322 2000 0
 322 2000 0
 320 2000 0
 320 2000 0
 320 2000 0
 320 2000 0
 320 2000 0
 322 2000 0
 318 2000 0
 320 2000 0
 322 2000 0
 322 2000 0
 322 2000 0
 322 2000 0
 322 2000 0
 322 2000 0
 321 2000 0
 378 2078 2
t01:10:22
 428 2097 7
 457 2098 12
 477 2097 16
 495 2094 21
 507 2088 25
 519 2083 29
 529 2076 33
 538 2070 36
 544 2062 39
 551 2057 42
 558 2050 44
 563 2046 46
 571 2042 48
 574 2036 50
 578 2030 52
 581 2029 53
 583 2023 54
 586 2022 55
 588 2017 56
 591 2015 57
 593 2014 58
 591 2012 58
 596 2000 59
 594 2000 59
 597 2000 59
 597 2000 59
 597 2000 59
 597 2000 59
 599 2000 59
 599 2000 59
 601 2000 59
 597 2000 59
 601 2000 59
 598 2000 59
 591 1983 58
 512 1871 53
 420 1835 46
 380 1851 38
 371 1867 32
 365 1877 26
 364 1892 21
 354 1901 16
 343 1908 11
 338 1920 8
 337 1934 4
 335 1946 2
 335 1955 0
 332 1959 0
 328 1967 0
 326 1970 0
 325 1977 0
 325 1983 0
 325 1986 0
 325 1986 0
 323 1988 0
 323 2000 0
 323 2000 0
 323 2000 0
 322 2000 0
 323 2000 0
t01:10:23
 322 2000 0
 323 2000 0
 322 2000 0
 322 2000 0
 322 2000 0
 322 2000 0
 320 2000 0
 322 2000 0
 322 2000 0
 323 2000 0
 322 2000 0
 322 2000 0
 320 2000 0
 320 2000 0
 320 2000 0
 322 2000 0
 320 2000 0
 322 2000 0
 320 2000 0
 320 2000 0
 320 2000 0
 320 2000 0
 320 2000 0
 320 2000 0
 320 2000 0
 320 2000 0
 322 2000 0
 320 2000 0
 322 2000 0
 322 2000 0
 320 2000 0
 320 2000 0
 322 2000 0
 320 2000 0
 322 2000 0
 320 2000 0
 320 2000 0
 320 2000 0
 320 2000 0
 320 2000 0
 320 2000 0
 322 2000 0
 322 2000 0
 322 2000 0
 320 2000 0
 320 2000 0
 322 2000 0
 321 2000 0
 354 2056 1
 412 2094 5
 446 2099 10
 472 2098 15
 487 2095 19
 502 2091 24
 514 2085 28
 526 2078 31
 534 2073 35
 543 2067 38
 551 2061 41
 558 2054 44
 563 2049 46
t01:10:24
 569 2041 48
 571 2038 50
 578 2033 52
 579 2029 53
 583 2024 54
 586 2022 55
 589 2020 56
 589 2015 57
 591 2013 58
 593 2013 58
 594 2014 59
 594 2000 59
 598 2000 59
 596 2000 59
 597 2000 59
 597 2000 59
 599 2000 59
 599 2000 59
 601 2000 59
 601 2000 59
 601 2000 59
 601 2000 59
 600 2000 59
 560 1925 57
 462 1845 50
 396 1843 43
 375 1857 36
 366 1870 29
 362 1888 24
 360 1896 19
 347 1904 14
 342 1915 10
 338 1927 7
 337 1941 4
 335 1951 1
 333 1958 0
 330 1962 0
 328 1969 0
 326 1975 0
 326 1980 0
 325 1982 0
 323 1984 0
 323 1986 0
 323 2000 0
 321 1990 0
 321 2000 0
 321 2000 0
 321 2000 0
 321 2000 0
 321 2000 0
 321 2000 0
 321 2000 0
 320 2000 0
 321 2000 0
 320 2000 0
 321 2000 0
 321 2000 0
 321 2000 0
 320 2000 0
 321 2000 0
t01:10:25
 320 2000 0
 321 2000 0
 320 2000 0
 320 2000 0
 320 2000 0
 320 2000 0
 320 2000 0
 320 2000 0
 321 2000 0
 322 2000 0
 322 2000 0
 322 2000 0
 322 2000 0
 321 2000 0
 321 2000 0
 321 2000 0
 321 2000 0
 321 2000 0
 321 2000 0
 321 2000 0
 321 2000 0
 318 2000 0
 321 2000 0
 318 2000 0
 321 2000 0
 320 2000 0
 322 2000 0
 322 2000 0
 322 2000 0
 320 2000 0
 320 2000 0
 320 2000 0
 322 2000 0
 322 2000 0
 322 2000 0
 321 2000 0
 324 2013 0
 384 2082 3
 431 2098 8
 460 2099 12
 480 2097 17
 496 2094 21
 511 2089 26
 521 2081 30
 529 2074 33
 538 2069 37
 546 2063 40
 553 2057 42
 559 2050 45
 564 2045 47
 569 2039 49
 574 2036 51
 579 2032 52
 581 2026 54
 583 2022 55
 588 2022 56
 588 2016 57
 591 2015 57
 589 2012 58
 595 2013 58
t01:10:26
 593 2000 58
 596 2000 58
 595 2000 58
 598 2000 58
 596 2000 58
 598 2000 58
 599 2000 58
 599 2000 58
 599 2000 58
 599 2000 58
 599 2000 58
 599 2000 58
 592 1984 58
 512 1871 53
 421 1838 46
 383 1848 38
 370 1866 32
 367 1878 26
 362 1892 21
 350 1900 16
 343 1908 11
 338 1921 7
 338 1935 4
 335 1943 1
 333 1955 0
 331 1960 0
 330 1966 0
 328 1971 0
 328 1976 0
 325 1979 0
 325 1984 0
 323 1986 0
 323 1989 0
 323 2000 0
 323 2000 0
 321 2000 0
 321 2000 0
 321 2000 0
 323 2000 0
 321 2000 0
 323 2000 0
 321 2000 0
 321 2000 0
 320 2000 0
 321 2000 0
 321 2000 0
 320 2000 0
 321 2000 0
 321 2000 0
 322 2000 0
 322 2000 0
 322 2000 0
 322 2000 0
 321 2000 0
 320 2000 0
 322 2000 0
 320 2000 0
 322 2000 0
 320 2000 0
t01:10:27
 320 2000 0
 321 2000 0
 321 2000 0
 320 2000 0
 321 2000 0
 320 2000 0
 320 2000 0
 320 2000 0
 322 2000 0
 320 2000 0
 322 2000 0
 322 2000 0
 320 2000 0
 320 2000 0
 322 2000 0
 320 2000 0
 322 2000 0
 320 2000 0
 320 2000 0
 321 2000 0
 320 2000 0
 320 2000 0
 320 2000 0
 320 2000 0
 320 2000 0
 322 2000 0
 321 2000 0
 358 2060 1
 414 2095 6
 450 2098 10
 472 2098 15
 489 2095 19
 502 2090 24
 516 2085 28
 526 2078 32
 536 2073 35
 545 2066 38
 549 2059 41
 558 2053 44
 563 2048 46
 568 2042 48
 574 2038 50
 578 2033 52
 581 2031 53
 585 2025 55
 586 2021 56
 589 2018 56
 589 2016 57
 593 2014 58
 595 2013 59
 595 2000 59
 596 2000 59
 596 2000 59
 596 2000 59
 596 2000 59
 598 2000 59
 598 2000 59
 596 2000 59
 599 2000 59
 598 2000 59
t01:10:28
 599 2000 59
 599 2000 59
 600 2000 59
 559 1925 56
 462 1842 50
 394 1840 42
 373 1858 35
 366 1872 29
 367 1887 23
 359 1894 18
 345 1903 13
 340 1915 9
 338 1930 6
 336 1937 3
 335 1949 0
 331 1957 0
 330 1964 0
 328 1968 0
 326 1975 0
 326 1979 0
 325 1983 0
 325 1984 0
 323 1987 0
 323 2000 0
 323 2000 0
 321 2000 0
 323 2000 0
 321 2000 0
 321 2000 0
 321 2000 0
 321 2000 0
 323 2000 0
 321 2000 0
 321 2000 0
 320 2000 0
 321 2000 0
 321 2000 0
 321 2000 0
 320 2000 0
 321 2000 0
 320 2000 0
 321 2000 0
 320 2000 0
 322 2000 0
 320 2000 0
 320 2000 0
 320 2000 0
 322 2000 0
 320 2000 0
 320 2000 0
 320 2000 0
 320 2000 0
 320 2000 0
 322 2000 0
 320 2000 0
 320 2000 0
 320 2000 0
 320 2000 0
 322 2000 0
 320 2000 0
t01:10:29
 322 2000 0
 320 2000 0
 320 2000 0
 320 2000 0
 320 2000 0
 322 2000 0
 322 2000 0
 320 2000 0
 322 2000 0
 322 2000 0
 322 2000 0
 320 2000 0
 322 2000 0
 322 2000 0
 322 2000 0
 321 2000 0
 328 2019 0
 388 2085 3
 433 2098 8
 460 2098 13
 481 2096 17
 498 2092 22
 509 2088 26
 521 2080 30
 530 2075 33
 538 2069 37
 546 2063 40
 555 2055 42
 560 2050 45
 565 2044 47
 568 2039 49
 573 2036 51
 578 2032 52
 582 2027 54
 585 2023 55
 587 2022 56
 588 2017 57
 590 2014 57
 592 2014 58
 595 2014 59
 595 2012 59
 598 2000 59
 598 2000 59
 600 2000 59
 598 2000 59
 601 2000 59
 601 2000 59
 601 2000 59
 600 2000 59
 601 2000 59
 600 2000 59
 600 2000 59
 590 1982 59
 509 1869 54
 419 1835 47
 383 1849 39
 371 1867 33
 366 1880 27
 360 1892 22
 350 1900 17
 343 1909 13
t01:10:30
 338 1921 9
 338 1933 5
 335 1945 3
 333 1954 0
 331 1964 0
 330 1967 0
 328 1973 0
 328 1978 0
 326 1981 0
 325 1984 0
 323 1985 0
 323 1989 0
 321 1990 0
 323 2000 0
 323 2000 0
 323 2000 0
 321 2000 0
 321 2000 0
 321 2000 0
 320 2000 0
 320 2000 0
 323 2000 0
 320 2000 0
 321 2000 0
 320 2000 0
 321 2000 0
 320 2000 0
 321 2000 0
 320 2000 0
 321 2000 0
 321 2000 0
 321 2000 0
 320 2000 0
 320 2000 0
 320 2000 0
 320 2000 0
 320 2000 0
 320 2000 0
 320 2000 0
 322 2000 0
 322 2000 0
 321 2000 0
 321 2000 0
 321 2000 0
 321 2000 0
 320 2000 0
 321 2000 0
 320 2000 0
 321 2000 0
 321 2000 0
 321 2000 0
 321 2000 0
 321 2000 0
 321 2000 0
 321 2000 0
 321 2000 0
 321 2000 0
 320 2000 0
 320 2000 0
t01:10:31
 320 2000 0
 320 2000 0
 322 2000 0
 322 2000 0
 322 2000 0
 322 2000 0
 355 2057 1
 413 2095 5
 447 2098 10
 472 2098 15
 489 2094 19
 503 2090 24
 516 2085 28
 526 2078 31
 535 2072 35
 543 2065 38
 550 2059 41
 555 2053 44
 563 2047 46
 568 2042 48
 571 2037 50
 575 2032 51
 580 2029 53
 581 2023 54
 586 2023 55
 586 2019 56
 589 2017 57
 589 2014 57
 593 2014 58
 593 2000 58
 595 2000 58
 595 2000 58
 596 2000 58
 595 2000 58
 598 2000 58
 598 2000 58
 600 2000 58
 600 2000 58
 600 2000 58
 600 2000 58
 600 2000 58
 599 2000 58
 558 1924 56
 460 1843 49
 393 1845 42
 375 1859 35
 366 1874 29
 362 1888 23
 359 1897 18
 347 1901 14
 340 1917 9
 338 1928 6
 336 1941 3
 335 1951 0
 333 1955 0
 330 1964 0
 328 1970 0
 328 1976 0
 326 1979 0
 326 1981 0
t01:10:32
 323 1982 0
 323 1987 0
 321 1988 0
 321 2000 0
 321 2000 0
 321 2000 0
 321 2000 0
 321 2000 0
 321 2000 0
 321 2000 0
 321 2000 0
 321 2000 0
 321 2000 0
 321 2000 0
 321 2000 0
 321 2000 0
 320 2000 0
 321 2000 0
 321 2000 0
 320 2000 0
 321 2000 0
 320 2000 0
 320 2000 0
 321 2000 0
 321 2000 0
 320 2000 0
 321 2000 0
 320 2000 0
 321 2000 0
 320 2000 0
 321 2000 0
 320 2000 0
 321 2000 0
 321 2000 0
 321 2000 0
 320 2000 0
 320 2000 0
 321 2000 0
 321 2000 0
 321 2000 0
 323 2000 0
 321 2000 0
 321 2000 0
 320 2000 0
 318 2000 0
 320 2000 0
 320 2000 0
 322 2000 0
 320 2000 0
 320 2000 0
 320 2000 0
 322 2000 0
 320 2000 0
 322 2000 0
 321 2000 0
 329 2018 0
 389 2085 3
 433 2098 8
 461 2099 13
 481 2096 17
t01:10:33
 496 2092 22
 510 2088 26
 521 2080 30
 532 2075 33
 538 2068 37
 547 2062 40
 553 2056 42
 560 2051 45
 565 2044 47
 570 2041 49
 575 2035 51
 579 2032 52
 582 2026 54
 585 2024 55
 587 2020 56
 590 2019 57
 592 2015 57
 592 2013 58
 593 2012 59
 595 2000 59
 595 2000 59
 597 2000 59
 598 2000 59
 596 2000 59
 600 2000 59
 600 2000 59
 601 2000 59
 600 2000 59
 600 2000 59
 600 2000 59
 599 2000 59
 591 1983 58
 512 1871 53
 421 1840 46
 383 1850 39
 371 1867 32
 369 1882 26
 365 1897 21
 354 1900 16
 342 1907 12
 340 1923 8
 338 1931 5
 336 1946 2
 335 1952 0
 331 1961 0
 330 1967 0
 328 1971 0
 326 1976 0
 326 1980 0
 325 1983 0
 323 1986 0
 323 1988 0
 321 1989 0
 321 2000 0
 321 2000 0
 323 2000 0
 321 2000 0
 321 2000 0
 321 2000 0
 321 2000 0
t01:10:34
 321 2000 0
 321 2000 0
 320 2000 0
 321 2000 0
 322 2000 0
 322 2000 0
 321 2000 0
 321 2000 0
 320 2000 0
 321 2000 0
 320 2000 0
 320 2000 0
 320 2000 0
 320 2000 0
 320 2000 0
 320 2000 0
 320 2000 0
 322 2000 0
 320 2000 0
 320 2000 0
 320 2000 0
 320 2000 0
 320 2000 0
 320 2000 0
 320 2000 0
 322 2000 0
 320 2000 0
 320 2000 0
 322 2000 0
 320 2000 0
 322 2000 0
 320 2000 0
 320 2000 0
 320 2000 0
 322 2000 0
 320 2000 0
 320 2000 0
 320 2000 0
 322 2000 0
 320 2000 0
 322 2000 0
 320 2000 0
 322 2000 0
 320 2000 0
 321 2000 0
 349 2048 1
 408 2094 5
 445 2099 9
 470 2098 14
 488 2095 19
 503 2091 23
 515 2086 27
 526 2080 31
 536 2074 35
 543 2068 38
 552 2061 41
 557 2054 43
 563 2047 46
 568 2042 48
 573 2038 50
t01:10:35
 578 2035 51
 581 2028 53
 583 2023 54
 585 2023 55
 590 2021 56
 591 2016 57
 591 2014 58
 595 2014 58
 595 2000 58
 596 2000 58
 596 2000 58
 600 2000 58
 598 2000 58
 600 2000 58
 598 2000 58
 600 2000 58
 598 2000 58
 600 2000 58
 600 2000 58
 601 2000 58
 599 2000 58
 560 1924 56
 462 1845 50
 393 1840 42
 373 1856 35
 368 1875 29
 367 1885 23
 359 1891 18
 345 1903 13
 340 1915 9
 338 1927 6
 337 1943 3
 335 1950 0
 331 1957 0
 330 1964 0
 328 1970 0
 326 1974 0
 325 1979 0
 325 1983 0
 325 1986 0
 323 1990 0
 323 1989 0
 323 2000 0
 321 2000 0
 323 2000 0
 321 2000 0
 321 2000 0
 321 2000 0
 321 2000 0
 321 2000 0
 321 2000 0
 321 2000 0
 321 2000 0
 321 2000 0
 321 2000 0
 321 2000 0
 321 2000 0
 321 2000 0
 320 2000 0
 320 2000 0
t01:10:36
 320 2000 0
 320 2000 0
 320 2000 0
 322 2000 0
 320 2000 0
 320 2000 0
 320 2000 0
 322 2000 0
 320 2000 0
 320 2000 0
 320 2000 0
 322 2000 0
 320 2000 0
 322 2000 0
 320 2000 0
 320 2000 0
 320 2000 0
 322 2000 0
 322 2000 0
 322 2000 0
 320 2000 0
 322 2000 0
 320 2000 0
 320 2000 0
 322 2000 0
 322 2000 0
 320 2000 0
 320 2000 0
 320 2000 0
 322 2000 0
 322 2000 0
 320 2000 0
 322 2000 0
 322 2000 0
 326 2014 0
 386 2084 3
 433 2098 8
 460 2098 12
 479 2097 17
 498 2093 21
 511 2088 26
 521 2081 30
 531 2076 33
 541 2069 37
 548 2062 40
 553 2056 42
 560 2050 45
 565 2045 47
 572 2041 49
 573 2033 51
 578 2031 52
 582 2026 53
 585 2023 55
 587 2019 55
 590 2019 56
 590 2014 57
 591 2015 58
 593 2013 58
 596 2013 59
 595 2000 59
t01:10:37
 598 2000 59
 598 2000 59
 598 2000 59
 600 2000 59
 600 2000 59
 600 2000 59
 600 2000 59
 601 2000 59
 601 2000 59
 599 2000 59
 591 1982 59
 512 1871 54
 421 1843 46
 381 1851 39
 370 1865 33
 363 1879 27
 362 1889 21
 352 1895 16
 343 1910 12
 340 1923 8
 338 1937 5
 337 1943 2
 333 1952 0
 331 1962 0
 330 1967 0
 330 1973 0
 328 1977 0
 326 1981 0
 325 1985 0
 325 1987 0
 323 1988 0
 325 2000 0
 323 2000 0
 321 2000 0
 320 2000 0
 321 2000 0
 321 2000 0
 321 2000 0
 321 2000 0
 321 2000 0
 321 2000 0
 321 2000 0
 321 2000 0
 321 2000 0
 321 2000 0
 321 2000 0
 321 2000 0
 320 2000 0
 321 2000 0
 321 2000 0
 321 2000 0
 320 2000 0
 320 2000 0
 320 2000 0
 321 2000 0
 321 2000 0
 321 2000 0
 321 2000 0
 322 2000 0
 320 2000 0
t01:10:38
 322 2000 0
 320 2000 0
 322 2000 0
 320 2000 0
 320 2000 0
 320 2000 0
 320 2000 0
 320 2000 0
 322 2000 0
 322 2000 0
 320 2000 0
 322 2000 0
 322 2000 0
 322 2000 0
 322 2000 0
 322 2000 0
 322 2000 0
 322 2000 0
 322 2000 0
 322 2000 0
 320 2000 0
 322 2000 0
 322 2000 0
 321 2000 0
 356 2058 1
 414 2095 6
 448 2098 10
 473 2098 15
 489 2094 19
 504 2090 24
 516 2084 28
 526 2078 31
 535 2072 35
 545 2066 38
 550 2058 41
 557 2052 44
 561 2047 46
 568 2045 48
 575 2038 50
 576 2032 51
 581 2029 53
 585 2026 54
 586 2022 55
 588 2020 56
 590 2014 57
 590 2000 57
 591 2000 57
 593 2013 57
 596 2014 58
 596 2012 58
 598 2000 58
 598 2000 58
 600 2000 58
 600 2000 58
 600 2000 58
 598 2000 58
 600 2000 58
 600 2000 58
 601 2000 58
 600 2000 58
t01:10:39
 562 1926 56
 461 1843 50
 393 1840 42
 373 1856 35
 366 1871 29
 361 1885 23
 359 1892 18
 345 1902 13
 340 1916 9
 338 1926 5
 338 1940 2
 335 1947 0
 331 1958 0
 330 1962 0
 328 1970 0
 326 1976 0
 325 1979 0
 325 1982 0
 323 1984 0
 323 1988 0
 321 1988 0
 323 2000 0
 321 2000 0
 321 2000 0
 320 2000 0
 321 2000 0
 321 2000 0
 321 2000 0
 321 2000 0
 321 2000 0
 321 2000 0
 321 2000 0
 321 2000 0
 323 2000 0
 320 2000 0
 321 2000 0
 320 2000 0
 322 2000 0
 320 2000 0
 320 2000 0
 320 2000 0
 320 2000 0
 320 2000 0
 320 2000 0
 322 2000 0
 322 2000 0
 320 2000 0
 322 2000 0
 320 2000 0
 320 2000 0
 320 2000 0
 320 2000 0
 322 2000 0
 320 2000 0
 322 2000 0
 322 2000 0
 322 2000 0
 318 2000 0
 320 2000 0
 320 2000 0
t01:10:40
 322 2000 0
 322 2000 0
 322 2000 0
 322 2000 0
 320 2000 0
 320 2000 0
 322 2000 0
 322 2000 0
 320 2000 0
 320 2000 0
 322 2000 0
 322 2000 0
 321 2000 0
 328 2017 0
 388 2084 3
 433 2098 8
 461 2099 13
 479 2096 17
 496 2092 22
 508 2086 26
 521 2081 30
 530 2074 33
 538 2068 37
 547 2062 40
 553 2056 42
 560 2051 45
 565 2045 47
 570 2039 49
 574 2035 51
 578 2031 52
 582 2027 53
 585 2023 55
 587 2020 56
 590 2019 57
 591 2017 57
 593 2014 58
 593 2000 58
 595 2000 58
 596 2000 58
 596 2000 58
 596 2000 58
 596 2000 58
 598 2000 58
 598 2000 58
 598 2000 58
 600 2000 58
 598 2000 58
 600 2000 58
 597 2000 58
 590 1982 58
 508 1869 53
 418 1840 45
 381 1853 38
 370 1865 32
 367 1878 26
 360 1890 20
 352 1899 16
 343 1912 11
 340 1924 8
 338 1933 4
 335 1943 1
t01:10:41
 333 1952 0
 331 1961 0
 330 1966 0
 328 1971 0
 326 1977 0
 325 1980 0
 325 1984 0
 323 1987 0
 321 1988 0
 323 2000 0
 321 2000 0
 321 2000 0
 321 2000 0
 323 2000 0
 321 2000 0
 321 2000 0
 321 2000 0
 321 2000 0
 321 2000 0
 321 2000 0
 321 2000 0
 321 2000 0
 320 2000 0
 321 2000 0
 321 2000 0
 321 2000 0
 321 2000 0
 321 2000 0
 320 2000 0
 320 2000 0
 321 2000 0
 320 2000 0
 320 2000 0
 320 2000 0
 320 2000 0
 320 2000 0
 321 2000 0
 322 2000 0
 322 2000 0
 320 2000 0
 322 2000 0
 320 2000 0
 322 2000 0
 320 2000 0
 322 2000 0
 320 2000 0
 322 2000 0
 322 2000 0
 322 2000 0
 322 2000 0
 323 2000 0
 322 2000 0
 322 2000 0
 320 2000 0
 320 2000 0
 320 2000 0
 322 2000 0
 320 2000 0
 322 2000 0
t01:10:42
 322 2000 0
 320 2000 0
 321 2000 0
 356 2059 1
 414 2095 6
 448 2099 10
 472 2097 15
 488 2094 19
 503 2089 24
 515 2083 28
 525 2078 31
 535 2073 35
 543 2067 38
 550 2059 41
 557 2052 44
 560 2047 46
 568 2043 48
 572 2036 50
 577 2033 51
 578 2027 53
 580 2023 54
 583 2020 55
 586 2020 56
 588 2019 57
 590 2014 57
 591 2000 58
 591 2013 58
 595 2012 59
 596 2000 59
 596 2000 59
 598 2000 59
 598 2000 59
 600 2000 59
 598 2000 59
 599 2000 59
 598 2000 59
 599 2000 59
 599 2000 59
 597 2000 59
 557 1924 56
 458 1845 50
 393 1841 42
 375 1863 35
 368 1874 29
 365 1886 24
 360 1900 19
 345 1905 14
 340 1914 10
 338 1928 6
 336 1941 3
 335 1950 1
 333 1956 0
 330 1963 0
 328 1969 0
 325 1972 0
 325 1979 0
 323 1983 0
 326 1988 0
 323 1988 0
 325 2000 0
 321 1990 0
t01:10:43
 321 2000 0
 321 2000 0
 321 2000 0
 320 2000 0
 321 2000 0
 321 2000 0
 321 2000 0
 321 2000 0
 321 2000 0
 320 2000 0
 318 2000 0
 320 2000 0
 320 2000 0
 321 2000 0
 321 2000 0
 321 2000 0
 320 2000 0
 321 2000 0
 320 2000 0
 321 2000 0
 320 2000 0
 321 2000 0
 320 2000 0
 321 2000 0
 321 2000 0
 321 2000 0
 321 2000 0
 321 2000 0
 320 2000 0
 320 2000 0
 320 2000 0
 321 2000 0
 321 2000 0
 321 2000 0
 320 2000 0
 321 2000 0
 320 2000 0
 320 2000 0
 320 2000 0
 320 2000 0
 320 2000 0
 320 2000 0
 320 2000 0
 320 2000 0
 322 2000 0
 322 2000 0
 322 2000 0
 322 2000 0
 322 2000 0
 320 2000 0
 321 2000 0
 328 2018 0
 389 2085 3
 433 2098 8
 461 2099 13
 481 2096 17
 497 2093 22
 511 2087 26
 519 2080 30
 531 2075 33
t01:10:44
 539 2070 37
 548 2064 40
 554 2057 43
 561 2050 45
 566 2045 47
 571 2039 49
 574 2036 51
 578 2029 52
 581 2025 54
 583 2023 55
 588 2023 56
 588 2018 57
 589 2014 57
 593 2014 58
 595 2012 58
 596 2000 59
 596 2000 59
 598 2000 59
 596 2000 59
 598 2000 59
 598 2000 59
 598 2000 59
 598 2000 59
 598 2000 59
 598 2000 59
 599 2000 59
 596 2000 59
 590 1983 58
 509 1870 53
 417 1840 46
 378 1850 39
 371 1866 32
 365 1878 26
 364 1889 21
 352 1898 16
 343 1908 11
 338 1922 8
 338 1938 4
 336 1946 2
 333 1953 0
 330 1958 0
 328 1968 0
 330 1976 0
 326 1978 0
 325 1981 0
 325 1984 0
 325 1986 0
 323 1986 0
 323 1988 0
 321 2000 0
 321 2000 0
 321 2000 0
 321 2000 0
 321 2000 0
 321 2000 0
 320 2000 0
 321 2000 0
 320 2000 0
 320 2000 0
 321 2000 0
t01:10:45
 321 2000 0
 320 2000 0
 321 2000 0
 320 2000 0
 321 2000 0
 320 2000 0
 320 2000 0
 320 2000 0
 321 2000 0
 320 2000 0
 321 2000 0
 321 2000 0
 320 2000 0
 321 2000 0
 321 2000 0
 321 2000 0
 321 2000 0
 321 2000 0
 321 2000 0
 321 2000 0
 321 2000 0
 321 2000 0
 320 2000 0
 320 2000 0
 320 2000 0
 320 2000 0
 320 2000 0
 321 2000 0
 320 2000 0
 321 2000 0
 321 2000 0
 321 2000 0
 321 2000 0
 321 2000 0
 321 2000 0
 321 2000 0
 321 2000 0
 323 2000 0
 322 2000 0
 321 2000 0
 321 2000 0
 356 2059 1
 414 2095 6
 449 2098 10
 472 2098 15
 489 2094 19
 502 2090 24
 516 2084 28
 524 2077 31
 535 2073 35
 543 2066 38
 551 2060 41
 556 2053 44
 561 2046 46
 566 2041 48
 571 2037 50
 576 2033 51
 578 2029 53
 583 2025 54
 584 2022 55
t01:10:46
 588 2021 56
 589 2014 57
 591 2015 58
 593 2014 58
 595 2000 59
 593 2000 59
 595 2000 59
 594 2000 59
 598 2000 59
 598 2000 59
 599 2000 59
 597 2000 59
 601 2000 59
 596 2000 59
 597 2000 59
 599 2000 59
 598 2000 59
 557 1924 56
 460 1843 50
 393 1842 42
 374 1858 35
 368 1874 29
 361 1886 23
 359 1894 18
 345 1907 14
 340 1915 10
 338 1929 6
 335 1938 3
 333 1949 0
 331 1957 0
 331 1966 0
 330 1972 0
 326 1973 0
 326 1978 0
 325 1982 0
 325 1987 0
 323 1988 0
 323 1989 0
 321 1990 0
 321 2000 0
 323 2000 0
 321 2000 0
 321 2000 0
 321 2000 0
 321 2000 0
 321 2000 0
 321 2000 0
 321 2000 0
 321 2000 0
 321 2000 0
 320 2000 0
 321 2000 0
 320 2000 0
 321 2000 0
 321 2000 0
 320 2000 0
 321 2000 0
 320 2000 0
 321 2000 0
t01:10:47
 322 2000 0
 322 2000 0
 321 2000 0
 320 2000 0
 320 2000 0
 320 2000 0
 320 2000 0
 321 2000 0
 322 2000 0
 322 2000 0
 320 2000 0
 321 2000 0
 320 2000 0
 322 2000 0
 320 2000 0
 320 2000 0
 320 2000 0
 322 2000 0
 322 2000 0
 322 2000 0
 322 2000 0
 322 2000 0
 320 2000 0
 322 2000 0
 320 2000 0
 320 2000 0
 320 2000 0
 322 2000 0
 322 2000 0
 322 2000 0
 321 2000 0
 322 2000 0
 379 2080 3
 430 2097 7
 458 2099 12
 477 2097 16
 494 2093 21
 507 2089 25
 519 2082 29
 529 2076 33
 539 2069 36
 544 2063 39
 553 2058 42
 558 2051 44
 564 2046 47
 569 2040 49
 573 2035 50
 578 2032 52
 581 2026 53
 581 2022 54
 586 2021 55
 588 2018 56
 591 2016 57
 591 2014 58
 593 2012 58
 593 2000 58
 595 2000 58
 593 2000 58
 596 2000 58
 596 2000 58
 598 2000 58
t01:10:48
 598 2000 58
 599 2000 58
 599 2000 58
 599 2000 58
 601 2000 58
 600 2000 58
 591 1983 58
 512 1872 53
 420 1836 46
 380 1849 38
 370 1864 32
 369 1879 26
 364 1890 20
 352 1897 15
 342 1911 11
 338 1924 7
 336 1934 4
 335 1943 1
 335 1955 0
 331 1961 0
 330 1965 0
 326 1970 0
 326 1977 0
 325 1979 0
 325 1985 0
 323 1984 0
 321 1987 0
 321 2000 0
 321 2000 0
 321 2000 0
 321 2000 0
 321 2000 0
 321 2000 0
 321 2000 0
 321 2000 0
 321 2000 0
 321 2000 0
 321 2000 0
 320 2000 0
 321 2000 0
 321 2000 0
 321 2000 0
 321 2000 0
 321 2000 0
 321 2000 0
 321 2000 0
 320 2000 0
 321 2000 0
 320 2000 0
 320 2000 0
 320 2000 0
 320 2000 0
 320 2000 0
 321 2000 0
 320 2000 0
 322 2000 0
 322 2000 0
 320 2000 0
 320 2000 0
 320 2000 0
t01:10:49
 322 2000 0
 320 2000 0
 322 2000 0
 322 2000 0
 320 2000 0
 322 2000 0
 320 2000 0
 320 2000 0
 320 2000 0
 320 2000 0
 322 2000 0
 320 2000 0
 322 2000 0
 322 2000 0
 320 2000 0
 322 2000 0
 320 2000 0
 322 2000 0
 322 2000 0
 321 2000 0
 353 2055 1
 411 2094 5
 446 2099 10
 472 2098 15
 487 2095 19
 502 2090 23
 514 2084 28
 524 2077 31
 533 2072 35
 541 2066 38
 549 2060 41
 556 2053 43
 561 2047 46
 564 2041 48
 571 2038 50
 574 2032 51
 576 2028 52
 579 2025 54
 583 2023 55
 586 2017 56
 586 2014 56
 589 2014 57
 589 2013 58
 591 2000 58
 591 2000 58
 593 2000 58
 593 2000 58
 594 2000 58
 594 2000 58
 596 2000 58
 596 2000 58
 597 2000 58
 596 2000 58
 597 2000 58
 597 2000 58
 599 2000 58
 557 1925 55
 462 1844 49
 394 1841 41
 375 1862 34
t01:10:50
 368 1873 28
 365 1888 23
 359 1894 18
 347 1904 13
 342 1915 9
 337 1930 5
 335 1938 2
 335 1951 0
 333 1958 0
 331 1964 0
 328 1970 0
 328 1976 0
 328 1980 0
 325 1982 0
 325 1985 0
 323 1987 0
 323 1990 0
 321 2000 0
 323 2000 0
 323 2000 0
 321 2000 0
 321 2000 0
 323 2000 0
 321 2000 0
 321 2000 0
 320 2000 0
 321 2000 0
 321 2000 0
 321 2000 0
 320 2000 0
 321 2000 0
 320 2000 0
 322 2000 0
 320 2000 0
 322 2000 0
 320 2000 0
 322 2000 0
 320 2000 0
 322 2000 0
 322 2000 0
 322 2000 0
 320 2000 0
 322 2000 0
 320 2000 0
 322 2000 0
 320 2000 0
 320 2000 0
 322 2000 0
 322 2000 0
 322 2000 0
 322 2000 0
 322 2000 0
 322 2000 0
 322 2000 0
 320 2000 0
 322 2000 0
 320 2000 0
 320 2000 0
 320 2000 0
 320 2000 0
t01:10:51
 320 2000 0
 322 2000 0
 322 2000 0
 322 2000 0
 320 2000 0
 322 2000 0
 322 2000 0
 322 2000 0
 321 2000 0
 327 2015 0
 385 2083 3
 431 2098 8
 460 2098 12
 477 2096 17
 496 2092 21
 509 2088 26
 518 2080 29
 528 2075 33
 536 2069 36
 546 2063 39
 553 2057 42
 556 2050 45
 564 2046 47
 570 2040 49
 573 2034 51
 576 2032 52
 581 2027 53
 581 2021 55
 585 2021 56
 588 2017 56
 588 2014 57
 590 2013 58
 591 2000 58
 593 2000 58
 595 2000 58
 593 2000 58
 595 2000 58
 595 2000 58
 596 2000 58
 595 2000 58
 596 2000 58
 596 2000 58
 596 2000 58
 596 2000 58
 597 2000 58
 588 1981 58
 509 1872 53
 417 1838 45
 380 1851 38
 370 1864 31
 364 1883 26
 364 1895 21
 352 1902 16
 343 1909 11
 340 1925 8
 338 1934 4
 335 1943 2
 333 1954 0
 331 1959 0
t01:10:52
 330 1967 0
 328 1974 0
 328 1978 0
 325 1980 0
 325 1984 0
 325 1987 0
 323 1990 0
 323 2000 0
 323 2000 0
 321 2000 0
 321 2000 0
 321 2000 0
 321 2000 0
 321 2000 0
 321 2000 0
 321 2000 0
 321 2000 0
 321 2000 0
 321 2000 0
 320 2000 0
 318 2000 0
 320 2000 0
 318 2000 0
 320 2000 0
 320 2000 0
 320 2000 0
 320 2000 0
 321 2000 0
 322 2000 0
 322 2000 0
 320 2000 0
 322 2000 0
 322 2000 0
 322 2000 0
 322 2000 0
 320 2000 0
 320 2000 0
 320 2000 0
 322 2000 0
 320 2000 0
 320 2000 0
 320 2000 0
 320 2000 0
 320 2000 0
 320 2000 0
 320 2000 0
 320 2000 0
 322 2000 0
 320 2000 0
 322 2000 0
 322 2000 0
 322 2000 0
 320 2000 0
 322 2000 0
 320 2000 0
 322 2000 0
 322 2000 0
 322 2000 0
 320 2000 0
 321 2000 0
t01:10:53
 356 2059 1
 414 2095 6
 448 2098 10
 473 2098 15
 489 2095 19
 503 2090 24
 514 2083 28
 524 2077 31
 535 2072 35
 543 2066 38
 550 2059 41
 555 2052 44
 561 2047 46
 566 2041 48
 572 2037 50
 575 2033 51
 578 2028 53
 581 2025 54
 585 2023 55
 586 2018 56
 590 2017 57
 588 2014 57
 591 2013 58
 591 2000 58
 593 2000 58
 593 2000 58
 595 2000 58
 595 2000 58
 596 2000 58
 596 2000 58
 596 2000 58
 598 2000 58
 598 2000 58
 598 2000 58
 598 2000 58
 597 2000 58
 557 1925 56
 462 1847 49
 397 1845 42
 377 1859 35
 368 1876 29
 361 1887 23
 359 1894 18
 347 1904 14
 340 1917 9
 338 1930 6
 337 1939 3
 337 1951 1
 333 1959 0
 330 1963 0
 328 1969 0
 328 1974 0
 325 1978 0
 326 1982 0
 323 1984 0
 325 1988 0
 323 1989 0
 323 2000 0
 321 2000 0
 321 2000 0
t01:10:54
 321 2000 0
 323 2000 0
 322 2000 0
 322 2000 0
 322 2000 0
 322 2000 0
 322 2000 0
 322 2000 0
 320 2000 0
 320 2000 0
 320 2000 0
 320 2000 0
 322 2000 0
 320 2000 0
 320 2000 0
 320 2000 0
 322 2000 0
 320 2000 0
 322 2000 0
 320 2000 0
 322 2000 0
 318 2000 0
 320 2000 0
 322 2000 0
 322 2000 0
 320 2000 0
 322 2000 0
 320 2000 0
 320 2000 0
 320 2000 0
 322 2000 0
 320 2000 0
 322 2000 0
 322 2000 0
 322 2000 0
 322 2000 0
 320 2000 0
 320 2000 0
 322 2000 0
 320 2000 0
 320 2000 0
 320 2000 0
 320 2000 0
 320 2000 0
 320 2000 0
 322 2000 0
 320 2000 0
 320 2000 0
 321 2000 0
 328 2018 0
 388 2085 3
 432 2098 8
 459 2098 13
 479 2097 17
 496 2093 22
 511 2088 26
 520 2080 30
 531 2076 33
 538 2068 37
 546 2063 40
t01:10:55
 553 2056 43
 560 2051 45
 565 2044 47
 570 2039 49
 573 2034 51
 576 2031 52
 580 2026 54
 583 2024 55
 585 2018 56
 586 2016 56
 588 2014 57
 590 2013 58
 591 2013 58
 593 2000 58
 595 2000 58
 595 2000 58
 598 2000 59
 595 2000 59
 598 2000 59
 596 2000 59
 598 2000 59
 596 2000 59
 598 2000 59
 596 2000 59
 599 2000 59
 590 1982 58
 509 1868 53
 419 1836 46
 381 1848 38
 370 1865 32
 369 1882 26
 362 1894 21
 352 1898 16
 342 1908 12
 338 1924 8
 336 1935 5
 336 1949 2
 335 1955 0
 333 1962 0
 330 1967 0
 328 1972 0
 326 1976 0
 326 1980 0
 324 1983 0
 323 1987 0
 321 1987 0
 321 1990 0
 321 2000 0
 323 2000 0
 321 2000 0
 321 2000 0
 321 2000 0
 321 2000 0
 321 2000 0
 321 2000 0
 321 2000 0
 321 2000 0
 321 2000 0
 320 2000 0
 321 2000 0
 320 2000 0
t01:10:56
 321 2000 0
 320 2000 0
 321 2000 0
 320 2000 0
 321 2000 0
 321 2000 0
 321 2000 0
 320 2000 0
 321 2000 0
 320 2000 0
 321 2000 0
 320 2000 0
 320 2000 0
 321 2000 0
 320 2000 0
 320 2000 0
 321 2000 0
 320 2000 0
 322 2000 0
 322 2000 0
 322 2000 0
 322 2000 0
 320 2000 0
 320 2000 0
 320 2000 0
 322 2000 0
 320 2000 0
 322 2000 0
 320 2000 0
 322 2000 0
 322 2000 0
 322 2000 0
 320 2000 0
 322 2000 0
 322 2000 0
 321 2000 0
 321 2000 0
 321 2000 0
 357 2059 1
 414 2095 6
 448 2099 10
 472 2098 15
 488 2093 19
 503 2090 24
 515 2084 28
 525 2078 31
 533 2071 35
 542 2066 38
 550 2058 41
 555 2052 44
 560 2046 46
 567 2042 48
 572 2038 50
 577 2034 51
 579 2028 53
 580 2023 54
 583 2022 55
 587 2021 56
 590 2017 57
t01:10:57
 590 2013 57
 591 2000 58
 591 2000 58
 595 2000 58
 593 2000 58
 595 2000 58
 596 2000 58
 598 2000 58
 598 2000 58
 600 2000 58
 596 2000 58
 600 2000 58
 596 2000 58
 601 2000 58
 597 2000 58
 557 1923 55
 459 1844 49
 393 1844 41
 373 1859 34
 368 1874 28
 365 1886 23
 358 1895 18
 345 1904 13
 340 1917 9
 338 1927 5
 336 1942 2
 335 1949 0
 333 1961 0
 331 1962 0
 328 1967 0
 326 1973 0
 324 1979 0
 324 1984 0
 324 1987 0
 323 1987 0
 323 1990 0
 323 2000 0
 321 2000 0
 323 2000 0
 321 2000 0
 321 2000 0
 321 2000 0
 321 2000 0
 321 2000 0
 321 2000 0
 321 2000 0
 321 2000 0
 320 2000 0
 321 2000 0
 321 2000 0
 321 2000 0
 320 2000 0
 321 2000 0
 320 2000 0
 320 2000 0
 320 2000 0
 320 2000 0
 320 2000 0
 321 2000 0
 321 2000 0
t01:10:58
 321 2000 0
 320 2000 0
 320 2000 0
 320 2000 0
 321 2000 0
 321 2000 0
 320 2000 0
 321 2000 0
 320 2000 0
 321 2000 0
 322 2000 0
 322 2000 0
 321 2000 0
 321 2000 0
 322 2000 0
 322 2000 0
 322 2000 0
 322 2000 0
 320 2000 0
 320 2000 0
 320 2000 0
 322 2000 0
 322 2000 0
 322 2000 0
 320 2000 0
 322 2000 0
 320 2000 0
 322 2000 0
 326 2013 0
 386 2083 3
 431 2097 8
 459 2098 12
 479 2096 17
 496 2092 21
 509 2088 26
 519 2082 30
 530 2075 33
 538 2069 36
 546 2062 39
 552 2055 42
 558 2050 45
 563 2044 47
 568 2039 49
 572 2035 50
 577 2031 52
 580 2028 53
 583 2025 54
 585 2021 55
 590 2018 56
 588 2014 57
 593 2015 58
 591 2000 58
 593 2000 58
 593 2000 58
 595 2000 58
 595 2000 58
 596 2000 58
 598 2000 58
 596 2000 58
 598 2000 58
t01:10:59
 598 2000 58
 598 2000 58
 600 2000 58
 599 2000 58
 591 1983 58
 509 1870 53
 418 1835 45
 380 1848 38
 369 1873 32
 363 1879 26
 362 1894 21
 352 1898 16
 342 1907 11
 338 1925 7
 338 1936 4
 337 1948 2
 333 1954 0
 331 1964 0
 330 1967 0
 328 1972 0
 325 1975 0
 325 1981 0
 325 1984 0
 325 1988 0
 323 1988 0
 323 2000 0
 321 2000 0
 321 2000 0
 321 2000 0
 321 2000 0
 323 2000 0
 321 2000 0
 321 2000 0
 321 2000 0
 321 2000 0
 321 2000 0
 320 2000 0
 320 2000 0
 321 2000 0
 321 2000 0
 321 2000 0
 320 2000 0
 321 2000 0
 321 2000 0
 321 2000 0
 320 2000 0
 321 2000 0
 320 2000 0
 321 2000 0
 320 2000 0
 321 2000 0
 320 2000 0
 321 2000 0
 320 2000 0
 321 2000 0
 320 2000 0
 321 2000 0
 320 2000 0
 320 2000 0
 320 2000 0
t01:11:00
 320 2000 0
 320 2000 0
 321 2000 0
 320 2000 0
 321 2000 0
 320 2000 0
 320 2000 0
 320 2000 0
 321 2000 0
 321 2000 0
 321 2000 0
 320 2000 0
 321 2000 0
 321 2000 0
 321 2000 0
 321 2000 0
 321 2000 0
 321 2000 0
 356 2058 1
 413 2094 5
 448 2098 10
 472 2098 15
 488 2095 19
 503 2090 24
 515 2084 28
 525 2077 31
 533 2070 35
 543 2066 38
 548 2059 41
 555 2053 43
 562 2047 46
 568 2043 48
 572 2037 50
 575 2032 51
 578 2026 53
 581 2024 54
 583 2020 55
 585 2020 56
 588 2017 57
 589 2014 57
 591 2012 58
 593 2012 58
 593 2000 58
 595 2000 58
 595 2000 58
 595 2000 58
 596 2000 58
 596 2000 58
 598 2000 58
 596 2000 58
 597 2000 58
 597 2000 58
 599 2000 58
 597 2000 58
 557 1925 56
 462 1845 50
 394 1840 42
 375 1862 35
 366 1875 29
 362 1889 23
t01:11:01
 360 1896 18
 345 1904 14
 340 1916 10
 338 1933 6
 336 1944 3
 335 1949 1
 331 1959 0
 331 1966 0
 330 1972 0
 328 1974 0
 326 1978 0
 325 1982 0
 325 1987 0
 323 1987 0
 323 1990 0
 323 2000 0
 323 2000 0
 321 2000 0
 323 2000 0
 321 2000 0
 321 2000 0
 321 2000 0
 321 2000 0
 321 2000 0
 321 2000 0
 321 2000 0
 320 2000 0
 321 2000 0
 320 2000 0
 321 2000 0
 321 2000 0
 323 2000 0
 321 2000 0
 321 2000 0
 320 2000 0
 321 2000 0
 320 2000 0
 321 2000 0
 320 2000 0
 321 2000 0
 321 2000 0
 320 2000 0
 320 2000 0
 321 2000 0
 321 2000 0
 321 2000 0
 321 2000 0
 320 2000 0
 321 2000 0
 321 2000 0
 320 2000 0
 320 2000 0
 320 2000 0
 321 2000 0
 322 2000 0
 320 2000 0
 322 2000 0
 320 2000 0
 322 2000 0
 320 2000 0
t01:11:02
 322 2000 0
 320 2000 0
 322 2000 0
 322 2000 0
 322 2000 0
 320 2000 0
 321 2000 0
 322 2000 0
 379 2079 2
 428 2097 7
 458 2098 12
 477 2096 16
 494 2093 21
 508 2089 25
 518 2082 29
 529 2077 33
 538 2070 36
 546 2064 39
 553 2057 42
 558 2051 44
 564 2047 47
 569 2040 49
 574 2035 50
 578 2031 52
 581 2028 53
 584 2023 54
 586 2021 55
 588 2017 56
 589 2014 57
 591 2013 58
 591 2000 58
 596 2014 58
 595 2000 58
 596 2000 58
 596 2000 58
 598 2000 58
 598 2000 58
 598 2000 58
 598 2000 58
 599 2000 58
 598 2000 58
 599 2000 58
 598 2000 58
 591 1983 58
 510 1871 53
 420 1837 45
 381 1850 38
 373 1865 31
 368 1881 26
 362 1895 20
 351 1899 16
 343 1910 11
 340 1925 8
 338 1937 4
 336 1944 2
 333 1952 0
 331 1959 0
 328 1966 0
 328 1970 0
 324 1976 0
t01:11:03
 324 1981 0
 324 1985 0
 322 1988 0
 324 2000 0
 323 2000 0
 323 2000 0
 321 2000 0
 321 2000 0
 321 2000 0
 321 2000 0
 323 2000 0
 321 2000 0
 321 2000 0
 321 2000 0
 321 2000 0
 321 2000 0
 321 2000 0
 321 2000 0
 321 2000 0
 320 2000 0
 321 2000 0
 321 2000 0
 321 2000 0
 321 2000 0
 321 2000 0
 320 2000 0
 321 2000 0
 320 2000 0
 321 2000 0
 321 2000 0
 321 2000 0
 321 2000 0
 321 2000 0
 321 2000 0
 321 2000 0
 321 2000 0
 320 2000 0
 320 2000 0
 320 2000 0
 321 2000 0
 322 2000 0
 322 2000 0
 322 2000 0
 322 2000 0
 322 2000 0
 322 2000 0
 320 2000 0
 321 2000 0
 320 2000 0
 322 2000 0
 320 2000 0
 322 2000 0
 320 2000 0
 322 2000 0
 320 2000 0
 322 2000 0
 322 2000 0
 354 2055 1
 412 2095 5
 448 2099 10
t01:11:04
 472 2098 15
 489 2095 19
 504 2092 24
 516 2085 28
 526 2078 31
 536 2073 35
 544 2068 38
 553 2062 41
 560 2053 44
 563 2048 46
 571 2043 48
 573 2038 50
 578 2034 52
 581 2029 53
 584 2026 55
 588 2021 56
 589 2018 56
 591 2016 57
 595 2014 58
 595 2000 58
 596 2000 58
 595 2000 58
 598 2000 58
 598 2000 58
 600 2000 58
 598 2000 58
 600 2000 58
 598 2000 58
 601 2000 58
 599 2000 58
 601 2000 58
 601 2000 58
 600 2000 58
 558 1924 56
 462 1845 49
 393 1841 42
 373 1857 35
 367 1870 29
 364 1888 23
 359 1893 18
 347 1902 13
 342 1920 9
 338 1928 6
 337 1939 3
 335 1949 0
 333 1956 0
 331 1962 0
 330 1967 0
 326 1972 0
 326 1978 0
 325 1982 0
 325 1985 0
 323 1987 0
 323 2000 0
 323 2000 0
 323 2000 0
 321 2000 0
 321 2000 0
 321 2000 0
 323 2000 0
t01:11:05
 323 2000 0
 321 2000 0
 321 2000 0
 321 2000 0
 321 2000 0
 320 2000 0
 320 2000 0
 321 2000 0
 321 2000 0
 321 2000 0
 321 2000 0
 321 2000 0
 321 2000 0
 321 2000 0
 321 2000 0
 320 2000 0
 320 2000 0
 320 2000 0
 320 2000 0
 320 2000 0
 320 2000 0
 320 2000 0
 320 2000 0
 320 2000 0
 320 2000 0
 320 2000 0
 322 2000 0
 320 2000 0
 322 2000 0
 322 2000 0
 321 2000 0
 320 2000 0
 320 2000 0
 320 2000 0
 322 2000 0
 322 2000 0
 322 2000 0
 320 2000 0
 322 2000 0
 322 2000 0
 322 2000 0
 320 2000 0
 320 2000 0
 320 2000 0
 322 2000 0
 321 2000 0
 322 2000 0
 382 2081 3
 430 2098 7
 459 2098 12
 479 2097 16
 496 2094 21
 508 2088 25
 519 2082 29
 529 2076 33
 538 2069 36
 546 2064 39
 554 2058 42
 560 2051 45
 565 2046 47
t01:11:06
 570 2040 49
 575 2037 50
 578 2031 52
 581 2026 53
 583 2021 54
 586 2022 55
 588 2016 56
 589 2015 57
 591 2014 58
 595 2015 58
 595 2000 59
 596 2000 59
 596 2000 59
 598 2000 59
 598 2000 59
 598 2000 59
 599 2000 59
 599 2000 59
 601 2000 59
 599 2000 59
 601 2000 59
 600 2000 59
 592 1983 58
 513 1871 53
 421 1833 46
 382 1853 38
 371 1872 32
 364 1878 26
 365 1892 21
 352 1896 16
 343 1909 12
 340 1922 8
 338 1934 5
 333 1943 2
 331 1954 0
 330 1962 0
 330 1969 0
 328 1973 0
 328 1979 0
 326 1982 0
 325 1985 0
 325 1986 0
 325 1989 0
 323 1988 0
 321 2000 0
 321 2000 0
 323 2000 0
 321 2000 0
 321 2000 0
 321 2000 0
 321 2000 0
 321 2000 0
 320 2000 0
 321 2000 0
 321 2000 0
 321 2000 0
 320 2000 0
 321 2000 0
 320 2000 0
 321 2000 0
t01:11:07
 322 2000 0
 322 2000 0
 322 2000 0
 322 2000 0
 322 2000 0
 322 2000 0
 320 2000 0
 321 2000 0
 320 2000 0
 322 2000 0
 320 2000 0
 320 2000 0
 320 2000 0
 320 2000 0
 320 2000 0
 322 2000 0
 322 2000 0
 320 2000 0
 320 2000 0
 320 2000 0
 320 2000 0
 320 2000 0
 322 2000 0
 322 2000 0
 320 2000 0
 322 2000 0
 322 2000 0
 322 2000 0
 322 2000 0
 322 2000 0
 322 2000 0
 322 2000 0
 322 2000 0
 322 2000 0
 322 2000 0
 321 2000 0
 354 2056 1
 412 2094 5
 448 2098 10
 470 2098 15
 489 2095 19
 502 2091 24
 516 2085 28
 526 2078 31
 535 2073 35
 543 2066 38
 551 2062 41
 558 2053 44
 563 2048 46
 568 2041 48
 573 2039 50
 578 2033 52
 580 2029 53
 583 2025 54
 586 2024 55
 590 2020 56
 591 2017 57
 591 2013 58
 595 2014 58
 595 2000 59
 596 2000 59
t01:11:08
 598 2000 59
 596 2000 59
 600 2000 59
 600 2000 59
 598 2000 59
 598 2000 59
 598 2000 59
 598 2000 59
 600 2000 59
 599 2000 59
 600 2000 59
 557 1922 57
 459 1845 50
 395 1841 42
 373 1857 35
 366 1871 29
 361 1889 23
 357 1894 18
 345 1904 14
 338 1917 9
 338 1930 6
 336 1938 3
 335 1952 0
 333 1958 0
 330 1965 0
 328 1970 0
 326 1975 0
 325 1979 0
 326 1984 0
 325 1984 0
 321 1987 0
 323 2000 0
 321 2000 0
 321 2000 0
 323 2000 0
 321 2000 0
 321 2000 0
 321 2000 0
 321 2000 0
 321 2000 0
 320 2000 0
 321 2000 0
 321 2000 0
 321 2000 0
 321 2000 0
 321 2000 0
 320 2000 0
 321 2000 0
 320 2000 0
 322 2000 0
 320 2000 0
 321 2000 0
 320 2000 0
 322 2000 0
 320 2000 0
 322 2000 0
 320 2000 0
 322 2000 0
 322 2000 0
t01:11:09
 321 2000 0
 320 2000 0
 320 2000 0
 320 2000 0
 320 2000 0
 320 2000 0
 322 2000 0
 322 2000 0
 320 2000 0
 322 2000 0
 322 2000 0
 322 2000 0
 320 2000 0
 322 2000 0
 320 2000 0
 322 2000 0
 320 2000 0
 320 2000 0
 320 2000 0
 322 2000 0
 322 2000 0
 322 2000 0
 320 2000 0
 322 2000 0
 320 2000 0
 327 2017 0
 387 2085 3
 433 2098 8
 460 2098 13
 481 2097 17
 497 2093 22
 511 2088 26
 521 2082 30
 531 2076 33
 539 2069 37
 548 2063 40
 555 2056 43
 560 2051 45
 566 2046 47
 573 2041 49
 576 2035 51
 578 2031 53
 581 2025 54
 585 2023 55
 588 2020 56
 588 2015 57
 591 2015 57
 591 2000 58
 593 2000 58
 593 2000 58
 596 2000 58
 595 2000 58
 598 2000 58
 598 2000 58
 600 2000 58
 598 2000 58
 601 2000 58
 598 2000 58
 601 2000 58
 600 2000 58
t01:11:10
 600 2000 58
 592 1980 57
 510 1870 53
 422 1840 45
 383 1851 38
 372 1862 31
 367 1877 25
 364 1891 20
 352 1895 15
 342 1909 10
 338 1922 7
 338 1932 3
 336 1947 1
 333 1951 0
 331 1961 0
 330 1968 0
 328 1970 0
 326 1975 0
 323 1978 0
 325 1984 0
 323 1986 0
 323 1990 0
 321 2000 0
 323 2000 0
 321 2000 0
 321 2000 0
 321 2000 0
 321 2000 0
 321 2000 0
 321 2000 0
 320 2000 0
 321 2000 0
 320 2000 0
 321 2000 0
 320 2000 0
 321 2000 0
 321 2000 0
 321 2000 0
 320 2000 0
 321 2000 0
 322 2000 0
 322 2000 0
 322 2000 0
 322 2000 0
 322 2000 0
 322 2000 0
 322 2000 0
 322 2000 0
 322 2000 0
 320 2000 0
 322 2000 0
 320 2000 0
 321 2000 0
 320 2000 0
 320 2000 0
 320 2000 0
 322 2000 0
 320 2000 0
 320 2000 0
 320 2000 0
 322 2000 0
t01:11:11
 318 2000 0
 320 2000 0
 320 2000 0
 322 2000 0
 322 2000 0
 322 2000 0
 320 2000 0
 322 2000 0
 320 2000 0
 322 2000 0
 322 2000 0
 320 2000 0
 320 2000 0
 321 2000 0
 354 2057 1
 413 2095 5
 447 2098 10
 472 2098 15
 488 2095 19
 504 2091 24
 516 2084 28
 526 2079 31
 535 2072 35
 543 2066 38
 550 2059 41
 556 2053 44
 563 2048 46
 566 2041 48
 573 2038 50
 576 2032 51
 580 2029 53
 583 2025 54
 586 2023 55
 588 2019 56
 590 2016 57
 590 2012 58
 593 2014 58
 595 2013 59
 595 2000 59
 598 2000 59
 598 2000 59
 598 2000 59
 600 2000 59
 598 2000 59
 600 2000 59
 600 2000 59
 600 2000 59
 601 2000 59
 600 2000 59
 600 2000 59
 558 1921 57
 459 1841 50
 393 1847 42
 373 1856 35
 366 1871 29
 367 1887 23
 359 1893 18
 346 1902 14
 340 1916 9
 338 1929 6
t01:11:12
 336 1939 3
 335 1947 0
 331 1956 0
 330 1962 0
 328 1969 0
 328 1976 0
 326 1980 0
 326 1983 0
 325 1983 0
 325 1987 0
 323 1988 0
 323 2000 0
 321 2000 0
 321 2000 0
 321 2000 0
 321 2000 0
 321 2000 0
 321 2000 0
 321 2000 0
 321 2000 0
 321 2000 0
 321 2000 0
 320 2000 0
 321 2000 0
 320 2000 0
 321 2000 0
 321 2000 0
 320 2000 0
 321 2000 0
 321 2000 0
 321 2000 0
 320 2000 0
 320 2000 0
 321 2000 0
 321 2000 0
 320 2000 0
 321 2000 0
 320 2000 0
 321 2000 0
 320 2000 0
 320 2000 0
 320 2000 0
 323 2000 0
 322 2000 0
 322 2000 0
 320 2000 0
 322 2000 0
 320 2000 0
 322 2000 0
 322 2000 0
 322 2000 0
 322 2000 0
 322 2000 0
 322 2000 0
 322 2000 0
 320 2000 0
 322 2000 0
 322 2000 0
 322 2000 0
t01:11:13
 322 2000 0
 322 2000 0
 320 2000 0
 321 2000 0
 326 2016 0
 386 2084 3
 431 2098 8
 460 2098 12
 479 2096 17
 494 2092 21
 509 2088 26
 521 2082 30
 531 2076 33
 540 2069 37
 546 2062 40
 553 2055 42
 558 2050 45
 563 2044 47
 570 2039 49
 573 2034 51
 577 2031 52
 582 2028 53
 583 2024 55
 587 2020 56
 588 2020 57
 590 2015 57
 593 2014 58
 593 2000 58
 593 2000 58
 595 2000 58
 595 2000 58
 596 2000 58
 598 2000 58
 598 2000 58
 598 2000 58
 598 2000 58
 598 2000 58
 598 2000 58
 598 2000 58
 599 2000 58
 588 1980 58
 508 1870 53
 418 1840 45
 381 1850 38
 370 1868 32
 363 1880 26
 362 1893 21
 352 1900 16
 343 1911 11
 342 1924 8
 336 1934 4
 336 1947 2
 333 1955 0
 331 1960 0
 330 1967 0
 328 1975 0
 326 1976 0
 325 1982 0
 325 1984 0
 325 1987 0
 323 1988 0
t01:11:14
 323 1990 0
 323 2000 0
 321 2000 0
 321 2000 0
 321 2000 0
 321 2000 0
 323 2000 0
 323 2000 0
 321 2000 0
 321 2000 0
 321 2000 0
 321 2000 0
 318 2000 0
 320 2000 0
 320 2000 0
 321 2000 0
 320 2000 0
 321 2000 0
 320 2000 0
 321 2000 0
 320 2000 0
 321 2000 0
 320 2000 0
 321 2000 0
 320 2000 0
 321 2000 0
 320 2000 0
 321 2000 0
 320 2000 0
 320 2000 0
 320 2000 0
 321 2000 0
 321 2000 0
 320 2000 0
 320 2000 0
 321 2000 0
 320 2000 0
 320 2000 0
 320 2000 0
 320 2000 0
 320 2000 0
 318 2000 0
 322 2000 0
 320 2000 0
 322 2000 0
 320 2000 0
 322 2000 0
 320 2000 0
 320 2000 0
 320 2000 0
 322 2000 0
 320 2000 0
 321 2000 0
 354 2058 1
 413 2095 5
 448 2098 10
 472 2098 15
 488 2095 19
 503 2090 24
t01:11:15
 514 2084 28
 524 2078 31
 533 2071 35
 541 2065 38
 548 2058 41
 555 2053 43
 562 2047 46
 565 2041 48
 570 2037 50
 573 2032 51
 578 2028 53
 580 2025 54
 583 2021 55
 585 2018 56
 588 2018 57
 590 2014 57
 591 2014 58
 591 2012 59
 595 2013 59
 595 2000 59
 596 2000 59
 595 2000 59
 598 2000 59
 596 2000 59
 598 2000 59
 598 2000 59
 598 2000 59
 598 2000 59
 598 2000 59
 597 2000 59
 557 1923 57
 459 1846 50
 396 1842 43
 376 1858 36
 368 1874 29
 363 1886 24
 359 1893 19
 345 1903 14
 342 1918 10
 340 1931 7
 337 1937 3
 333 1947 1
 333 1955 0
 330 1964 0
 328 1969 0
 326 1973 0
 326 1981 0
 326 1984 0
 325 1986 0
 325 1987 0
 321 1989 0
 323 2000 0
 321 2000 0
 323 2000 0
 321 2000 0
 321 2000 0
 321 2000 0
 321 2000 0
 322 2000 0
 322 2000 0
t01:11:16
 320 2000 0
 320 2000 0
 320 2000 0
 320 2000 0
 320 2000 0
 320 2000 0
 320 2000 0
 321 2000 0
 320 2000 0
 322 2000 0
 320 2000 0
 320 2000 0
 320 2000 0
 320 2000 0
 322 2000 0
 320 2000 0
 322 2000 0
 322 2000 0
 322 2000 0
 322 2000 0
 322 2000 0
 322 2000 0
 322 2000 0
 322 2000 0
 320 2000 0
 320 2000 0
 320 2000 0
 320 2000 0
 320 2000 0
 320 2000 0
 322 2000 0
 320 2000 0
 322 2000 0
 322 2000 0
 320 2000 0
 320 2000 0
 322 2000 0
 320 2000 0
 322 2000 0
 320 2000 0
 322 2000 0
 322 2000 0
 321 2000 0
 322 2000 0
 377 2078 2
 426 2097 7
 456 2098 12
 477 2097 16
 494 2094 21
 508 2089 25
 519 2082 29
 529 2076 33
 538 2069 36
 545 2063 39
 551 2058 42
 561 2053 44
 565 2045 47
 570 2039 49
 573 2035 50
 578 2032 52
 578 2026 53
t01:11:17
 583 2025 54
 584 2020 55
 588 2020 56
 588 2015 57
 593 2015 58
 591 2000 58
 593 2000 58
 593 2000 58
 596 2000 58
 595 2000 58
 596 2000 58
 595 2000 58
 598 2000 58
 596 2000 58
 598 2000 58
 598 2000 58
 598 2000 58
 597 2000 58
 590 1983 57
 510 1873 53
 420 1848 45
 383 1848 38
 371 1870 32
 368 1882 26
 362 1890 21
 351 1902 16
 341 1909 11
 338 1928 8
 338 1935 5
 338 1946 2
 333 1952 0
 330 1958 0
 328 1966 0
 330 1977 0
 328 1979 0
 328 1981 0
 325 1981 0
 325 1985 0
 323 1989 0
 325 2000 0
 321 2000 0
 323 2000 0
 321 2000 0
 323 2000 0
 321 2000 0
 321 2000 0
 321 2000 0
 321 2000 0
 320 2000 0
 321 2000 0
 321 2000 0
 321 2000 0
 321 2000 0
 320 2000 0
 321 2000 0
 320 2000 0
 320 2000 0
 320 2000 0
 321 2000 0
t01:11:18
 318 2000 0
 321 2000 0
 318 2000 0
 322 2000 0
 320 2000 0
 322 2000 0
 320 2000 0
 322 2000 0
 320 2000 0
 322 2000 0
 322 2000 0
 322 2000 0
 320 2000 0
 320 2000 0
 320 2000 0
 320 2000 0
 320 2000 0
 320 2000 0
 320 2000 0
 320 2000 0
 320 2000 0
 322 2000 0
 320 2000 0
 322 2000 0
 322 2000 0
 320 2000 0
 322 2000 0
 322 2000 0
 322 2000 0
 322 2000 0
 322 2000 0
 320 2000 0
 321 2000 0
 352 2054 1
 411 2094 5
 447 2099 10
 472 2098 15
 487 2095 19
 504 2091 23
 516 2084 28
 526 2078 31
 533 2072 35
 543 2068 38
 550 2060 41
 558 2054 44
 563 2047 46
 567 2042 48
 571 2038 50
 576 2034 51
 580 2029 53
 583 2025 54
 585 2020 55
 588 2020 56
 588 2015 57
 591 2014 58
 593 2000 58
 593 2000 58
 595 2000 58
 595 2000 58
 596 2000 58
t01:11:19
 596 2000 58
 598 2000 58
 600 2000 58
 601 2000 58
 599 2000 58
 601 2000 58
 599 2000 58
 599 2000 58
 600 2000 58
 561 1926 56
 460 1846 49
 395 1840 42
 375 1856 35
 368 1876 28
 365 1888 23
 360 1897 18
 347 1904 13
 340 1915 9
 337 1925 5
 337 1937 2
 335 1951 0
 333 1960 0
 331 1962 0
 328 1970 0
 326 1973 0
 325 1979 0
 325 1983 0
 325 1987 0
 325 1988 0
 323 1989 0
 321 2000 0
 321 2000 0
 321 2000 0
 321 2000 0
 321 2000 0
 321 2000 0
 321 2000 0
 321 2000 0
 321 2000 0
 320 2000 0
 321 2000 0
 320 2000 0
 321 2000 0
 320 2000 0
 321 2000 0
 321 2000 0
 323 2000 0
 320 2000 0
 321 2000 0
 320 2000 0
 321 2000 0
 320 2000 0
 321 2000 0
 320 2000 0
 320 2000 0
 320 2000 0
 320 2000 0
 320 2000 0
 320 2000 0
 321 2000 0
t01:11:20
 321 2000 0
 321 2000 0
 320 2000 0
 321 2000 0
 321 2000 0
 320 2000 0
 320 2000 0
 320 2000 0
 320 2000 0
 322 2000 0
 320 2000 0
 320 2000 0
 322 2000 0
 320 2000 0
 320 2000 0
 320 2000 0
 320 2000 0
 322 2000 0
 320 2000 0
 322 2000 0
 320 2000 0
 321 2000 0
 325 2013 0
 384 2083 3
 432 2098 8
 460 2098 12
 479 2096 17
 496 2093 21
 509 2087 25
 521 2082 29
 530 2075 33
 538 2069 36
 546 2062 39
 553 2056 42
 558 2050 45
 565 2045 47
 570 2041 49
 575 2036 51
 578 2030 52
 582 2027 53
 583 2023 55
 585 2020 55
 588 2016 56
 590 2015 57
 591 2000 57
 590 2000 57
 595 2013 58
 595 2000 58
 595 2000 58
 595 2000 58
 596 2000 58
 596 2000 58
 598 2000 58
 598 2000 58
 600 2000 58
 598 2000 58
 601 2000 58
 597 2000 58
 591 1984 58
 512 1872 53
t01:11:21
 420 1838 45
 380 1850 38
 370 1864 31
 363 1879 25
 364 1895 20
 354 1901 15
 343 1910 11
 338 1921 7
 337 1936 4
 337 1945 1
 335 1953 0
 332 1960 0
 330 1965 0
 328 1970 0
 325 1976 0
 326 1982 0
 325 1985 0
 325 1988 0
 325 1989 0
 323 1989 0
 323 2000 0
 323 2000 0
 321 2000 0
 321 2000 0
 321 2000 0
 321 2000 0
 320 2000 0
 321 2000 0
 321 2000 0
 321 2000 0
 321 2000 0
 321 2000 0
 320 2000 0
 320 2000 0
 320 2000 0
 320 2000 0
 320 2000 0
 321 2000 0
 321 2000 0
 320 2000 0
 320 2000 0
 320 2000 0
 321 2000 0
 320 2000 0
 321 2000 0
 321 2000 0
 321 2000 0
 321 2000 0
 321 2000 0
 318 2000 0
 321 2000 0
 320 2000 0
 321 2000 0
 321 2000 0
 321 2000 0
 320 2000 0
 321 2000 0
 320 2000 0
 321 2000 0
 321 2000 0
t01:11:22
 321 2000 0
 320 2000 0
 321 2000 0
 318 2000 0
 320 2000 0
 320 2000 0
 322 2000 0
 320 2000 0
 321 2000 0
 320 2000 0
 321 2000 0
 321 2000 0
 356 2058 1
 414 2095 5
 448 2098 10
 472 2098 15
 489 2095 19
 504 2090 24
 516 2084 28
 526 2078 31
 535 2072 35
 543 2065 38
 548 2059 41
 556 2054 44
 563 2047 46
 568 2042 48
 571 2037 50
 576 2033 51
 580 2029 53
 583 2025 54
 585 2022 55
 588 2019 56
 588 2014 57
 591 2016 57
 593 2013 58
 595 2012 59
 595 2000 59
 596 2000 59
 596 2000 59
 598 2000 59
 598 2000 59
 598 2000 59
 599 2000 59
 599 2000 59
 598 2000 59
 599 2000 59
 599 2000 59
 600 2000 59
 557 1923 56
 462 1845 50
 396 1846 42
 376 1858 35
 367 1875 29
 362 1887 24
 359 1895 19
 345 1903 14
 341 1915 10
 338 1927 6
 336 1941 3
 333 1949 1
t01:11:23
 331 1958 0
 330 1967 0
 330 1974 0
 328 1976 0
 328 1979 0
 325 1980 0
 325 1985 0
 323 1987 0
 323 2000 0
 323 2000 0
 323 2000 0
 321 2000 0
 321 2000 0
 321 2000 0
 321 2000 0
 321 2000 0
 321 2000 0
 321 2000 0
 321 2000 0
 320 2000 0
 320 2000 0
 321 2000 0
 321 2000 0
 321 2000 0
 321 2000 0
 321 2000 0
 320 2000 0
 321 2000 0
 320 2000 0
 321 2000 0
 320 2000 0
 321 2000 0
 321 2000 0
 321 2000 0
 320 2000 0
 320 2000 0
 320 2000 0
 321 2000 0
 322 2000 0
 322 2000 0
 322 2000 0
 322 2000 0
 321 2000 0
 321 2000 0
 321 2000 0
 321 2000 0
 321 2000 0
 321 2000 0
 321 2000 0
 321 2000 0
 321 2000 0
 321 2000 0
 321 2000 0
 321 2000 0
 321 2000 0
 321 2000 0
 321 2000 0
 321 2000 0
 321 2000 0
 321 2000 0
t01:11:24
 321 2000 0
 326 2016 0
 387 2084 3
 432 2098 8
 460 2098 13
 479 2096 17
 497 2093 22
 509 2087 26
 521 2081 30
 530 2076 33
 541 2070 37
 546 2062 40
 553 2056 42
 560 2049 45
 565 2045 47
 570 2039 49
 575 2037 51
 578 2030 52
 581 2026 54
 583 2022 55
 586 2021 56
 588 2015 56
 590 2015 57
 593 2015 58
 595 2013 59
 593 2000 59
 595 2000 59
 595 2000 59
 596 2000 59
 598 2000 59
 598 2000 59
 598 2000 59
 598 2000 59
 600 2000 59
 600 2000 59
 600 2000 59
 597 2000 59
 590 1981 58
 508 1869 53
 418 1836 45
 381 1850 38
 371 1870 32
 370 1885 26
 363 1892 21
 351 1898 16
 343 1910 12
 339 1924 8
 338 1933 5
 334 1944 2
 334 1953 0
 331 1959 0
 329 1967 0
 324 1971 0
 326 1979 0
 325 1979 0
 325 1983 0
 323 1987 0
 325 1990 0
 323 2000 0
 321 1990 0
t01:11:25
 321 2000 0
 321 2000 0
 323 2000 0
 321 2000 0
 321 2000 0
 321 2000 0
 321 2000 0
 321 2000 0
 321 2000 0
 321 2000 0
 321 2000 0
 321 2000 0
 321 2000 0
 321 2000 0
 321 2000 0
 321 2000 0
 321 2000 0
 320 2000 0
 321 2000 0
 320 2000 0
 320 2000 0
 320 2000 0
 320 2000 0
 320 2000 0
 320 2000 0
 320 2000 0
 321 2000 0
 320 2000 0
 321 2000 0
 320 2000 0
 320 2000 0
 320 2000 0
 322 2000 0
 322 2000 0
 320 2000 0
 322 2000 0
 322 2000 0
 322 2000 0
 320 2000 0
 322 2000 0
 322 2000 0
 322 2000 0
 320 2000 0
 322 2000 0
 322 2000 0
 322 2000 0
 322 2000 0
 322 2000 0
 322 2000 0
 322 2000 0
 321 2000 0
 358 2059 1
 415 2095 6
 449 2099 10
 472 2098 15
 489 2095 19
 502 2090 24
 514 2083 28
 524 2078 31
 535 2073 35
 543 2065 38
t01:11:26
 550 2059 41
 556 2053 44
 561 2048 46
 566 2041 48
 573 2039 50
 578 2032 51
 578 2026 53
 581 2023 54
 585 2022 55
 588 2020 56
 590 2017 57
 591 2014 57
 591 2000 57
 595 2013 58
 596 2000 58
 598 2012 59
 598 2000 59
 598 2000 59
 598 2000 59
 600 2000 59
 598 2000 59
 601 2000 59
 601 2000 59
 599 2000 59
 599 2000 59
 600 2000 59
 558 1924 56
 462 1843 50
 393 1847 42
 373 1857 35
 366 1874 29
 365 1888 23
 360 1895 18
 347 1904 14
 340 1919 10
 336 1929 6
 336 1943 3
 335 1951 1
 331 1957 0
 330 1963 0
 328 1968 0
 326 1974 0
 326 1979 0
 325 1982 0
 325 1985 0
 323 1988 0
 323 2000 0
 321 2000 0
 323 2000 0
 321 2000 0
 323 2000 0
 320 2000 0
 321 2000 0
 320 2000 0
 321 2000 0
 320 2000 0
 321 2000 0
 322 2000 0
 322 2000 0
t01:11:27
 320 2000 0
 322 2000 0
 322 2000 0
 322 2000 0
 322 2000 0
 322 2000 0
 320 2000 0
 322 2000 0
 322 2000 0
 322 2000 0
 322 2000 0
 322 2000 0
 322 2000 0
 320 2000 0
 322 2000 0
 320 2000 0
 321 2000 0
 321 2000 0
 321 2000 0
 320 2000 0
 320 2000 0
 320 2000 0
 320 2000 0
 320 2000 0
 320 2000 0
 320 2000 0
 322 2000 0
 322 2000 0
 322 2000 0
 320 2000 0
 322 2000 0
 318 2000 0
 320 2000 0
 320 2000 0
 322 2000 0
 322 2000 0
 322 2000 0
 322 2000 0
 320 2000 0
 322 2000 0
 326 2015 0
 386 2084 3
 432 2098 8
 460 2098 12
 481 2096 17
 496 2093 22
 511 2088 26
 521 2083 30
 533 2077 33
 541 2069 37
 546 2062 40
 555 2056 43
 560 2052 45
 568 2046 47
 572 2041 49
 577 2035 51
 578 2029 53
 583 2028 54
 585 2024 55
 590 2023 56
t01:11:28
 591 2016 57
 593 2014 58
 595 2014 58
 596 2012 59
 596 2000 59
 598 2000 59
 598 2000 59
 600 2000 59
 601 2000 59
 601 2000 59
 601 2000 59
 601 2000 59
 601 2000 59
 601 2000 59
 603 2000 59
 600 2000 59
 593 1982 59
 510 1869 54
 420 1840 46
 381 1849 39
 371 1863 32
 366 1879 26
 365 1895 21
 352 1899 16
 343 1910 12
 340 1923 8
 338 1931 5
 336 1943 2
 333 1952 0
 330 1963 0
 331 1970 0
 328 1973 0
 328 1976 0
 324 1979 0
 324 1984 0
 323 1986 0
 325 1990 0
 323 1990 0
 323 2000 0
 321 2000 0
 321 2000 0
 321 2000 0
 321 2000 0
 320 2000 0
 320 2000 0
 321 2000 0
 321 2000 0
 321 2000 0
 321 2000 0
 320 2000 0
 321 2000 0
 321 2000 0
 321 2000 0
 321 2000 0
 321 2000 0
 321 2000 0
 320 2000 0
 321 2000 0
 321 2000 0
 320 2000 0
t01:11:29
 320 2000 0
 321 2000 0
 320 2000 0
 321 2000 0
 320 2000 0
 321 2000 0
 320 2000 0
 322 2000 0
 320 2000 0
 322 2000 0
 320 2000 0
 322 2000 0
 320 2000 0
 322 2000 0
 322 2000 0
 322 2000 0
 322 2000 0
 322 2000 0
 320 2000 0
 322 2000 0
 320 2000 0
 322 2000 0
 322 2000 0
 322 2000 0
 322 2000 0
 320 2000 0
 320 2000 0
 322 2000 0
 322 2000 0
 321 2000 0
 354 2055 1
 412 2095 5
 447 2099 10
 472 2098 15
 489 2095 19
 502 2091 24
 516 2085 28
 526 2079 32
 536 2073 35
 543 2066 38
 551 2060 41
 558 2053 44
 563 2047 46
 568 2042 48
 573 2038 50
 576 2034 52
 581 2028 53
 581 2022 54
 586 2022 55
 586 2017 56
 589 2018 57
 589 2014 58
 591 2013 58
 593 2000 59
 595 2000 59
 595 2000 59
 596 2000 59
 598 2000 59
 600 2000 59
 601 2000 59
t01:11:30
 599 2000 59
 599 2000 59
 599 2000 59
 599 2000 59
 601 2000 59
 600 2000 59
 558 1922 56
 462 1844 49
 393 1840 42
 375 1858 35
 367 1870 29
 363 1886 23
 359 1896 18
 347 1904 13
 342 1917 9
 338 1929 6
 336 1938 3
 335 1949 0
 333 1958 0
 331 1964 0
 330 1968 0
 328 1975 0
 326 1978 0
 325 1982 0
 325 1985 0
 323 1987 0
 323 1988 0
 321 1990 0
 321 2000 0
 321 2000 0
 321 2000 0
 321 2000 0
 321 2000 0
 321 2000 0
 323 2000 0
 321 2000 0
 321 2000 0
 321 2000 0
 321 2000 0
 321 2000 0
 321 2000 0
 321 2000 0
 321 2000 0
 320 2000 0
 321 2000 0
 320 2000 0
 321 2000 0
 320 2000 0
 321 2000 0
 320 2000 0
 321 2000 0
 320 2000 0
 320 2000 0
 321 2000 0
 321 2000 0
 321 2000 0
 321 2000 0
 321 2000 0
 320 2000 0
 320 2000 0
t01:11:31
 321 2000 0
 321 2000 0
 320 2000 0
 322 2000 0
 320 2000 0
 322 2000 0
 320 2000 0
 322 2000 0
 322 2000 0
 320 2000 0
 320 2000 0
 322 2000 0
 320 2000 0
 322 2000 0
 320 2000 0
 322 2000 0
 320 2000 0
 322 2000 0
 321 2000 0
 322 2000 0
 378 2078 2
 427 2098 7
 458 2099 12
 477 2097 16
 494 2094 21
 508 2089 25
 519 2082 29
 528 2077 33
 538 2070 36
 546 2064 39
 553 2056 42
 558 2051 44
 565 2046 47
 570 2041 49
 575 2036 50
 578 2032 52
 583 2028 53
 585 2023 55
 586 2019 56
 588 2018 56
 590 2015 57
 593 2016 58
 595 2000 58
 596 2013 59
 598 2000 59
 598 2000 59
 601 2000 59
 600 2000 59
 601 2000 59
 600 2000 59
 601 2000 59
 600 2000 59
 601 2000 59
 600 2000 59
 600 2000 59
 591 1982 58
 513 1871 54
 420 1836 46
 381 1851 39
 371 1872 32
 369 1882 27
t01:11:32
 362 1891 21
 352 1897 16
 342 1909 12
 338 1920 8
 336 1932 5
 336 1948 2
 335 1953 0
 331 1961 0
 330 1965 0
 328 1973 0
 326 1976 0
 325 1978 0
 323 1982 0
 323 1988 0
 325 2000 0
 323 2000 0
 323 2000 0
 321 2000 0
 323 2000 0
 321 2000 0
 323 2000 0
 321 2000 0
 321 2000 0
 321 2000 0
 321 2000 0
 320 2000 0
 321 2000 0
 321 2000 0
 320 2000 0
 320 2000 0
 321 2000 0
 320 2000 0
 321 2000 0
 321 2000 0
 321 2000 0
 320 2000 0
 322 2000 0
 320 2000 0
 322 2000 0
 320 2000 0
 320 2000 0
 320 2000 0
 320 2000 0
 322 2000 0
 322 2000 0
 322 2000 0
 322 2000 0
 322 2000 0
 320 2000 0
 320 2000 0
 322 2000 0
 322 2000 0
 320 2000 0
 322 2000 0
 320 2000 0
 322 2000 0
 320 2000 0
 320 2000 0
 320 2000 0
t01:11:33
 320 2000 0
 320 2000 0
 322 2000 0
 320 2000 0
 320 2000 0
 320 2000 0
 322 2000 0
 322 2000 0
 321 2000 0
 354 2056 1
 412 2095 5
 446 2098 10
 472 2098 15
 489 2095 19
 504 2092 24
 516 2085 28
 528 2079 32
 536 2072 35
 543 2066 38
 552 2060 41
 558 2054 44
 563 2046 46
 567 2041 48
 573 2037 50
 577 2033 51
 581 2031 53
 583 2025 54
 586 2023 55
 588 2020 56
 591 2017 57
 591 2013 58
 595 2014 58
 595 2000 59
 596 2000 59
 596 2000 59
 596 2000 59
 598 2000 59
 600 2000 59
 600 2000 59
 600 2000 59
 600 2000 59
 601 2000 59
 601 2000 59
 601 2000 59
 600 2000 59
 562 1925 57
 460 1842 50
 392 1839 42
 373 1854 35
 366 1873 29
 365 1887 23
 360 1897 18
 348 1905 14
 340 1917 10
 338 1926 6
 337 1937 3
 335 1947 0
 331 1955 0
 330 1963 0
 328 1969 0
t01:11:34
 328 1976 0
 325 1979 0
 326 1983 0
 325 1985 0
 325 1988 0
 323 1989 0
 323 2000 0
 321 2000 0
 323 2000 0
 321 2000 0
 321 2000 0
 320 2000 0
 321 2000 0
 321 2000 0
 321 2000 0
 321 2000 0
 321 2000 0
 321 2000 0
 321 2000 0
 321 2000 0
 321 2000 0
 321 2000 0
 321 2000 0
 321 2000 0
 321 2000 0
 321 2000 0
 320 2000 0
 320 2000 0
 321 2000 0
 320 2000 0
 318 2000 0
 320 2000 0
 320 2000 0
 320 2000 0
 320 2000 0
 322 2000 0
 320 2000 0
 322 2000 0
 322 2000 0
 320 2000 0
 320 2000 0
 320 2000 0
 322 2000 0
 322 2000 0
 320 2000 0
 322 2000 0
 320 2000 0
 320 2000 0
 320 2000 0
 322 2000 0
 320 2000 0
 320 2000 0
 322 2000 0
 320 2000 0
 320 2000 0
 322 2000 0
 322 2000 0
 321 2000 0
 326 2016 0
 386 2084 3
t01:11:35
 432 2098 8
 460 2099 13
 481 2098 17
 496 2093 22
 509 2087 26
 521 2082 30
 531 2077 33
 540 2069 37
 548 2064 40
 555 2057 43
 562 2053 45
 568 2046 48
 573 2040 50
 577 2034 51
 580 2031 53
 582 2026 54
 585 2023 55
 588 2022 56
 592 2021 57
 592 2014 58
 595 2014 59
 595 2000 59
 596 2000 59
 596 2000 59
 598 2000 59
 598 2000 59
 598 2000 59
 598 2000 59
 598 2000 59
 600 2000 59
 600 2000 59
 600 2000 59
 600 2000 59
 600 2000 59
 593 1984 58
 514 1871 54
 420 1835 46
 380 1852 39
 371 1868 32
 366 1880 27
 364 1895 21
 354 1898 17
 343 1908 12
 340 1920 8
 335 1931 5
 335 1945 2
 333 1952 0
 331 1961 0
 330 1967 0
 328 1974 0
 326 1976 0
 325 1980 0
 323 1983 0
 325 1988 0
 323 1990 0
 325 2000 0
 323 2000 0
 323 2000 0
 321 2000 0
 321 2000 0
t01:11:36
 321 2000 0
 321 2000 0
 321 2000 0
 320 2000 0
 321 2000 0
 320 2000 0
 321 2000 0
 320 2000 0
 321 2000 0
 320 2000 0
 321 2000 0
 320 2000 0
 321 2000 0
 320 2000 0
 320 2000 0
 320 2000 0
 321 2000 0
 320 2000 0
 321 2000 0
 320 2000 0
 321 2000 0
 320 2000 0
 321 2000 0
 320 2000 0
 321 2000 0
 320 2000 0
 320 2000 0
 321 2000 0
 321 2000 0
 320 2000 0
 320 2000 0
 320 2000 0
 320 2000 0
 320 2000 0
 321 2000 0
 321 2000 0
 320 2000 0
 320 2000 0
 321 2000 0
 320 2000 0
 321 2000 0
 321 2000 0
 320 2000 0
 321 2000 0
 321 2000 0
 321 2000 0
 322 2000 0
 323 2000 0
 356 2058 1
 413 2095 6
 449 2098 10
 472 2098 15
 490 2095 19
 505 2090 24
 516 2084 28
 528 2079 32
 536 2072 35
 545 2066 38
 552 2060 41
 558 2053 44
t01:11:37
 565 2048 46
 570 2044 48
 573 2038 50
 578 2033 52
 581 2028 53
 583 2024 54
 586 2020 55
 586 2017 56
 590 2015 57
 591 2016 58
 595 2013 58
 595 2000 58
 596 2000 58
 596 2000 58
 598 2000 58
 598 2000 58
 601 2000 58
 600 2000 58
 600 2000 58
 600 2000 58
 601 2000 58
 600 2000 58
 601 2000 58
 599 2000 58
 560 1924 56
 460 1847 49
 395 1843 42
 376 1861 35
 368 1870 29
 361 1886 23
 359 1898 18
 347 1904 14
 341 1917 9
 338 1930 6
 338 1942 3
 336 1947 0
 333 1959 0
 330 1964 0
 328 1970 0
 328 1974 0
 326 1977 0
 325 1981 0
 323 1985 0
 323 1988 0
 323 1990 0
 323 2000 0
 321 2000 0
 321 2000 0
 321 2000 0
 321 2000 0
 321 2000 0
 321 2000 0
 320 2000 0
 321 2000 0
 321 2000 0
 321 2000 0
 320 2000 0
 320 2000 0
 320 2000 0
 321 2000 0
t01:11:38
 320 2000 0
 321 2000 0
 321 2000 0
 321 2000 0
 321 2000 0
 320 2000 0
 321 2000 0
 320 2000 0
 320 2000 0
 321 2000 0
 320 2000 0
 320 2000 0
 320 2000 0
 321 2000 0
 320 2000 0
 320 2000 0
 322 2000 0
 322 2000 0
 322 2000 0
 320 2000 0
 322 2000 0
 320 2000 0
 320 2000 0
 320 2000 0
 322 2000 0
 322 2000 0
 322 2000 0
 320 2000 0
 322 2000 0
 320 2000 0
 321 2000 0
 321 2000 0
 321 2000 0
 321 2000 0
 321 2000 0
 321 2000 0
 321 2000 0
 328 2015 0
 388 2085 3
 432 2098 8
 461 2099 12
 481 2096 17
 498 2092 22
 509 2087 26
 521 2082 30
 533 2076 33
 541 2071 37
 550 2064 40
 555 2057 43
 560 2049 45
 567 2047 47
 573 2040 49
 577 2036 51
 582 2030 53
 583 2025 54
 585 2022 55
 588 2020 56
 590 2017 57
 590 2014 57
 593 2014 58
 593 2000 58
t01:11:39
 596 2000 58
 596 2000 58
 598 2000 58
 598 2000 58
 600 2000 58
 596 2000 58
 600 2000 58
 600 2000 58
 600 2000 58
 600 2000 58
 603 2000 58
 600 2000 58
 590 1979 58
 509 1868 53
 421 1838 45
 383 1858 38
 373 1868 32
 368 1880 26
 360 1889 21
 351 1899 16
 341 1912 11
 340 1924 7
 338 1936 4
 336 1946 2
 333 1953 0
 331 1959 0
 328 1965 0
 327 1972 0
 327 1979 0
 326 1982 0
 324 1983 0
 324 1986 0
 323 1988 0
 323 2000 0
 323 2000 0
 321 2000 0
 321 2000 0
 321 2000 0
 321 2000 0
 321 2000 0
 320 2000 0
 321 2000 0
 321 2000 0
 321 2000 0
 321 2000 0
 321 2000 0
 321 2000 0
 321 2000 0
 321 2000 0
 321 2000 0
 320 2000 0
 320 2000 0
 321 2000 0
 321 2000 0
 320 2000 0
 321 2000 0
 321 2000 0
 321 2000 0
 321 2000 0
t01:11:40
 321 2000 0
 321 2000 0
 320 2000 0
 321 2000 0
 320 2000 0
 321 2000 0
 320 2000 0
 320 2000 0
 320 2000 0
 321 2000 0
 320 2000 0
 320 2000 0
 320 2000 0
 320 2000 0
 322 2000 0
 320 2000 0
 322 2000 0
 320 2000 0
 321 2000 0
 321 2000 0
 321 2000 0
 321 2000 0
 321 2000 0
 320 2000 0
 320 2000 0
 320 2000 0
 320 2000 0
 356 2060 1
 414 2095 6
 448 2098 10
 472 2098 15
 489 2095 19
 504 2090 24
 515 2084 28
 525 2077 32
 533 2071 35
 543 2066 38
 550 2060 41
 557 2053 44
 562 2047 46
 568 2042 48
 572 2038 50
 578 2035 52
 580 2028 53
 583 2026 54
 586 2022 55
 590 2021 56
 590 2015 57
 593 2016 58
 593 2000 58
 595 2000 58
 595 2000 58
 596 2000 58
 596 2000 58
 598 2000 58
 598 2000 58
 598 2000 58
 598 2000 58
 599 2000 58
 599 2000 58
 599 2000 58
t01:11:41
 599 2000 58
 598 2000 58
 557 1923 56
 457 1844 49
 397 1848 42
 376 1856 35
 368 1871 29
 365 1890 23
 360 1895 18
 345 1904 14
 340 1915 10
 338 1927 6
 336 1940 3
 335 1950 0
 331 1958 0
 329 1964 0
 328 1970 0
 326 1976 0
 328 1983 0
 325 1983 0
 325 1985 0
 323 1987 0
 323 1989 0
 323 1990 0
 323 2000 0
 321 2000 0
 323 2000 0
 321 2000 0
 321 2000 0
 321 2000 0
 321 2000 0
 321 2000 0
 321 2000 0
 321 2000 0
 321 2000 0
 320 2000 0
 321 2000 0
 321 2000 0
 320 2000 0
 321 2000 0
 320 2000 0
 320 2000 0
 320 2000 0
 321 2000 0
 321 2000 0
 321 2000 0
 320 2000 0
 321 2000 0
 320 2000 0
 321 2000 0
 320 2000 0
 321 2000 0
 320 2000 0
 321 2000 0
 320 2000 0
 321 2000 0
 320 2000 0
 321 2000 0
 320 2000 0
t01:11:42
 321 2000 0
 320 2000 0
 320 2000 0
 320 2000 0
 322 2000 0
 322 2000 0
 322 2000 0
 320 2000 0
 322 2000 0
 320 2000 0
 322 2000 0
 322 2000 0
 322 2000 0
 320 2000 0
 320 2000 0
 321 2000 0
 328 2018 0
 389 2086 3
 433 2098 8
 461 2098 13
 481 2096 17
 497 2093 22
 511 2088 26
 521 2081 30
 530 2075 33
 540 2069 37
 548 2064 40
 555 2057 43
 562 2051 45
 568 2046 47
 572 2038 49
 577 2036 51
 580 2031 53
 583 2026 54
 583 2020 55
 588 2020 56
 588 2015 57
 591 2016 57
 593 2014 58
 595 2012 59
 595 2000 59
 596 2000 59
 598 2000 59
 598 2000 59
 600 2000 59
 598 2000 59
 600 2000 59
 598 2000 59
 601 2000 59
 600 2000 59
 601 2000 59
 598 2000 59
 591 1982 59
 509 1869 54
 419 1836 46
 380 1848 39
 370 1864 32
 363 1879 26
 362 1892 21
 352 1901 16
t01:11:43
 345 1912 12
 340 1924 8
 336 1932 5
 335 1944 2
 335 1955 0
 331 1960 0
 330 1968 0
 328 1972 0
 326 1977 0
 325 1980 0
 323 1984 0
 325 1987 0
 323 1990 0
 323 2000 0
 321 2000 0
 321 2000 0
 321 2000 0
 323 2000 0
 321 2000 0
 321 2000 0
 322 2000 0
 322 2000 0
 322 2000 0
 322 2000 0
 318 2000 0
 322 2000 0
 320 2000 0
 322 2000 0
 320 2000 0
 322 2000 0
 320 2000 0
 322 2000 0
 320 2000 0
 322 2000 0
 320 2000 0
 322 2000 0
 322 2000 0
 322 2000 0
 322 2000 0
 322 2000 0
 320 2000 0
 322 2000 0
 322 2000 0
 322 2000 0
 322 2000 0
 320 2000 0
 322 2000 0
 320 2000 0
 322 2000 0
 322 2000 0
 322 2000 0
 320 2000 0
 320 2000 0
 320 2000 0
 320 2000 0
 320 2000 0
 322 2000 0
 322 2000 0
 322 2000 0
 322 2000 0
t01:11:44
 321 2000 0
 320 2000 0
 321 2000 0
 321 2000 0
 321 2000 0
 321 2000 0
 348 2048 1
 408 2093 5
 445 2098 9
 470 2098 14
 487 2096 19
 502 2092 23
 514 2085 27
 524 2079 31
 534 2074 35
 543 2067 38
 549 2060 41
 556 2054 43
 563 2049 46
 568 2043 48
 573 2038 50
 576 2032 51
 580 2031 53
 585 2027 54
 586 2022 55
 588 2017 56
 589 2016 57
 593 2014 58
 591 2000 58
 595 2000 58
 595 2000 58
 598 2000 58
 596 2000 58
 598 2000 58
 598 2000 58
 598 2000 58
 596 2000 58
 598 2000 58
 598 2000 58
 599 2000 58
 599 2000 58
 600 2000 58
 557 1924 55
 462 1848 49
 395 1844 41
 375 1858 34
 368 1876 28
 361 1888 23
 359 1895 18
 347 1903 13
 340 1914 9
 338 1929 5
 336 1941 2
 335 1950 0
 331 1957 0
 330 1965 0
 330 1970 0
 326 1974 0
 326 1978 0
 325 1983 0
t01:11:45
 325 1985 0
 323 1987 0
 323 2000 0
 323 2000 0
 323 2000 0
 321 2000 0
 321 2000 0
 320 2000 0
 321 2000 0
 321 2000 0
 321 2000 0
 321 2000 0
 320 2000 0
 321 2000 0
 321 2000 0
 321 2000 0
 321 2000 0
 320 2000 0
 321 2000 0
 320 2000 0
 321 2000 0
 320 2000 0
 321 2000 0
 320 2000 0
 321 2000 0
 321 2000 0
 321 2000 0
 321 2000 0
 322 2000 0
 322 2000 0
 320 2000 0
 320 2000 0
 320 2000 0
 320 2000 0
 320 2000 0
 322 2000 0
 322 2000 0
 322 2000 0
 322 2000 0
 322 2000 0
 320 2000 0
 322 2000 0
 320 2000 0
 320 2000 0
 322 2000 0
 322 2000 0
 322 2000 0
 322 2000 0
 322 2000 0
 322 2000 0
 320 2000 0
 322 2000 0
 322 2000 0
 322 2000 0
 321 2000 0
 324 2013 0
 384 2083 3
 431 2098 8
 460 2098 12
 481 2097 17
t01:11:46
 497 2093 21
 511 2088 26
 521 2082 30
 529 2075 33
 539 2069 37
 546 2063 40
 556 2059 42
 561 2052 45
 568 2046 47
 571 2040 49
 576 2035 51
 578 2031 52
 583 2026 54
 585 2023 55
 588 2020 56
 588 2016 57
 593 2017 57
 595 2014 58
 595 2000 59
 595 2000 59
 598 2000 59
 596 2000 59
 598 2000 59
 598 2000 59
 600 2000 59
 600 2000 59
 601 2000 59
 600 2000 59
 601 2000 59
 601 2000 59
 602 2000 59
 595 1983 58
 514 1872 53
 422 1838 46
 380 1851 38
 370 1864 32
 369 1881 26
 364 1894 21
 352 1901 16
 343 1910 12
 338 1921 8
 336 1935 4
 334 1946 2
 334 1955 0
 331 1958 0
 329 1967 0
 328 1972 0
 326 1976 0
 324 1981 0
 324 1984 0
 323 1986 0
 325 2000 0
 321 1988 0
 323 2000 0
 321 2000 0
 321 2000 0
 321 2000 0
 321 2000 0
 321 2000 0
 321 2000 0
t01:11:47
 321 2000 0
 321 2000 0
 320 2000 0
 321 2000 0
 321 2000 0
 321 2000 0
 321 2000 0
 321 2000 0
 320 2000 0
 321 2000 0
 321 2000 0
 320 2000 0
 321 2000 0
 320 2000 0
 321 2000 0
 321 2000 0
 321 2000 0
 320 2000 0
 321 2000 0
 320 2000 0
 321 2000 0
 320 2000 0
 321 2000 0
 321 2000 0
 321 2000 0
 320 2000 0
 321 2000 0
 320 2000 0
 321 2000 0
 320 2000 0
 321 2000 0
 320 2000 0
 321 2000 0
 320 2000 0
 320 2000 0
 320 2000 0
 321 2000 0
 321 2000 0
 321 2000 0
 321 2000 0
 320 2000 0
 321 2000 0
 321 2000 0
 321 2000 0
 321 2000 0
 352 2053 1
 411 2094 5
 448 2098 10
 472 2098 14
 489 2095 19
 503 2091 23
 516 2085 27
 526 2079 31
 536 2073 35
 545 2067 38
 552 2060 41
 558 2054 43
 565 2049 46
 570 2043 48
 575 2038 50
 578 2032 51
t01:11:48
 581 2031 53
 585 2025 54
 588 2022 55
 588 2015 56
 590 2017 57
 591 2014 57
 593 2014 58
 595 2000 58
 596 2000 58
 596 2000 58
 600 2000 58
 598 2000 58
 598 2000 58
 600 2000 58
 600 2000 58
 601 2000 58
 601 2000 58
 601 2000 58
 601 2000 58
 600 2000 58
 562 1925 56
 463 1843 49
 395 1840 42
 375 1857 35
 366 1873 28
 365 1885 23
 358 1892 18
 348 1905 13
 340 1915 9
 338 1930 5
 336 1938 2
 333 1949 0
 331 1957 0
 329 1964 0
 328 1970 0
 328 1974 0
 326 1978 0
 325 1982 0
 323 1983 0
 325 1989 0
 321 1989 0
 323 2000 0
 323 2000 0
 321 2000 0
 321 2000 0
 321 2000 0
 321 2000 0
 321 2000 0
 321 2000 0
 321 2000 0
 321 2000 0
 321 2000 0
 321 2000 0
 321 2000 0
 321 2000 0
 320 2000 0
 321 2000 0
 320 2000 0
 323 2000 0
t01:11:49
 321 2000 0
 321 2000 0
 321 2000 0
 321 2000 0
 321 2000 0
 321 2000 0
 320 2000 0
 320 2000 0
 320 2000 0
 321 2000 0
 320 2000 0
 321 2000 0
 321 2000 0
 321 2000 0
 320 2000 0
 321 2000 0
 320 2000 0
 320 2000 0
 320 2000 0
 320 2000 0
 322 2000 0
 320 2000 0
 321 2000 0
 320 2000 0
 321 2000 0
 320 2000 0
 321 2000 0
 321 2000 0
 320 2000 0
 320 2000 0
 322 2000 0
 320 2000 0
 321 2000 0
 322 2000 0
 326 2014 0
 386 2083 3
 432 2098 8
 460 2098 12
 481 2097 17
 496 2092 21
 509 2088 26
 519 2081 30
 531 2076 33
 540 2069 37
 546 2063 40
 555 2057 42
 562 2052 45
 565 2044 47
 572 2041 49
 577 2036 51
 580 2032 52
 583 2026 54
 585 2023 55
 588 2019 56
 590 2019 57
 591 2015 57
 591 2012 58
 595 2000 58
 595 2000 58
 598 2000 58
t01:11:50
 596 2000 58
 598 2000 58
 596 2000 58
 598 2000 58
 598 2000 58
 600 2000 58
 600 2000 58
 601 2000 58
 600 2000 58
 600 2000 58
 591 1982 58
 510 1869 53
 420 1841 46
 383 1851 38
 370 1861 32
 365 1882 26
 364 1892 21
 352 1902 16
 342 1910 11
 340 1924 8
 338 1933 4
 335 1944 2
 333 1955 0
 333 1961 0
 330 1964 0
 328 1971 0
 328 1976 0
 325 1979 0
 325 1983 0
 325 1987 0
 325 1989 0
 323 1990 0
 323 2000 0
 323 2000 0
 321 2000 0
 320 2000 0
 321 2000 0
 320 2000 0
 321 2000 0
 321 2000 0
 321 2000 0
 320 2000 0
 321 2000 0
 320 2000 0
 321 2000 0
 320 2000 0
 321 2000 0
 320 2000 0
 321 2000 0
 320 2000 0
 321 2000 0
 320 2000 0
 320 2000 0
 321 2000 0
 320 2000 0
 320 2000 0
 321 2000 0
 320 2000 0
 320 2000 0
 320 2000 0
t01:11:51
 321 2000 0
 321 2000 0
 321 2000 0
 321 2000 0
 320 2000 0
 320 2000 0
 321 2000 0
 321 2000 0
 321 2000 0
 321 2000 0
 321 2000 0
 320 2000 0
 320 2000 0
 320 2000 0
 322 2000 0
 320 2000 0
 322 2000 0
 322 2000 0
 318 2000 0
 321 2000 0
 322 2000 0
 322 2000 0
 320 2000 0
 322 2000 0
 356 2060 1
 415 2095 6
 449 2098 10
 472 2098 15
 490 2094 19
 505 2090 24
 516 2084 28
 528 2078 32
 537 2072 35
 543 2066 38
 552 2059 41
 557 2053 44
 563 2047 46
 568 2042 48
 572 2035 50
 575 2032 51
 578 2028 53
 582 2024 54
 583 2020 55
 585 2018 56
 588 2018 57
 590 2014 57
 591 2012 58
 591 2000 58
 593 2000 58
 595 2000 58
 596 2000 58
 596 2000 58
 598 2000 58
 598 2000 58
 598 2000 58
 598 2000 58
 600 2000 58
 598 2000 58
 601 2000 58
 597 2000 58
t01:11:52
 558 1924 56
 460 1845 49
 396 1847 42
 376 1857 35
 367 1875 29
 364 1889 23
 360 1893 18
 345 1904 14
 342 1916 9
 338 1932 6
 336 1942 3
 336 1951 1
 331 1957 0
 330 1964 0
 330 1973 0
 328 1976 0
 326 1978 0
 325 1981 0
 323 1983 0
 323 1986 0
 321 1990 0
 323 2000 0
 321 2000 0
 323 2000 0
 321 2000 0
 323 2000 0
 321 2000 0
 321 2000 0
 321 2000 0
 321 2000 0
 321 2000 0
 321 2000 0
 320 2000 0
 321 2000 0
 321 2000 0
 321 2000 0
 320 2000 0
 320 2000 0
 321 2000 0
 321 2000 0
 321 2000 0
 321 2000 0
 321 2000 0
 321 2000 0
 321 2000 0
 321 2000 0
 321 2000 0
 321 2000 0
 321 2000 0
 320 2000 0
 321 2000 0
 320 2000 0
 321 2000 0
 320 2000 0
 321 2000 0
 320 2000 0
 321 2000 0
 320 2000 0
 321 2000 0
 320 2000 0
t01:11:53
 321 2000 0
 320 2000 0
 321 2000 0
 320 2000 0
 321 2000 0
 320 2000 0
 321 2000 0
 320 2000 0
 320 2000 0
 320 2000 0
 321 2000 0
 320 2000 0
 323 2000 0
 328 2017 0
 388 2085 3
 433 2098 8
 462 2099 13
 481 2096 17
 499 2093 22
 511 2087 26
 521 2081 30
 531 2075 33
 538 2069 37
 548 2062 40
 553 2057 42
 563 2051 45
 565 2044 47
 571 2040 49
 575 2035 51
 580 2031 52
 583 2026 54
 586 2025 55
 588 2022 56
 591 2019 57
 591 2014 57
 595 2014 58
 595 2000 58
 596 2000 58
 596 2000 58
 598 2000 58
 598 2000 58
 598 2000 58
 598 2000 58
 601 2000 58
 598 2000 58
 599 2000 58
 599 2000 58
 599 2000 58
 600 2000 58
 592 1981 58
 510 1870 53
 420 1839 46
 383 1861 39
 371 1867 32
 368 1880 26
 362 1895 21
 353 1897 16
 341 1910 12
 338 1921 8
 336 1934 5
 334 1944 2
t01:11:54
 333 1954 0
 331 1962 0
 328 1965 0
 328 1974 0
 326 1978 0
 326 1982 0
 324 1983 0
 325 1986 0
 323 1989 0
 323 2000 0
 321 2000 0
 321 2000 0
 321 2000 0
 323 2000 0
 321 2000 0
 321 2000 0
 321 2000 0
 321 2000 0
 321 2000 0
 321 2000 0
 320 2000 0
 320 2000 0
 321 2000 0
 321 2000 0
 320 2000 0
 321 2000 0
 321 2000 0
 320 2000 0
 320 2000 0
 320 2000 0
 321 2000 0
 321 2000 0
 321 2000 0
 321 2000 0
 321 2000 0
 321 2000 0
 321 2000 0
 321 2000 0
 321 2000 0
 320 2000 0
 321 2000 0
 320 2000 0
 321 2000 0
 321 2000 0
 321 2000 0
 321 2000 0
 321 2000 0
 320 2000 0
 321 2000 0
 321 2000 0
 321 2000 0
 321 2000 0
 321 2000 0
 321 2000 0
 321 2000 0
 321 2000 0
 321 2000 0
 321 2000 0
 320 2000 0
t01:11:55
 321 2000 0
 321 2000 0
 321 2000 0
 356 2059 1
 414 2095 6
 449 2099 10
 472 2098 15
 489 2095 19
 506 2090 24
 516 2084 28
 528 2078 32
 535 2071 35
 543 2065 38
 550 2060 41
 558 2054 44
 565 2048 46
 570 2043 48
 575 2037 50
 578 2032 52
 579 2027 53
 584 2028 54
 586 2022 55
 588 2019 56
 589 2014 57
 593 2015 58
 593 2014 58
 595 2013 59
 596 2000 59
 600 2013 59
 599 2000 59
 601 2000 59
 599 2000 59
 601 2000 59
 601 2000 59
 601 2000 59
 602 2000 59
 599 2000 59
 601 2000 59
 601 2000 59
 560 1924 57
 462 1844 50
 396 1841 43
 373 1858 36
 368 1872 30
 365 1884 24
 360 1892 19
 346 1904 14
 340 1915 10
 338 1926 6
 338 1941 4
 336 1950 1
 334 1958 0
 329 1962 0
 329 1971 0
 328 1973 0
 326 1978 0
 324 1979 0
 324 1986 0
 324 1988 0
 323 1988 0
t01:11:56
 323 1989 0
 321 2000 0
 321 2000 0
 321 2000 0
 321 2000 0
 323 2000 0
 321 2000 0
 321 2000 0
 321 2000 0
 321 2000 0
 321 2000 0
 320 2000 0
 321 2000 0
 321 2000 0
 321 2000 0
 320 2000 0
 321 2000 0
 320 2000 0
 321 2000 0
 320 2000 0
 320 2000 0
 320 2000 0
 320 2000 0
 318 2000 0
 320 2000 0
 320 2000 0
 320 2000 0
 318 2000 0
 320 2000 0
 320 2000 0
 320 2000 0
 320 2000 0
 322 2000 0
 320 2000 0
 322 2000 0
 320 2000 0
 322 2000 0
 322 2000 0
 320 2000 0
 320 2000 0
 320 2000 0
 322 2000 0
 322 2000 0
 322 2000 0
 322 2000 0
 322 2000 0
 320 2000 0
 322 2000 0
 320 2000 0
 322 2000 0
 320 2000 0
 322 2000 0
 321 2000 0
 377 2077 2
 427 2097 7
 457 2099 12
 477 2097 16
 494 2094 21
 509 2089 25
 521 2084 29
t01:11:57
 531 2077 33
 539 2071 36
 548 2064 39
 554 2058 42
 559 2051 45
 566 2046 47
 571 2039 49
 574 2036 50
 579 2032 52
 583 2029 53
 584 2023 55
 588 2020 56
 589 2016 56
 591 2016 57
 593 2014 58
 595 2014 59
 596 2000 59
 596 2000 59
 598 2000 59
 596 2000 59
 598 2000 59
 598 2000 59
 599 2000 59
 599 2000 59
 599 2000 59
 599 2000 59
 601 2000 59
 600 2000 59
 593 1983 58
 512 1872 54
 420 1836 46
 380 1849 39
 371 1863 32
 365 1878 26
 362 1895 21
 352 1898 16
 345 1911 12
 340 1922 8
 338 1936 5
 336 1947 2
 335 1955 0
 331 1960 0
 330 1965 0
 328 1971 0
 328 1978 0
 326 1980 0
 325 1984 0
 325 1986 0
 323 1986 0
 321 1989 0
 321 2000 0
 321 2000 0
 321 2000 0
 323 2000 0
 321 2000 0
 321 2000 0
 321 2000 0
 321 2000 0
 320 2000 0
 321 2000 0
t01:11:58
 320 2000 0
 321 2000 0
 321 2000 0
 321 2000 0
 320 2000 0
 321 2000 0
 320 2000 0
 321 2000 0
 320 2000 0
 321 2000 0
 322 2000 0
 322 2000 0
 320 2000 0
 320 2000 0
 320 2000 0
 322 2000 0
 322 2000 0
 322 2000 0
 322 2000 0
 322 2000 0
 320 2000 0
 320 2000 0
 322 2000 0
 320 2000 0
 322 2000 0
 318 2000 0
 321 2000 0
 320 2000 0
 321 2000 0
 320 2000 0
 322 2000 0
 322 2000 0
 322 2000 0
 322 2000 0
 320 2000 0
 320 2000 0
 322 2000 0
 322 2000 0
 320 2000 0
 320 2000 0
 322 2000 0
 321 2000 0
 354 2058 1
 413 2095 5
 448 2099 10
 472 2098 15
 489 2095 19
 504 2091 24
 518 2085 28
 528 2078 32
 536 2073 35
 545 2067 38
 553 2062 41
 560 2054 44
 563 2047 46
 568 2041 48
 573 2038 50
 578 2033 52
 581 2029 53
 583 2024 54
t01:11:59
 588 2024 55
 591 2018 56
 591 2015 57
 593 2013 58
 593 2000 58
 595 2014 58
 595 2000 58
 598 2000 58
 596 2000 58
 600 2000 58
 598 2000 58
 600 2000 58
 598 2000 58
 601 2000 58
 599 2000 58
 601 2000 58
 601 2000 58
 602 2000 58
 559 1925 56
 462 1845 50
 396 1845 42
 375 1856 35
 368 1868 29
 362 1887 23
 359 1891 18
 345 1901 13
 338 1913 9
 338 1927 5
 335 1940 2
 335 1949 0
 333 1956 0
 330 1963 0
 328 1969 0
 328 1977 0
 326 1979 0
 325 1979 0
 323 1984 0
 323 1986 0
 323 2000 0
 323 2000 0
 323 2000 0
 323 2000 0
 323 2000 0
 321 2000 0
 321 2000 0
 321 2000 0
 321 2000 0
 321 2000 0
 321 2000 0
 321 2000 0
 321 2000 0
 321 2000 0
 321 2000 0
 321 2000 0
 321 2000 0
 320 2000 0
 321 2000 0
 321 2000 0
 321 2000 0
 321 2000 0
 321 2000 0
t01:12:00
 321 2000 0
 321 2000 0
 320 2000 0
 321 2000 0
 320 2000 0
 321 2000 0
 320 2000 0
 320 2000 0
 321 2000 0
 320 2000 0
 321 2000 0
 321 2000 0
 321 2000 0
 321 2000 0
 321 2000 0
 320 2000 0
 321 2000 0
 320 2000 0
 322 2000 0
 320 2000 0
 322 2000 0
 320 2000 0
 322 2000 0
 322 2000 0
 322 2000 0
 322 2000 0
 320 2000 0
 322 2000 0
 322 2000 0
 321 2000 0
 323 2012 0
 383 2082 3
 431 2098 8
 460 2098 12
 479 2097 17
 497 2094 21
 509 2088 26
 521 2082 30
 531 2076 33
 539 2070 37
 546 2064 40
 556 2058 42
 561 2051 45
 568 2045 47
 570 2040 49
 576 2036 51
 578 2030 52
 583 2026 54
 585 2022 55
 588 2022 56
 590 2017 57
 591 2016 57
 593 2013 58
 596 2014 59
 596 2000 59
 598 2000 59
 598 2000 59
 601 2000 59
 598 2000 59
t01:12:01
 600 2000 59
 600 2000 59
 600 2000 59
 599 2000 59
 601 2000 59
 599 2000 59
 600 2000 59
 593 1984 59
 515 1872 54
 423 1843 46
 383 1847 39
 371 1861 32
 367 1877 26
 362 1890 21
 350 1896 16
 343 1907 11
 340 1923 8
 338 1935 4
 335 1945 2
 335 1954 0
 331 1958 0
 328 1965 0
 328 1970 0
 326 1976 0
 323 1978 0
 324 1985 0
 325 1986 0
 323 1989 0
 321 1990 0
 321 2000 0
 321 2000 0
 321 2000 0
 321 2000 0
 321 2000 0
 320 2000 0
 321 2000 0
 320 2000 0
 321 2000 0
 320 2000 0
 321 2000 0
 320 2000 0
 320 2000 0
 321 2000 0
 321 2000 0
 321 2000 0
 321 2000 0
 321 2000 0
 321 2000 0
 321 2000 0
 320 2000 0
 321 2000 0
 320 2000 0
 321 2000 0
 320 2000 0
 321 2000 0
 320 2000 0
 321 2000 0
 320 2000 0
 321 2000 0
 321 2000 0
t01:12:02
 323 2000 0
 320 2000 0
 321 2000 0
 321 2000 0
 323 2000 0
 321 2000 0
 321 2000 0
 321 2000 0
 321 2000 0
 321 2000 0
 321 2000 0
 321 2000 0
 321 2000 0
 321 2000 0
 320 2000 0
 321 2000 0
 321 2000 0
 320 2000 0
 320 2000 0
 321 2000 0
 321 2000 0
 356 2060 1
 414 2095 6
 450 2098 10
 472 2098 15
 489 2095 19
 504 2090 24
 516 2084 28
 526 2078 32
 534 2073 35
 543 2064 38
 549 2059 41
 556 2053 44
 564 2049 46
 568 2041 48
 571 2037 50
 576 2033 51
 581 2031 53
 583 2025 54
 586 2023 55
 588 2015 56
 589 2016 57
 591 2015 58
 595 2014 58
 595 2000 59
 595 2000 59
 596 2000 59
 598 2000 59
 598 2000 59
 598 2000 59
 598 2000 59
 598 2000 59
 598 2000 59
 599 2000 59
 599 2000 59
 599 2000 59
 600 2000 59
 558 1923 56
 460 1841 49
 393 1848 42
t01:12:03
 373 1859 35
 366 1871 29
 364 1885 23
 359 1895 18
 347 1904 14
 340 1918 10
 338 1930 6
 336 1941 3
 336 1951 1
 333 1958 0
 331 1963 0
 328 1970 0
 328 1978 0
 326 1979 0
 324 1983 0
 323 1984 0
 323 1987 0
 323 1990 0
 323 2000 0
 323 2000 0
 323 2000 0
 321 2000 0
 321 2000 0
 321 2000 0
 321 2000 0
 321 2000 0
 321 2000 0
 321 2000 0
 320 2000 0
 321 2000 0
 320 2000 0
 320 2000 0
 321 2000 0
 323 2000 0
 321 2000 0
 321 2000 0
 321 2000 0
 321 2000 0
 321 2000 0
 321 2000 0
 320 2000 0
 320 2000 0
 320 2000 0
 321 2000 0
 321 2000 0
 321 2000 0
 320 2000 0
 320 2000 0
 321 2000 0
 320 2000 0
 320 2000 0
 320 2000 0
 321 2000 0
 320 2000 0
 321 2000 0
 321 2000 0
 321 2000 0
 321 2000 0
 321 2000 0
 321 2000 0
t01:12:04
 321 2000 0
 320 2000 0
 321 2000 0
 320 2000 0
 320 2000 0
 320 2000 0
 321 2000 0
 320 2000 0
 321 2000 0
 321 2000 0
 328 2018 0
 388 2084 3
 433 2098 8
 460 2098 13
 481 2096 17
 496 2092 22
 509 2088 26
 521 2080 30
 530 2074 33
 538 2068 37
 546 2063 40
 553 2056 42
 560 2050 45
 565 2044 47
 570 2040 49
 575 2035 51
 578 2032 52
 582 2025 53
 583 2023 54
 587 2021 55
 588 2019 56
 588 2013 57
 590 2013 57
 592 2000 58
 593 2000 58
 595 2000 58
 595 2000 58
 596 2000 58
 596 2000 58
 598 2000 58
 598 2000 58
 600 2000 58
 598 2000 58
 600 2000 58
 598 2000 58
 600 2000 58
 587 1980 57
 509 1870 52
 418 1836 45
 381 1853 38
 371 1868 31
 365 1880 25
 362 1892 20
 352 1900 15
 343 1910 11
 338 1922 7
 336 1933 3
 335 1946 1
 335 1953 0
 331 1959 0
t01:12:05
 331 1966 0
 328 1971 0
 326 1975 0
 324 1981 0
 324 1984 0
 323 1986 0
 325 1990 0
 323 1989 0
 321 2000 0
 321 2000 0
 323 2000 0
 321 2000 0
 323 2000 0
 321 2000 0
 323 2000 0
 321 2000 0
 321 2000 0
 320 2000 0
 321 2000 0
 320 2000 0
 321 2000 0
 321 2000 0
 321 2000 0
 320 2000 0
 321 2000 0
 321 2000 0
 321 2000 0
 321 2000 0
 321 2000 0
 321 2000 0
 321 2000 0
 321 2000 0
 320 2000 0
 321 2000 0
 321 2000 0
 320 2000 0
 321 2000 0
 321 2000 0
 320 2000 0
 320 2000 0
 320 2000 0
 321 2000 0
 320 2000 0
 320 2000 0
 320 2000 0
 321 2000 0
 320 2000 0
 321 2000 0
 322 2000 0
 322 2000 0
 322 2000 0
 322 2000 0
 320 2000 0
 322 2000 0
 321 2000 0
 321 2000 0
 321 2000 0
 323 2000 0
 321 2000 0
 322 2000 0
t01:12:06
 356 2058 1
 414 2095 6
 448 2098 10
 472 2098 15
 489 2094 19
 503 2090 24
 516 2084 28
 525 2077 31
 535 2071 35
 541 2065 38
 550 2059 41
 557 2053 44
 562 2047 46
 567 2042 48
 571 2036 50
 573 2032 51
 580 2029 53
 581 2025 54
 585 2023 55
 586 2018 56
 589 2017 57
 589 2014 57
 593 2013 58
 591 2000 58
 593 2000 58
 591 2000 58
 595 2000 58
 593 2000 58
 596 2000 58
 595 2000 58
 596 2000 58
 598 2000 58
 600 2000 58
 598 2000 58
 599 2000 58
 600 2000 58
 557 1922 56
 459 1844 49
 392 1842 41
 375 1859 34
 368 1874 28
 363 1886 23
 358 1895 18
 345 1903 13
 340 1919 9
 338 1930 6
 336 1941 3
 335 1950 0
 331 1956 0
 331 1966 0
 330 1973 0
 330 1976 0
 325 1978 0
 325 1982 0
 325 1984 0
 325 1989 0
 323 1989 0
 323 2000 0
 323 2000 0
 323 2000 0
t01:12:07
 321 2000 0
 323 2000 0
 321 2000 0
 323 2000 0
 321 2000 0
 323 2000 0
 321 2000 0
 321 2000 0
 321 2000 0
 321 2000 0
 321 2000 0
 321 2000 0
 321 2000 0
 321 2000 0
 321 2000 0
 321 2000 0
 321 2000 0
 320 2000 0
 320 2000 0
 320 2000 0
 321 2000 0
 321 2000 0
 321 2000 0
 320 2000 0
 321 2000 0
 320 2000 0
 321 2000 0
 320 2000 0
 321 2000 0
 321 2000 0
 323 2000 0
 320 2000 0
 321 2000 0
 321 2000 0
 320 2000 0
 321 2000 0
 321 2000 0
 320 2000 0
 321 2000 0
 321 2000 0
 320 2000 0
 320 2000 0
 320 2000 0
 321 2000 0
 322 2000 0
 322 2000 0
 322 2000 0
 322 2000 0
 322 2000 0
 324 2014 0
 384 2083 3
 431 2098 8
 460 2098 12
 479 2096 17
 496 2092 21
 508 2087 25
 519 2081 29
 530 2075 33
 538 2068 36
 546 2063 39
t01:12:08
 552 2056 42
 558 2051 45
 565 2045 47
 570 2040 49
 573 2035 50
 578 2030 52
 580 2026 53
 585 2026 54
 586 2020 55
 588 2017 56
 588 2012 57
 590 2013 57
 591 2000 58
 593 2000 58
 595 2000 58
 595 2000 58
 596 2000 58
 596 2000 58
 596 2000 58
 596 2000 58
 598 2000 58
 598 2000 58
 598 2000 58
 600 2000 58
 599 2000 58
 591 1984 57
 512 1872 52
 419 1835 45
 381 1853 38
 371 1868 31
 369 1882 25
 362 1891 20
 350 1897 15
 341 1909 11
 338 1923 7
 336 1938 4
 336 1947 1
 333 1955 0
 331 1962 0
 328 1966 0
 328 1974 0
 326 1979 0
 326 1984 0
 324 1987 0
 326 1988 0
 323 1986 0
 323 1989 0
 323 2000 0
 323 2000 0
 323 2000 0
 321 2000 0
 321 2000 0
 323 2000 0
 321 2000 0
 321 2000 0
 321 2000 0
 321 2000 0
 321 2000 0
 321 2000 0
 321 2000 0
t01:12:09
 320 2000 0
 321 2000 0
 320 2000 0
 321 2000 0
 320 2000 0
 321 2000 0
 320 2000 0
 321 2000 0
 320 2000 0
 321 2000 0
 322 2000 0
 322 2000 0
 322 2000 0
 322 2000 0
 320 2000 0
 320 2000 0
 320 2000 0
 322 2000 0
 320 2000 0
 320 2000 0
 320 2000 0
 322 2000 0
 320 2000 0
 320 2000 0
 321 2000 0
 321 2000 0
 322 2000 0
 322 2000 0
 320 2000 0
 320 2000 0
 322 2000 0
 320 2000 0
 322 2000 0
 320 2000 0
 322 2000 0
 320 2000 0
 320 2000 0
 320 2000 0
 321 2000 0
 354 2057 1
 413 2095 5
 448 2099 10
 472 2098 15
 490 2095 19
 505 2090 24
 515 2084 28
 526 2078 31
 535 2071 35
 543 2065 38
 548 2058 41
 557 2053 44
 562 2047 46
 567 2041 48
 572 2038 50
 577 2034 51
 580 2028 53
 582 2025 54
 583 2020 55
 588 2020 56
 586 2015 57
t01:12:10
 591 2015 57
 591 2000 58
 593 2000 58
 595 2000 58
 595 2000 58
 595 2000 58
 596 2000 58
 598 2000 58
 598 2000 58
 600 2000 58
 598 2000 58
 598 2000 58
 596 2000 58
 598 2000 58
 598 2000 58
 555 1922 55
 458 1846 49
 396 1844 41
 373 1856 34
 366 1873 28
 365 1884 23
 360 1899 18
 347 1906 13
 342 1918 9
 338 1927 5
 336 1939 2
 335 1947 0
 333 1957 0
 331 1964 0
 330 1971 0
 328 1974 0
 326 1978 0
 325 1981 0
 325 1987 0
 323 1987 0
 323 1989 0
 321 2000 0
 321 2000 0
 321 2000 0
 321 2000 0
 321 2000 0
 321 2000 0
 321 2000 0
 320 2000 0
 320 2000 0
 321 2000 0
 321 2000 0
 320 2000 0
 321 2000 0
 321 2000 0
 321 2000 0
 321 2000 0
 321 2000 0
 318 2000 0
 321 2000 0
 318 2000 0
 320 2000 0
 320 2000 0
 321 2000 0
 321 2000 0
t01:12:11
 321 2000 0
 321 2000 0
 321 2000 0
 321 2000 0
 321 2000 0
 320 2000 0
 321 2000 0
 321 2000 0
 320 2000 0
 321 2000 0
 321 2000 0
 321 2000 0
 321 2000 0
 320 2000 0
 320 2000 0
 320 2000 0
 320 2000 0
 320 2000 0
 320 2000 0
 322 2000 0
 320 2000 0
 322 2000 0
 320 2000 0
 322 2000 0
 320 2000 0
 322 2000 0
 322 2000 0
 321 2000 0
 322 2000 0
 377 2077 2
 426 2097 7
 456 2099 12
 476 2097 16
 494 2093 21
 508 2088 25
 518 2082 29
 528 2076 32
 536 2070 36
 544 2063 39
 551 2057 42
 558 2051 44
 564 2047 46
 568 2040 48
 573 2035 50
 578 2032 52
 581 2028 53
 583 2023 54
 584 2021 55
 588 2017 56
 588 2014 57
 591 2013 57
 593 2015 58
 596 2012 59
 593 2000 59
 596 2000 59
 594 2000 59
 596 2000 59
 596 2000 59
 596 2000 59
 598 2000 59
t01:12:12
 598 2000 59
 598 2000 59
 599 2000 59
 598 2000 59
 591 1986 58
 513 1872 54
 422 1838 46
 382 1847 39
 371 1865 32
 365 1878 26
 364 1892 21
 352 1897 16
 342 1907 12
 337 1922 8
 337 1934 5
 337 1943 2
 333 1954 0
 331 1962 0
 330 1967 0
 328 1971 0
 325 1976 0
 326 1980 0
 325 1985 0
 323 1986 0
 323 1988 0
 323 2000 0
 321 2000 0
 321 2000 0
 321 2000 0
 321 2000 0
 321 2000 0
 321 2000 0
 321 2000 0
 321 2000 0
 321 2000 0
 321 2000 0
 321 2000 0
 321 2000 0
 320 2000 0
 320 2000 0
 320 2000 0
 321 2000 0
 320 2000 0
 323 2000 0
 320 2000 0
 322 2000 0
 320 2000 0
 320 2000 0
 320 2000 0
 322 2000 0
 322 2000 0
 322 2000 0
 320 2000 0
 322 2000 0
 322 2000 0
 320 2000 0
 320 2000 0
 320 2000 0
 322 2000 0
 320 2000 0
t01:12:13
 322 2000 0
 322 2000 0
 320 2000 0
 320 2000 0
 322 2000 0
 320 2000 0
 322 2000 0
 320 2000 0
 322 2000 0
 322 2000 0
 322 2000 0
 322 2000 0
 322 2000 0
 322 2000 0
 320 2000 0
 320 2000 0
 322 2000 0
 321 2000 0
 354 2056 1
 412 2094 5
 447 2098 10
 472 2098 15
 489 2095 19
 504 2090 24
 514 2084 28
 526 2079 31
 535 2073 35
 543 2066 38
 550 2059 41
 555 2053 44
 560 2046 46
 565 2042 48
 571 2038 50
 575 2033 51
 579 2031 53
 583 2025 54
 583 2018 55
 586 2018 56
 586 2012 56
 589 2015 57
 589 2014 58
 593 2014 59
 593 2000 59
 596 2000 59
 596 2000 59
 596 2000 59
 594 2000 59
 598 2000 59
 596 2000 59
 597 2000 59
 597 2000 59
 597 2000 59
 597 2000 59
 598 2000 59
 558 1925 57
 462 1844 50
 395 1840 42
 375 1858 35
 366 1870 29
 361 1891 24
t01:12:14
 359 1895 19
 347 1905 14
 338 1917 10
 338 1928 6
 338 1942 3
 335 1950 1
 333 1955 0
 330 1962 0
 328 1969 0
 328 1977 0
 328 1981 0
 325 1982 0
 326 1986 0
 323 1986 0
 325 2000 0
 323 1990 0
 323 2000 0
 321 2000 0
 321 2000 0
 321 2000 0
 321 2000 0
 321 2000 0
 323 2000 0
 321 2000 0
 321 2000 0
 320 2000 0
 321 2000 0
 321 2000 0
 321 2000 0
 321 2000 0
 321 2000 0
 321 2000 0
 321 2000 0
 320 2000 0
 320 2000 0
 321 2000 0
 320 2000 0
 320 2000 0
 320 2000 0
 320 2000 0
 320 2000 0
 320 2000 0
 320 2000 0
 322 2000 0
 320 2000 0
 320 2000 0
 320 2000 0
 322 2000 0
 320 2000 0
 322 2000 0
 320 2000 0
 322 2000 0
 320 2000 0
 322 2000 0
 320 2000 0
 322 2000 0
 320 2000 0
 320 2000 0
 320 2000 0
 320 2000 0
t01:12:15
 320 2000 0
 322 2000 0
 322 2000 0
 322 2000 0
 322 2000 0
 322 2000 0
 321 2000 0
 326 2014 0
 384 2082 3
 431 2098 8
 460 2098 12
 479 2096 17
 496 2092 21
 508 2088 26
 521 2081 29
 529 2076 33
 541 2070 37
 544 2062 40
 554 2058 42
 560 2051 45
 566 2046 47
 571 2040 49
 575 2035 51
 578 2029 52
 581 2026 54
 583 2022 55
 586 2022 56
 588 2018 57
 591 2017 57
 591 2014 58
 595 2000 58
 593 2000 58
 596 2000 58
 595 2000 58
 596 2000 58
 596 2000 58
 598 2000 58
 598 2000 58
 598 2000 58
 600 2000 58
 600 2000 58
 600 2000 58
 598 2000 58
 591 1983 58
 512 1872 53
 422 1840 46
 380 1848 38
 370 1865 32
 369 1885 26
 364 1892 21
 350 1896 16
 340 1908 11
 338 1922 7
 338 1935 4
 335 1944 1
 335 1954 0
 330 1958 0
 328 1967 0
 326 1971 0
 325 1977 0
t01:12:16
 325 1981 0
 323 1984 0
 323 1985 0
 323 1990 0
 321 1990 0
 323 2000 0
 321 2000 0
 321 2000 0
 321 2000 0
 321 2000 0
 323 2000 0
 321 2000 0
 321 2000 0
 321 2000 0
 321 2000 0
 321 2000 0
 321 2000 0
 321 2000 0
 321 2000 0
 321 2000 0
 321 2000 0
 320 2000 0
 321 2000 0
 321 2000 0
 321 2000 0
 320 2000 0
 321 2000 0
 320 2000 0
 321 2000 0
 320 2000 0
 321 2000 0
 320 2000 0
 321 2000 0
 320 2000 0
 321 2000 0
 320 2000 0
 321 2000 0
 320 2000 0
 320 2000 0
 320 2000 0
 321 2000 0
 320 2000 0
 320 2000 0
 318 2000 0
 320 2000 0
 320 2000 0
 320 2000 0
 321 2000 0
 320 2000 0
 321 2000 0
 322 2000 0
 322 2000 0
 321 2000 0
 321 2000 0
 320 2000 0
 321 2000 0
 322 2000 0
 356 2058 1
 413 2095 6
 448 2098 10
t01:12:17
 472 2097 15
 489 2095 19
 503 2089 24
 515 2083 28
 525 2077 31
 535 2072 35
 541 2065 38
 550 2060 41
 557 2053 44
 563 2048 46
 567 2040 48
 572 2037 50
 575 2032 51
 580 2029 53
 581 2022 54
 585 2023 55
 586 2017 56
 586 2015 56
 590 2013 57
 590 2000 57
 593 2013 58
 593 2000 58
 595 2000 58
 596 2000 58
 596 2000 58
 595 2000 58
 596 2000 58
 595 2000 58
 598 2000 58
 596 2000 58
 600 2000 58
 598 2000 58
 599 2000 58
 557 1924 56
 460 1847 49
 393 1846 41
 373 1857 34
 366 1871 28
 365 1890 23
 360 1898 18
 347 1902 13
 340 1916 9
 338 1930 5
 336 1943 3
 335 1952 0
 331 1959 0
 331 1966 0
 328 1968 0
 326 1974 0
 326 1980 0
 326 1983 0
 323 1985 0
 325 1989 0
 323 1989 0
 323 2000 0
 321 2000 0
 321 2000 0
 321 2000 0
 321 2000 0
 321 2000 0
t01:12:18
 321 2000 0
 323 2000 0
 321 2000 0
 323 2000 0
 321 2000 0
 321 2000 0
 320 2000 0
 321 2000 0
 320 2000 0
 321 2000 0
 321 2000 0
 323 2000 0
 321 2000 0
 321 2000 0
 321 2000 0
 321 2000 0
 321 2000 0
 321 2000 0
 321 2000 0
 321 2000 0
 320 2000 0
 321 2000 0
 321 2000 0
 321 2000 0
 320 2000 0
 320 2000 0
 321 2000 0
 321 2000 0
 320 2000 0
 320 2000 0
 321 2000 0
 320 2000 0
 320 2000 0
 320 2000 0
 320 2000 0
 322 2000 0
 322 2000 0
 320 2000 0
 322 2000 0
 322 2000 0
 322 2000 0
 322 2000 0
 322 2000 0
 320 2000 0
 322 2000 0
 321 2000 0
 325 2014 0
 384 2083 3
 431 2098 8
 460 2098 12
 481 2097 17
 496 2092 21
 509 2088 26
 521 2081 30
 531 2075 33
 538 2069 37
 546 2064 40
 553 2056 42
 561 2052 45
 566 2044 47
t01:12:19
 570 2039 49
 575 2035 51
 578 2031 52
 581 2026 54
 583 2023 55
 586 2020 56
 590 2018 57
 591 2016 57
 593 2015 58
 595 2013 59
 595 2000 59
 595 2000 59
 595 2000 59
 598 2000 59
 596 2000 59
 600 2000 59
 598 2000 59
 601 2000 59
 600 2000 59
 598 2000 59
 600 2000 59
 600 2000 59
 591 1983 58
 513 1871 53
 420 1841 46
 381 1851 39
 371 1871 32
 365 1878 26
 362 1895 21
 352 1899 17
 345 1910 12
 340 1922 8
 338 1934 5
 336 1943 2
 333 1952 0
 331 1962 0
 330 1964 0
 326 1971 0
 326 1978 0
 325 1980 0
 325 1985 0
 325 1988 0
 325 2000 0
 323 2000 0
 323 2000 0
 321 2000 0
 321 2000 0
 321 2000 0
 321 2000 0
 321 2000 0
 323 2000 0
 321 2000 0
 323 2000 0
 321 2000 0
 321 2000 0
 320 2000 0
 321 2000 0
 320 2000 0
 321 2000 0
 320 2000 0
t01:12:20
 321 2000 0
 320 2000 0
 321 2000 0
 320 2000 0
 321 2000 0
 321 2000 0
 321 2000 0
 321 2000 0
 321 2000 0
 320 2000 0
 320 2000 0
 321 2000 0
 322 2000 0
 322 2000 0
 320 2000 0
 320 2000 0
 322 2000 0
 322 2000 0
 322 2000 0
 322 2000 0
 320 2000 0
 321 2000 0
 320 2000 0
 322 2000 0
 322 2000 0
 320 2000 0
 322 2000 0
 322 2000 0
 320 2000 0
 322 2000 0
 320 2000 0
 322 2000 0
 320 2000 0
 322 2000 0
 320 2000 0
 321 2000 0
 354 2058 1
 413 2095 5
 448 2099 10
 473 2099 15
 489 2095 19
 504 2091 24
 516 2084 28
 526 2078 32
 535 2073 35
 545 2066 38
 550 2059 41
 557 2054 44
 565 2048 46
 568 2043 48
 573 2038 50
 578 2033 52
 582 2029 53
 583 2024 54
 587 2022 55
 588 2018 56
 590 2015 57
 592 2013 58
 593 2013 58
 595 2013 59
t01:12:21
 598 2014 60
 596 2000 60
 600 2000 60
 598 2000 60
 601 2000 60
 601 2000 60
 601 2000 60
 600 2000 60
 603 2000 60
 601 2000 60
 601 2000 60
 600 2000 60
 560 1922 57
 460 1842 50
 395 1843 43
 373 1858 36
 366 1871 30
 361 1888 24
 359 1895 19
 347 1903 14
 342 1916 10
 338 1927 7
 337 1941 4
 335 1950 1
 332 1957 0
 332 1964 0
 328 1968 0
 328 1976 0
 326 1978 0
 325 1982 0
 323 1984 0
 325 1987 0
 323 1990 0
 323 2000 0
 321 2000 0
 321 2000 0
 321 2000 0
 321 2000 0
 321 2000 0
 323 2000 0
 321 2000 0
 321 2000 0
 321 2000 0
 321 2000 0
 321 2000 0
 321 2000 0
 320 2000 0
 321 2000 0
 318 2000 0
 320 2000 0
 322 2000 0
 320 2000 0
 322 2000 0
 320 2000 0
 322 2000 0
 320 2000 0
 320 2000 0
 322 2000 0
 322 2000 0
 320 2000 0
t01:12:22
 322 2000 0
 320 2000 0
 320 2000 0
 320 2000 0
 320 2000 0
 320 2000 0
 320 2000 0
 320 2000 0
 322 2000 0
 322 2000 0
 322 2000 0
 320 2000 0
 322 2000 0
 322 2000 0
 322 2000 0
 320 2000 0
 322 2000 0
 320 2000 0
 322 2000 0
 320 2000 0
 320 2000 0
 320 2000 0
 320 2000 0
 322 2000 0
 321 2000 0
 328 2020 0
 389 2085 3
 433 2098 8
 461 2099 13
 481 2097 17
 498 2093 22
 511 2088 26
 521 2081 30
 532 2076 34
 540 2069 37
 548 2062 40
 553 2056 43
 562 2050 45
 565 2044 47
 572 2040 49
 577 2037 51
 582 2032 53
 582 2025 54
 586 2024 55
 586 2020 56
 591 2020 57
 591 2016 58
 595 2012 58
 593 2000 58
 595 2000 58
 595 2000 58
 598 2000 58
 598 2000 58
 600 2000 58
 600 2000 58
 600 2000 58
 600 2000 58
 601 2000 58
 601 2000 58
 601 2000 58
 600 2000 58
t01:12:23
 593 1982 58
 512 1869 53
 419 1837 45
 382 1850 38
 371 1864 31
 367 1878 26
 364 1891 20
 352 1898 15
 342 1909 11
 338 1922 7
 338 1936 4
 338 1947 1
 333 1952 0
 331 1962 0
 330 1965 0
 328 1970 0
 328 1976 0
 328 1982 0
 325 1982 0
 323 1986 0
 323 1987 0
 323 1989 0
 323 2000 0
 321 2000 0
 321 2000 0
 321 2000 0
 321 2000 0
 321 2000 0
 321 2000 0
 321 2000 0
 321 2000 0
 321 2000 0
 321 2000 0
 321 2000 0
 321 2000 0
 321 2000 0
 320 2000 0
 320 2000 0
 321 2000 0
 320 2000 0
 320 2000 0
 320 2000 0
 320 2000 0
 320 2000 0
 320 2000 0
 321 2000 0
 321 2000 0
 321 2000 0
 321 2000 0
 320 2000 0
 321 2000 0
 320 2000 0
 320 2000 0
 320 2000 0
 322 2000 0
 320 2000 0
 321 2000 0
 320 2000 0
 320 2000 0
t01:12:24
 320 2000 0
 322 2000 0
 322 2000 0
 322 2000 0
 322 2000 0
 322 2000 0
 320 2000 0
 320 2000 0
 320 2000 0
 320 2000 0
 322 2000 0
 320 2000 0
 322 2000 0
 320 2000 0
 322 2000 0
 356 2060 1
 415 2095 6
 448 2099 10
 473 2098 15
 489 2095 19
 504 2091 24
 516 2084 28
 528 2078 32
 536 2071 35
 545 2066 38
 552 2061 41
 560 2054 44
 565 2047 46
 570 2041 48
 573 2038 50
 578 2033 52
 580 2028 53
 585 2026 54
 586 2021 55
 590 2020 56
 591 2016 57
 595 2016 58
 595 2012 59
 596 2000 59
 598 2000 59
 598 2000 59
 600 2000 59
 600 2000 59
 599 2000 59
 599 2000 59
 601 2000 59
 599 2000 59
 599 2000 59
 599 2000 59
 601 2000 59
 599 2000 59
 557 1921 56
 457 1844 49
 395 1846 42
 375 1864 35
 367 1874 29
 363 1887 24
 360 1892 19
 345 1902 14
 340 1915 10
t01:12:25
 336 1931 6
 338 1940 3
 333 1948 1
 331 1958 0
 330 1963 0
 330 1969 0
 328 1974 0
 326 1979 0
 325 1982 0
 325 1986 0
 323 1987 0
 323 1989 0
 321 1988 0
 321 2000 0
 321 2000 0
 323 2000 0
 321 2000 0
 321 2000 0
 321 2000 0
 321 2000 0
 321 2000 0
 320 2000 0
 320 2000 0
 320 2000 0
 322 2000 0
 320 2000 0
 322 2000 0
 320 2000 0
 322 2000 0
 320 2000 0
 321 2000 0
 320 2000 0
 321 2000 0
 320 2000 0
 321 2000 0
 321 2000 0
 321 2000 0
 320 2000 0
 321 2000 0
 320 2000 0
 320 2000 0
 321 2000 0
 321 2000 0
 320 2000 0
 320 2000 0
 320 2000 0
 320 2000 0
 320 2000 0
 322 2000 0
 320 2000 0
 322 2000 0
 320 2000 0
 320 2000 0
 320 2000 0
 320 2000 0
 322 2000 0
 320 2000 0
 320 2000 0
 320 2000 0
 322 2000 0
 320 2000 0
t01:12:26
 322 2000 0
 322 2000 0
 321 2000 0
 321 2000 0
 379 2079 2
 428 2098 7
 458 2098 12
 477 2096 16
 495 2094 21
 507 2088 25
 519 2082 29
 529 2076 33
 537 2070 36
 546 2063 39
 553 2058 42
 558 2049 44
 563 2046 47
 569 2040 49
 573 2036 50
 578 2032 52
 581 2030 53
 584 2024 55
 586 2020 55
 589 2017 56
 589 2015 57
 591 2013 58
 593 2000 58
 593 2000 58
 595 2000 58
 595 2000 58
 598 2000 58
 598 2000 58
 598 2000 58
 599 2000 58
 599 2000 58
 599 2000 58
 598 2000 58
 599 2000 58
 599 2000 58
 594 1986 58
 512 1872 53
 420 1841 45
 378 1848 38
 370 1863 31
 362 1878 25
 362 1896 20
 352 1897 15
 343 1910 11
 338 1924 7
 338 1935 4
 335 1945 1
 335 1955 0
 330 1961 0
 328 1967 0
 328 1973 0
 328 1979 0
 325 1979 0
 325 1984 0
 325 1988 0
t01:12:27
 323 1989 0
 323 2000 0
 323 2000 0
 323 2000 0
 321 2000 0
 323 2000 0
 321 2000 0
 321 2000 0
 321 2000 0
 321 2000 0
 321 2000 0
 321 2000 0
 321 2000 0
 321 2000 0
 321 2000 0
 321 2000 0
 320 2000 0
 321 2000 0
 320 2000 0
 320 2000 0
 320 2000 0
 321 2000 0
 322 2000 0
 322 2000 0
 320 2000 0
 322 2000 0
 320 2000 0
 320 2000 0
 322 2000 0
 322 2000 0
 320 2000 0
 322 2000 0
 322 2000 0
 322 2000 0
 322 2000 0
 320 2000 0
 320 2000 0
 320 2000 0
 320 2000 0
 320 2000 0
 320 2000 0
 320 2000 0
 322 2000 0
 320 2000 0
 322 2000 0
 320 2000 0
 322 2000 0
 320 2000 0
 321 2000 0
 320 2000 0
 321 2000 0
 320 2000 0
 321 2000 0
 321 2000 0
 354 2055 1
 412 2094 5
 448 2099 10
 472 2098 15
 487 2095 19
 502 2091 24
 516 2085 28
t01:12:28
 528 2079 31
 534 2073 35
 543 2066 38
 551 2060 41
 556 2053 44
 563 2048 46
 568 2041 48
 571 2037 50
 576 2034 51
 581 2029 53
 583 2024 54
 584 2023 55
 588 2020 56
 589 2016 57
 591 2015 58
 593 2000 58
 595 2000 58
 595 2000 58
 598 2000 58
 598 2000 58
 600 2000 58
 598 2000 58
 599 2000 58
 599 2000 58
 601 2000 58
 599 2000 58
 601 2000 58
 599 2000 58
 600 2000 58
 560 1924 56
 460 1843 49
 393 1842 41
 375 1858 35
 366 1872 28
 362 1886 23
 358 1896 18
 347 1907 13
 341 1915 9
 338 1929 6
 336 1939 3
 335 1950 0
 333 1960 0
 331 1966 0
 331 1972 0
 328 1974 0
 326 1977 0
 324 1981 0
 324 1986 0
 323 1989 0
 323 1988 0
 321 2000 0
 323 2000 0
 321 2000 0
 323 2000 0
 320 2000 0
 321 2000 0
 321 2000 0
 323 2000 0
 321 2000 0
t01:12:29
 323 2000 0
 321 2000 0
 321 2000 0
 320 2000 0
 321 2000 0
 321 2000 0
 321 2000 0
 320 2000 0
 321 2000 0
 321 2000 0
 321 2000 0
 320 2000 0
 320 2000 0
 321 2000 0
 321 2000 0
 321 2000 0
 321 2000 0
 321 2000 0
 321 2000 0
 320 2000 0
 320 2000 0
 321 2000 0
 320 2000 0
 321 2000 0
 320 2000 0
 322 2000 0
 322 2000 0
 322 2000 0
 320 2000 0
 322 2000 0
 320 2000 0
 322 2000 0
 320 2000 0
 323 2000 0
 322 2000 0
 322 2000 0
 322 2000 0
 322 2000 0
 322 2000 0
 322 2000 0
 322 2000 0
 322 2000 0
 321 2000 0
 326 2015 0
 386 2084 3
 431 2098 8
 461 2099 12
 481 2097 17
 497 2093 22
 509 2087 26
 521 2081 30
 531 2075 33
 539 2069 37
 546 2063 40
 554 2057 42
 560 2050 45
 566 2046 47
 570 2040 49
 576 2035 51
 578 2031 52
t01:12:30
 583 2028 54
 585 2024 55
 590 2022 56
 588 2015 57
 593 2019 57
 593 2013 58
 595 2012 59
 595 2000 59
 596 2000 59
 596 2000 59
 598 2000 59
 596 2000 59
 598 2000 59
 598 2000 59
 598 2000 59
 600 2000 59
 600 2000 59
 600 2000 59
 601 2000 59
 595 1983 58
 515 1872 54
 422 1838 46
 380 1850 39
 370 1864 32
 369 1878 26
 365 1891 21
 352 1896 16
 342 1906 11
 338 1922 7
 338 1936 4
 335 1944 1
 333 1954 0
 331 1961 0
 330 1968 0
 328 1973 0
 326 1976 0
 325 1979 0
 325 1986 0
 325 1987 0
 325 1988 0
 323 1988 0
 323 2000 0
 321 2000 0
 321 2000 0
 321 2000 0
 321 2000 0
 321 2000 0
 321 2000 0
 321 2000 0
 321 2000 0
 321 2000 0
 321 2000 0
 321 2000 0
 321 2000 0
 320 2000 0
 320 2000 0
 320 2000 0
 320 2000 0
 321 2000 0
 320 2000 0
t01:12:31
 321 2000 0
 320 2000 0
 321 2000 0
 320 2000 0
 320 2000 0
 320 2000 0
 321 2000 0
 320 2000 0
 321 2000 0
 320 2000 0
 321 2000 0
 320 2000 0
 321 2000 0
 320 2000 0
 321 2000 0
 320 2000 0
 321 2000 0
 321 2000 0
 321 2000 0
 320 2000 0
 321 2000 0
 320 2000 0
 320 2000 0
 321 2000 0
 320 2000 0
 320 2000 0
 322 2000 0
 322 2000 0
 322 2000 0
 320 2000 0
 322 2000 0
 320 2000 0
 321 2000 0
 358 2060 1
 414 2095 6
 448 2098 10
 472 2097 15
 489 2095 19
 503 2090 24
 516 2084 28
 526 2078 32
 535 2072 35
 541 2065 38
 550 2060 41
 557 2052 44
 562 2047 46
 567 2042 48
 572 2036 50
 574 2031 51
 580 2031 53
 582 2024 54
 585 2024 55
 587 2018 56
 590 2019 57
 592 2015 58
 593 2013 58
 595 2000 58
 595 2000 58
 596 2000 59
 596 2000 59
t01:12:32
 598 2000 59
 598 2000 59
 600 2000 59
 598 2000 59
 600 2000 59
 599 2000 59
 598 2000 59
 598 2000 59
 597 2000 59
 556 1921 56
 460 1848 50
 395 1841 42
 375 1863 35
 368 1872 29
 367 1891 24
 358 1894 19
 346 1909 14
 340 1916 10
 338 1929 6
 336 1941 4
 335 1952 1
 333 1957 0
 330 1965 0
 328 1972 0
 328 1977 0
 326 1978 0
 325 1982 0
 325 1985 0
 325 1988 0
 323 2000 0
 323 2000 0
 323 2000 0
 321 2000 0
 321 2000 0
 321 2000 0
 321 2000 0
 321 2000 0
 321 2000 0
 321 2000 0
 321 2000 0
 321 2000 0
 321 2000 0
 320 2000 0
 321 2000 0
 321 2000 0
 321 2000 0
 321 2000 0
 321 2000 0
 321 2000 0
 321 2000 0
 321 2000 0
 320 2000 0
 320 2000 0
 320 2000 0
 320 2000 0
 320 2000 0
 320 2000 0
 320 2000 0
 320 2000 0
 320 2000 0
t01:12:33
 320 2000 0
 321 2000 0
 320 2000 0
 320 2000 0
 321 2000 0
 321 2000 0
 321 2000 0
 321 2000 0
 320 2000 0
 320 2000 0
 321 2000 0
 320 2000 0
 320 2000 0
 320 2000 0
 320 2000 0
 322 2000 0
 322 2000 0
 320 2000 0
 322 2000 0
 320 2000 0
 322 2000 0
 321 2000 0
 328 2017 0
 388 2085 3
 433 2098 8
 461 2099 13
 481 2097 17
 496 2093 22
 511 2088 26
 523 2082 30
 533 2076 34
 540 2069 37
 548 2063 40
 555 2055 43
 560 2050 45
 568 2045 47
 572 2039 49
 577 2037 51
 581 2033 53
 583 2027 54
 585 2023 55
 588 2021 56
 591 2020 57
 593 2017 58
 595 2013 59
 595 2000 59
 595 2000 59
 596 2000 59
 595 2000 59
 598 2000 59
 598 2000 59
 598 2000 59
 598 2000 59
 600 2000 59
 598 2000 59
 601 2000 59
 600 2000 59
 600 2000 59
 591 1982 58
 512 1870 53
t01:12:34
 419 1842 46
 383 1848 38
 370 1865 32
 365 1879 26
 362 1895 21
 352 1898 16
 343 1909 11
 338 1921 7
 336 1934 4
 335 1945 1
 335 1953 0
 331 1960 0
 328 1967 0
 326 1973 0
 326 1978 0
 326 1981 0
 325 1984 0
 325 1988 0
 325 2000 0
 323 2000 0
 325 2000 0
 321 2000 0
 323 2000 0
 321 2000 0
 323 2000 0
 321 2000 0
 321 2000 0
 321 2000 0
 321 2000 0
 320 2000 0
 321 2000 0
 320 2000 0
 321 2000 0
 321 2000 0
 321 2000 0
 320 2000 0
 321 2000 0
 320 2000 0
 321 2000 0
 320 2000 0
 321 2000 0
 321 2000 0
 321 2000 0
 320 2000 0
 320 2000 0
 320 2000 0
 320 2000 0
 321 2000 0
 320 2000 0
 321 2000 0
 321 2000 0
 321 2000 0
 320 2000 0
 321 2000 0
 322 2000 0
 322 2000 0
 320 2000 0
 322 2000 0
 322 2000 0
 322 2000 0
t01:12:35
 320 2000 0
 320 2000 0
 322 2000 0
 322 2000 0
 320 2000 0
 322 2000 0
 320 2000 0
 320 2000 0
 320 2000 0
 322 2000 0
 320 2000 0
 321 2000 0
 358 2062 1
 416 2095 6
 450 2099 10
 472 2098 15
 490 2095 20
 505 2090 24
 515 2084 28
 527 2078 32
 536 2073 35
 545 2068 39
 553 2060 41
 558 2053 44
 565 2048 46
 570 2043 48
 575 2038 50
 578 2033 52
 582 2028 53
 585 2024 55
 588 2023 56
 590 2019 57
 593 2017 57
 593 2014 58
 596 2012 59
 595 2000 59
 598 2000 59
 596 2000 59
 600 2000 59
 596 2000 59
 601 2000 59
 598 2000 59
 601 2000 59
 601 2000 59
 601 2000 59
 600 2000 59
 601 2000 59
 600 2000 59
 560 1924 57
 460 1843 50
 395 1842 42
 375 1857 35
 366 1877 29
 361 1884 23
 359 1895 18
 347 1906 14
 340 1915 10
 338 1928 6
 338 1941 3
 335 1948 1
t01:12:36
 331 1956 0
 331 1962 0
 328 1967 0
 328 1975 0
 326 1978 0
 325 1982 0
 325 1984 0
 323 1988 0
 321 1988 0
 323 2000 0
 321 2000 0
 323 2000 0
 321 2000 0
 321 2000 0
 321 2000 0
 323 2000 0
 321 2000 0
 321 2000 0
 321 2000 0
 321 2000 0
 321 2000 0
 321 2000 0
 321 2000 0
 321 2000 0
 321 2000 0
 320 2000 0
 321 2000 0
 320 2000 0
 321 2000 0
 320 2000 0
 320 2000 0
 321 2000 0
 321 2000 0
 320 2000 0
 321 2000 0
 320 2000 0
 321 2000 0
 320 2000 0
 321 2000 0
 320 2000 0
 320 2000 0
 320 2000 0
 321 2000 0
 320 2000 0
 321 2000 0
 321 2000 0
 321 2000 0
 321 2000 0
 321 2000 0
 320 2000 0
 320 2000 0
 321 2000 0
 321 2000 0
 321 2000 0
 321 2000 0
 321 2000 0
 322 2000 0
 322 2000 0
 322 2000 0
 320 2000 0
t01:12:37
 322 2000 0
 328 2018 0
 388 2085 3
 432 2098 8
 462 2099 13
 481 2096 17
 498 2092 22
 511 2088 26
 521 2081 30
 530 2074 33
 538 2068 37
 547 2063 40
 553 2056 42
 560 2049 45
 562 2042 47
 570 2040 49
 574 2035 50
 578 2032 52
 580 2026 53
 585 2025 55
 587 2021 56
 590 2019 56
 590 2013 57
 592 2014 58
 593 2000 58
 595 2000 58
 595 2000 58
 596 2000 58
 596 2000 58
 598 2000 58
 598 2000 58
 600 2000 58
 600 2000 58
 600 2000 58
 598 2000 58
 598 2000 58
 599 2000 58
 590 1982 58
 512 1871 53
 420 1837 45
 382 1847 38
 370 1867 31
 369 1881 26
 364 1891 20
 352 1896 15
 342 1907 11
 340 1924 7
 336 1935 4
 336 1944 1
 333 1950 0
 331 1961 0
 330 1965 0
 328 1972 0
 326 1977 0
 326 1983 0
 325 1983 0
 323 1986 0
 323 1988 0
 321 1990 0
 321 2000 0
t01:12:38
 321 2000 0
 321 2000 0
 321 2000 0
 321 2000 0
 320 2000 0
 321 2000 0
 321 2000 0
 320 2000 0
 321 2000 0
 321 2000 0
 321 2000 0
 321 2000 0
 321 2000 0
 321 2000 0
 322 2000 0
 322 2000 0
 320 2000 0
 320 2000 0
 320 2000 0
 322 2000 0
 320 2000 0
 322 2000 0
 322 2000 0
 322 2000 0
 322 2000 0
 322 2000 0
 322 2000 0
 322 2000 0
 320 2000 0
 320 2000 0
 320 2000 0
 320 2000 0
 320 2000 0
 322 2000 0
 322 2000 0
 322 2000 0
 322 2000 0
 322 2000 0
 322 2000 0
 322 2000 0
 320 2000 0
 320 2000 0
 320 2000 0
 320 2000 0
 320 2000 0
 320 2000 0
 320 2000 0
 320 2000 0
 322 2000 0
 322 2000 0
 321 2000 0
 342 2042 0
 405 2092 5
 443 2098 9
 469 2098 14
 486 2095 18
 501 2091 23
 514 2086 27
 524 2079 31
 531 2072 34
t01:12:39
 543 2068 37
 548 2059 40
 554 2053 43
 559 2048 45
 566 2044 47
 569 2037 49
 574 2033 51
 578 2029 52
 581 2026 54
 584 2023 55
 586 2020 56
 588 2014 56
 588 2013 57
 591 2000 57
 591 2012 58
 595 2013 58
 595 2000 58
 596 2000 58
 595 2000 58
 598 2000 58
 594 2000 58
 598 2000 58
 596 2000 58
 599 2000 58
 598 2000 58
 597 2000 58
 597 2000 58
 559 1927 56
 462 1846 50
 393 1840 42
 371 1859 35
 367 1872 29
 364 1887 23
 359 1898 18
 345 1904 14
 340 1915 10
 338 1928 6
 336 1941 3
 335 1950 0
 333 1960 0
 331 1964 0
 328 1968 0
 328 1973 0
 326 1979 0
 324 1981 0
 324 1988 0
 324 1988 0
 323 1988 0
 323 2000 0
 321 2000 0
 321 2000 0
 321 2000 0
 323 2000 0
 321 2000 0
 323 2000 0
 321 2000 0
 323 2000 0
 321 2000 0
 321 2000 0
 320 2000 0
t01:12:40
 321 2000 0
 321 2000 0
 320 2000 0
 320 2000 0
 321 2000 0
 321 2000 0
 320 2000 0
 320 2000 0
 321 2000 0
 321 2000 0
 321 2000 0
 320 2000 0
 320 2000 0
 320 2000 0
 321 2000 0
 321 2000 0
 320 2000 0
 320 2000 0
 321 2000 0
 321 2000 0
 321 2000 0
 321 2000 0
 321 2000 0
 321 2000 0
 320 2000 0
 320 2000 0
 321 2000 0
 321 2000 0
 320 2000 0
 321 2000 0
 320 2000 0
 321 2000 0
 320 2000 0
 321 2000 0
 320 2000 0
 321 2000 0
 322 2000 0
 322 2000 0
 321 2000 0
 323 2000 0
 326 2012 0
 386 2082 3
 431 2098 8
 459 2098 12
 479 2096 17
 496 2092 21
 508 2087 25
 521 2082 29
 530 2076 33
 541 2070 36
 548 2063 40
 555 2057 42
 560 2050 45
 566 2045 47
 571 2040 49
 575 2035 51
 578 2031 52
 581 2029 54
 584 2022 55
 584 2018 56
t01:12:41
 588 2017 56
 589 2014 57
 593 2014 58
 591 2000 58
 595 2000 58
 595 2000 58
 598 2000 58
 596 2000 58
 598 2000 58
 596 2000 58
 600 2000 58
 598 2000 58
 599 2000 58
 598 2000 58
 601 2000 58
 597 2000 58
 592 1984 57
 510 1871 52
 420 1841 45
 380 1851 38
 370 1869 31
 364 1880 25
 362 1895 20
 352 1898 15
 341 1910 11
 341 1924 7
 338 1934 4
 335 1946 1
 335 1955 0
 331 1959 0
 330 1965 0
 328 1972 0
 326 1976 0
 326 1981 0
 323 1983 0
 323 1986 0
 323 1989 0
 323 2000 0
 323 2000 0
 323 2000 0
 321 2000 0
 321 2000 0
 321 2000 0
 323 2000 0
 323 2000 0
 325 2000 0
 321 2000 0
 321 2000 0
 320 2000 0
 320 2000 0
 320 2000 0
 321 2000 0
 321 2000 0
 321 2000 0
 320 2000 0
 321 2000 0
 321 2000 0
 321 2000 0
 321 2000 0
 321 2000 0
t01:12:42
 321 2000 0
 321 2000 0
 320 2000 0
 320 2000 0
 321 2000 0
 321 2000 0
 321 2000 0
 321 2000 0
 320 2000 0
 321 2000 0
 322 2000 0
 320 2000 0
 321 2000 0
 320 2000 0
 321 2000 0
 320 2000 0
 321 2000 0
 320 2000 0
 321 2000 0
 320 2000 0
 321 2000 0
 320 2000 0
 321 2000 0
 320 2000 0
 321 2000 0
 320 2000 0
 321 2000 0
 320 2000 0
 321 2000 0
 321 2000 0
 354 2056 1
 413 2095 5
 448 2099 10
 472 2098 15
 489 2095 19
 504 2091 24
 514 2085 28
 528 2079 32
 536 2073 35
 543 2065 38
 549 2058 41
 556 2053 44
 563 2048 46
 568 2041 48
 573 2038 50
 578 2035 52
 581 2029 53
 583 2024 54
 584 2020 55
 586 2016 56
 588 2016 57
 593 2019 58
 595 2016 58
 596 2014 59
 596 2000 59
 600 2000 59
 598 2000 59
 600 2000 59
 599 2000 59
 603 2000 59
t01:12:43
 599 2000 59
 603 2000 59
 601 2000 59
 601 2000 59
 599 2000 59
 600 2000 59
 562 1926 57
 463 1846 51
 397 1841 43
 375 1859 36
 368 1871 30
 361 1887 24
 360 1895 19
 345 1904 14
 341 1917 10
 336 1927 7
 338 1939 4
 335 1947 1
 331 1955 0
 329 1964 0
 329 1970 0
 328 1975 0
 326 1980 0
 326 1983 0
 326 1987 0
 325 1987 0
 325 1990 0
 323 1989 0
 321 1990 0
 321 2000 0
 323 2000 0
 321 2000 0
 321 2000 0
 321 2000 0
 321 2000 0
 320 2000 0
 320 2000 0
 321 2000 0
 321 2000 0
 320 2000 0
 321 2000 0
 321 2000 0
 323 2000 0
 321 2000 0
 321 2000 0
 321 2000 0
 321 2000 0
 321 2000 0
 320 2000 0
 320 2000 0
 321 2000 0
 321 2000 0
 321 2000 0
 321 2000 0
 321 2000 0
 321 2000 0
 320 2000 0
 321 2000 0
 320 2000 0
 321 2000 0
t01:12:44
 321 2000 0
 321 2000 0
 320 2000 0
 321 2000 0
 320 2000 0
 322 2000 0
 320 2000 0
 321 2000 0
 320 2000 0
 322 2000 0
 320 2000 0
 322 2000 0
 320 2000 0
 322 2000 0
 322 2000 0
 320 2000 0
 320 2000 0
 320 2000 0
 321 2000 0
 328 2017 0
 389 2086 3
 433 2098 8
 462 2099 13
 481 2096 17
 497 2093 22
 509 2088 26
 523 2080 30
 530 2074 33
 540 2069 37
 548 2064 40
 555 2057 43
 560 2049 45
 565 2045 47
 570 2039 49
 575 2035 51
 578 2032 52
 583 2027 54
 585 2021 55
 586 2021 56
 590 2019 57
 591 2016 57
 591 2000 58
 595 2013 58
 595 2000 58
 598 2000 58
 598 2000 58
 598 2000 58
 598 2000 58
 600 2000 58
 600 2000 58
 598 2000 58
 600 2000 58
 598 2000 58
 599 2000 58
 600 2000 58
 591 1982 58
 512 1870 53
 422 1841 46
 383 1856 39
 373 1868 32
t01:12:45
 370 1878 26
 364 1892 21
 352 1898 16
 342 1912 12
 338 1921 8
 336 1933 5
 335 1942 2
 333 1952 0
 330 1958 0
 328 1966 0
 328 1973 0
 326 1977 0
 323 1978 0
 323 1984 0
 323 1986 0
 323 2000 0
 321 1990 0
 321 2000 0
 321 2000 0
 321 2000 0
 321 2000 0
 321 2000 0
 321 2000 0
 321 2000 0
 321 2000 0
 320 2000 0
 321 2000 0
 320 2000 0
 321 2000 0
 320 2000 0
 321 2000 0
 320 2000 0
 321 2000 0
 320 2000 0
 321 2000 0
 321 2000 0
 321 2000 0
 321 2000 0
 321 2000 0
 321 2000 0
 321 2000 0
 320 2000 0
 320 2000 0
 320 2000 0
 321 2000 0
 321 2000 0
 321 2000 0
 321 2000 0
 320 2000 0
 320 2000 0
 321 2000 0
 320 2000 0
 321 2000 0
 321 2000 0
 320 2000 0
 321 2000 0
 321 2000 0
 321 2000 0
 321 2000 0
 321 2000 0
t01:12:46
 321 2000 0
 321 2000 0
 321 2000 0
 321 2000 0
 321 2000 0
 321 2000 0
 320 2000 0
 321 2000 0
 321 2000 0
 356 2059 1
 414 2095 6
 448 2098 10
 472 2098 15
 487 2095 19
 502 2090 24
 516 2084 28
 526 2078 32
 536 2072 35
 541 2064 38
 550 2060 41
 556 2052 44
 563 2048 46
 568 2041 48
 573 2038 50
 577 2034 51
 580 2030 53
 583 2025 54
 587 2022 55
 588 2019 56
 590 2016 57
 591 2015 58
 595 2014 58
 595 2012 59
 598 2013 60
 596 2000 60
 596 2000 60
 598 2000 60
 596 2000 60
 598 2000 60
 598 2000 60
 598 2000 60
 598 2000 60
 598 2000 60
 598 2000 60
 599 2000 60
 558 1924 57
 460 1847 51
 394 1843 43
 376 1857 36
 366 1872 30
 365 1888 24
 358 1893 19
 348 1904 15
 340 1914 10
 336 1925 7
 336 1939 4
 334 1949 1
 333 1956 0
 331 1964 0
 329 1970 0
t01:12:47
 328 1975 0
 326 1978 0
 326 1982 0
 324 1984 0
 323 1987 0
 323 1989 0
 323 2000 0
 323 2000 0
 323 2000 0
 321 2000 0
 321 2000 0
 321 2000 0
 321 2000 0
 321 2000 0
 321 2000 0
 321 2000 0
 321 2000 0
 321 2000 0
 320 2000 0
 321 2000 0
 320 2000 0
 321 2000 0
 320 2000 0
 321 2000 0
 321 2000 0
 321 2000 0
 321 2000 0
 320 2000 0
 320 2000 0
 320 2000 0
 320 2000 0
 321 2000 0
 320 2000 0
 322 2000 0
 322 2000 0
 322 2000 0
 322 2000 0
 320 2000 0
 322 2000 0
 322 2000 0
 322 2000 0
 322 2000 0
 322 2000 0
 322 2000 0
 322 2000 0
 322 2000 0
 322 2000 0
 320 2000 0
 321 2000 0
 320 2000 0
 321 2000 0
 321 2000 0
 323 2000 0
 320 2000 0
 321 2000 0
 320 2000 0
 321 2000 0
 321 2000 0
 327 2018 0
 386 2084 3
t01:12:48
 432 2098 8
 460 2098 13
 479 2096 17
 496 2092 22
 509 2088 26
 521 2081 30
 530 2076 33
 538 2068 37
 545 2062 40
 553 2056 42
 558 2050 45
 565 2045 47
 570 2040 49
 573 2034 51
 577 2031 52
 580 2026 53
 581 2022 55
 586 2021 56
 586 2018 56
 590 2015 57
 591 2014 58
 591 2000 58
 591 2000 58
 593 2000 58
 593 2000 58
 596 2000 58
 595 2000 58
 598 2000 58
 595 2000 58
 598 2000 58
 596 2000 58
 600 2000 58
 596 2000 58
 597 2000 58
 587 1981 58
 508 1871 53
 420 1840 45
 381 1851 38
 370 1866 32
 366 1883 26
 363 1895 21
 352 1902 16
 341 1910 12
 338 1922 8
 336 1934 5
 335 1946 2
 333 1953 0
 330 1958 0
 330 1967 0
 328 1974 0
 328 1978 0
 326 1982 0
 325 1982 0
 323 1985 0
 323 1988 0
 323 2000 0
 321 2000 0
 323 2000 0
 323 2000 0
 321 2000 0
t01:12:49
 321 2000 0
 320 2000 0
 321 2000 0
 321 2000 0
 321 2000 0
 321 2000 0
 321 2000 0
 320 2000 0
 321 2000 0
 320 2000 0
 321 2000 0
 320 2000 0
 320 2000 0
 320 2000 0
 320 2000 0
 320 2000 0
 320 2000 0
 320 2000 0
 322 2000 0
 322 2000 0
 320 2000 0
 320 2000 0
 322 2000 0
 322 2000 0
 322 2000 0
 322 2000 0
 320 2000 0
 321 2000 0
 320 2000 0
 322 2000 0
 320 2000 0
 320 2000 0
 320 2000 0
 322 2000 0
 320 2000 0
 322 2000 0
 320 2000 0
 320 2000 0
 320 2000 0
 322 2000 0
 320 2000 0
 322 2000 0
 320 2000 0
 322 2000 0
 322 2000 0
 322 2000 0
 322 2000 0
 321 2000 0
 356 2057 1
 413 2095 5
 448 2098 10
 472 2098 15
 490 2095 19
 505 2090 24
 516 2083 28
 526 2078 31
 535 2071 35
 542 2066 38
 552 2060 41
 558 2054 44
t01:12:50
 565 2047 46
 568 2042 48
 572 2035 50
 575 2033 51
 582 2031 53
 583 2024 54
 585 2021 55
 588 2020 56
 590 2017 57
 591 2014 58
 593 2000 58
 595 2000 58
 596 2000 58
 595 2000 58
 598 2000 58
 596 2000 58
 598 2000 58
 598 2000 58
 598 2000 58
 598 2000 58
 600 2000 58
 600 2000 58
 601 2000 58
 597 2000 58
 557 1921 56
 460 1844 49
 393 1845 41
 375 1860 35
 366 1871 28
 361 1890 23
 359 1896 18
 348 1905 13
 342 1915 9
 338 1926 5
 335 1937 2
 333 1948 0
 332 1956 0
 330 1962 0
 328 1967 0
 326 1975 0
 325 1980 0
 325 1983 0
 323 1984 0
 323 1988 0
 323 2000 0
 325 2000 0
 321 2000 0
 323 2000 0
 321 2000 0
 323 2000 0
 321 2000 0
 323 2000 0
 321 2000 0
 321 2000 0
 320 2000 0
 321 2000 0
 321 2000 0
 321 2000 0
 321 2000 0
 321 2000 0
t01:12:51
 320 2000 0
 320 2000 0
 322 2000 0
 322 2000 0
 320 2000 0
 320 2000 0
 322 2000 0
 320 2000 0
 322 2000 0
 320 2000 0
 322 2000 0
 320 2000 0
 321 2000 0
 321 2000 0
 321 2000 0
 321 2000 0
 321 2000 0
 320 2000 0
 320 2000 0
 320 2000 0
 322 2000 0
 320 2000 0
 322 2000 0
 320 2000 0
 322 2000 0
 320 2000 0
 322 2000 0
 320 2000 0
 321 2000 0
 320 2000 0
 320 2000 0
 321 2000 0
 320 2000 0
 320 2000 0
 322 2000 0
 322 2000 0
 321 2000 0
 322 2000 0
 378 2078 2
 427 2098 7
 457 2099 12
 477 2097 16
 494 2093 21
 508 2089 25
 518 2082 29
 529 2077 33
 538 2070 36
 544 2064 39
 551 2056 42
 558 2050 44
 563 2045 46
 568 2041 48
 573 2036 50
 578 2032 52
 579 2027 53
 583 2023 54
 583 2020 55
 588 2020 56
 588 2014 57
 591 2013 57
t01:12:52
 591 2000 58
 593 2012 58
 593 2000 58
 595 2000 58
 593 2000 58
 596 2000 58
 596 2000 58
 598 2000 58
 598 2000 58
 598 2000 58
 598 2000 58
 598 2000 58
 599 2000 58
 591 1984 58
 513 1873 53
 420 1838 45
 380 1846 38
 368 1863 31
 367 1880 25
 362 1893 20
 352 1900 15
 342 1908 11
 338 1922 7
 336 1933 4
 335 1948 1
 333 1952 0
 331 1962 0
 330 1969 0
 328 1972 0
 326 1975 0
 325 1978 0
 323 1982 0
 323 1987 0
 323 2000 0
 323 2000 0
 321 2000 0
 321 2000 0
 321 2000 0
 321 2000 0
 321 2000 0
 321 2000 0
 321 2000 0
 321 2000 0
 320 2000 0
 320 2000 0
 320 2000 0
 320 2000 0
 320 2000 0
 320 2000 0
 321 2000 0
 320 2000 0
 320 2000 0
 320 2000 0
 321 2000 0
 320 2000 0
 322 2000 0
 320 2000 0
 320 2000 0
 322 2000 0
 322 2000 0
 320 2000 0
t01:12:53
 320 2000 0
 320 2000 0
 320 2000 0
 320 2000 0
 320 2000 0
 322 2000 0
 322 2000 0
 320 2000 0
 322 2000 0
 320 2000 0
 322 2000 0
 322 2000 0
 322 2000 0
 322 2000 0
 322 2000 0
 322 2000 0
 320 2000 0
 322 2000 0
 320 2000 0
 322 2000 0
 322 2000 0
 322 2000 0
 320 2000 0
 322 2000 0
 320 2000 0
 321 2000 0
 353 2056 1
 412 2095 5
 446 2098 10
 470 2098 15
 487 2095 19
 502 2090 24
 516 2084 28
 526 2079 31
 534 2073 35
 544 2067 38
 551 2060 41
 558 2053 44
 561 2046 46
 568 2041 48
 569 2035 50
 574 2033 51
 579 2029 53
 581 2026 54
 584 2022 55
 586 2019 56
 589 2016 57
 591 2014 58
 591 2012 58
 593 2000 58
 594 2000 58
 594 2000 58
 596 2000 58
 598 2000 58
 597 2000 58
 597 2000 58
 601 2000 58
 599 2000 58
 599 2000 58
t01:12:54
 599 2000 58
 597 2000 58
 599 2000 58
 559 1925 56
 462 1843 50
 395 1843 42
 377 1857 35
 368 1870 29
 364 1886 23
 359 1895 18
 347 1903 13
 340 1913 9
 336 1930 6
 338 1943 3
 335 1948 0
 333 1957 0
 331 1965 0
 330 1970 0
 328 1975 0
 328 1979 0
 325 1981 0
 325 1985 0
 323 1987 0
 325 2000 0
 323 2000 0
 323 2000 0
 321 2000 0
 321 2000 0
 323 2000 0
 323 2000 0
 321 2000 0
 321 2000 0
 321 2000 0
 321 2000 0
 321 2000 0
 321 2000 0
 321 2000 0
 320 2000 0
 321 2000 0
 321 2000 0
 321 2000 0
 320 2000 0
 321 2000 0
 320 2000 0
 321 2000 0
 320 2000 0
 321 2000 0
 321 2000 0
 321 2000 0
 321 2000 0
 321 2000 0
 321 2000 0
 321 2000 0
 321 2000 0
 320 2000 0
 320 2000 0
 321 2000 0
 321 2000 0
 321 2000 0
 320 2000 0
t01:12:55
 320 2000 0
 320 2000 0
 321 2000 0
 321 2000 0
 321 2000 0
 321 2000 0
 320 2000 0
 320 2000 0
 320 2000 0
 320 2000 0
 320 2000 0
 320 2000 0
 320 2000 0
 320 2000 0
 320 2000 0
 322 2000 0
 325 2014 0
 386 2083 3
 431 2098 8
 461 2098 12
 479 2096 17
 496 2093 21
 509 2088 26
 521 2081 30
 529 2075 33
 539 2069 37
 546 2062 40
 553 2057 42
 561 2052 45
 566 2046 47
 571 2039 49
 574 2036 51
 579 2032 52
 581 2027 54
 584 2022 55
 586 2020 56
 589 2017 57
 588 2013 57
 591 2012 58
 591 2000 58
 594 2000 58
 594 2000 58
 598 2000 58
 596 2000 58
 597 2000 58
 596 2000 58
 599 2000 58
 596 2000 58
 599 2000 58
 597 2000 58
 597 2000 58
 598 2000 58
 592 1985 57
 513 1874 53
 423 1841 45
 382 1849 38
 371 1865 31
 365 1885 26
 364 1896 21
 352 1896 16
t01:12:56
 341 1909 11
 340 1921 7
 336 1934 4
 338 1944 1
 335 1951 0
 331 1958 0
 328 1967 0
 330 1976 0
 326 1977 0
 325 1979 0
 323 1982 0
 325 1986 0
 323 1988 0
 323 2000 0
 323 2000 0
 323 2000 0
 321 2000 0
 321 2000 0
 321 2000 0
 321 2000 0
 321 2000 0
 321 2000 0
 320 2000 0
 321 2000 0
 321 2000 0
 321 2000 0
 320 2000 0
 321 2000 0
 322 2000 0
 322 2000 0
 321 2000 0
 320 2000 0
 320 2000 0
 320 2000 0
 320 2000 0
 320 2000 0
 320 2000 0
 320 2000 0
 322 2000 0
 320 2000 0
 320 2000 0
 320 2000 0
 322 2000 0
 320 2000 0
 320 2000 0
 320 2000 0
 320 2000 0
 320 2000 0
 320 2000 0
 320 2000 0
 320 2000 0
 320 2000 0
 320 2000 0
 320 2000 0
 322 2000 0
 320 2000 0
 322 2000 0
 320 2000 0
 322 2000 0
 320 2000 0
t01:12:57
 322 2000 0
 322 2000 0
 322 2000 0
 320 2000 0
 322 2000 0
 321 2000 0
 354 2057 1
 413 2095 5
 449 2099 10
 472 2098 15
 489 2095 19
 504 2090 24
 514 2084 28
 526 2078 31
 536 2073 35
 543 2066 38
 551 2060 41
 558 2054 44
 564 2049 46
 569 2042 48
 571 2036 50
 578 2032 52
 579 2028 53
 583 2025 54
 584 2020 55
 588 2019 56
 588 2015 57
 593 2017 58
 593 2014 58
 596 2000 59
 595 2000 59
 598 2000 59
 596 2000 59
 598 2000 59
 598 2000 59
 599 2000 59
 601 2000 59
 599 2000 59
 599 2000 59
 601 2000 59
 599 2000 59
 600 2000 59
 557 1921 56
 461 1848 50
 397 1848 42
 377 1857 35
 368 1872 29
 361 1886 24
 359 1894 19
 345 1901 14
 338 1915 10
 338 1931 6
 338 1941 3
 335 1949 1
 331 1957 0
 330 1962 0
 328 1969 0
 328 1976 0
 326 1980 0
 325 1983 0
t01:12:58
 325 1985 0
 323 1987 0
 323 1988 0
 321 1989 0
 321 2000 0
 321 2000 0
 321 2000 0
 321 2000 0
 321 2000 0
 321 2000 0
 323 2000 0
 321 2000 0
 321 2000 0
 320 2000 0
 321 2000 0
 320 2000 0
 320 2000 0
 321 2000 0
 321 2000 0
 321 2000 0
 321 2000 0
 321 2000 0
 320 2000 0
 321 2000 0
 320 2000 0
 320 2000 0
 320 2000 0
 321 2000 0
 318 2000 0
 320 2000 0
 320 2000 0
 322 2000 0
 320 2000 0
 322 2000 0
 320 2000 0
 322 2000 0
 322 2000 0
 322 2000 0
 320 2000 0
 322 2000 0
 322 2000 0
 322 2000 0
 322 2000 0
 322 2000 0
 320 2000 0
 322 2000 0
 320 2000 0
 320 2000 0
 322 2000 0
 322 2000 0
 321 2000 0
 321 2000 0
 321 2000 0
 321 2000 0
 321 2000 0
 328 2016 0
 388 2084 3
 433 2098 8
 461 2098 12
 481 2097 17
 497 2093 22
t01:12:59
 511 2088 26
 523 2081 30
 529 2074 33
 539 2070 37
 548 2063 40
 555 2056 42
 560 2050 45
 566 2045 47
 570 2038 49
 575 2033 51
 578 2029 52
 582 2028 53
 583 2023 55
 586 2023 56
 590 2018 57
 591 2016 57
 591 2014 58
 595 2013 59
 595 2000 59
 596 2000 59
 598 2000 59
 600 2000 59
 598 2000 59
 600 2000 59
 598 2000 59
 600 2000 59
 598 2000 59
 598 2000 59
 600 2000 59
 598 2000 59
 590 1981 58
 507 1868 53
 418 1833 45
 380 1848 38
 372 1865 32
 368 1883 26
 363 1892 21
 350 1899 16
 343 1909 11
 338 1921 8
 336 1935 4
 335 1944 2
 335 1954 0
 331 1959 0
 330 1967 0
 328 1971 0
 328 1978 0
 325 1979 0
 325 1983 0
 323 1985 0
 323 2000 0
 323 2000 0
 323 2000 0
 321 2000 0
 321 2000 0
 321 2000 0
 321 2000 0
 321 2000 0
 321 2000 0
 321 2000 0
t01:13:00
 321 2000 0
 321 2000 0
 321 2000 0
 321 2000 0
 320 2000 0
 321 2000 0
 321 2000 0
 321 2000 0
 320 2000 0
 321 2000 0
 320 2000 0
 321 2000 0
 320 2000 0
 321 2000 0
 320 2000 0
 320 2000 0
 320 2000 0
 321 2000 0
 320 2000 0
 321 2000 0
 321 2000 0
 321 2000 0
 320 2000 0
 321 2000 0
 321 2000 0
 321 2000 0
 321 2000 0
 321 2000 0
 321 2000 0
 321 2000 0
 321 2000 0
 321 2000 0
 321 2000 0
 320 2000 0
 321 2000 0
 320 2000 0
 321 2000 0
 320 2000 0
 321 2000 0
 320 2000 0
 321 2000 0
 320 2000 0
 322 2000 0
 321 2000 0
 356 2058 1
 414 2095 6
 449 2099 10
 472 2098 15
 489 2095 19
 502 2090 24
 514 2084 28
 526 2078 32
 538 2073 35
 545 2066 38
 552 2061 41
 558 2053 44
 565 2049 46
 570 2041 48
 572 2036 50
 577 2032 52
t01:13:01
 578 2028 53
 583 2025 54
 586 2023 55
 586 2016 56
 591 2019 57
 591 2014 58
 593 2013 58
 593 2000 58
 595 2000 58
 596 2000 58
 596 2000 58
 598 2000 58
 596 2000 58
 598 2000 58
 596 2000 58
 598 2000 58
 598 2000 58
 600 2000 58
 599 2000 58
 600 2000 58
 558 1924 56
 461 1843 49
 393 1838 42
 375 1857 35
 367 1870 28
 365 1888 23
 357 1894 18
 345 1905 13
 340 1920 9
 340 1934 5
 336 1940 3
 336 1951 0
 331 1954 0
 331 1962 0
 328 1969 0
 328 1974 0
 324 1977 0
 324 1982 0
 323 1983 0
 323 1987 0
 321 1990 0
 323 2000 0
 323 2000 0
 323 2000 0
 323 2000 0
 321 2000 0
 323 2000 0
 321 2000 0
 321 2000 0
 321 2000 0
 321 2000 0
 320 2000 0
 321 2000 0
 320 2000 0
 321 2000 0
 320 2000 0
 321 2000 0
 321 2000 0
 321 2000 0
 320 2000 0
t01:13:02
 321 2000 0
 321 2000 0
 321 2000 0
 320 2000 0
 320 2000 0
 320 2000 0
 320 2000 0
 320 2000 0
 320 2000 0
 321 2000 0
 321 2000 0
 320 2000 0
 320 2000 0
 320 2000 0
 320 2000 0
 320 2000 0
 322 2000 0
 320 2000 0
 320 2000 0
 320 2000 0
 320 2000 0
 320 2000 0
 320 2000 0
 322 2000 0
 322 2000 0
 322 2000 0
 320 2000 0
 320 2000 0
 320 2000 0
 322 2000 0
 322 2000 0
 322 2000 0
 321 2000 0
 325 2014 0
 384 2083 3
 431 2098 8
 460 2099 12
 479 2096 17
 494 2092 21
 509 2088 26
 521 2081 30
 531 2075 33
 540 2069 37
 546 2063 40
 553 2054 42
 558 2050 45
 565 2045 47
 568 2039 49
 573 2035 50
 578 2032 52
 582 2028 53
 583 2021 55
 585 2021 55
 588 2017 56
 590 2014 57
 590 2012 58
 593 2013 58
 593 2012 59
 595 2000 59
 596 2000 59
t01:13:03
 598 2000 59
 596 2000 59
 598 2000 59
 598 2000 59
 600 2000 59
 598 2000 59
 601 2000 59
 598 2000 59
 600 2000 59
 589 1980 59
 509 1869 54
 420 1839 46
 381 1852 39
 371 1868 32
 365 1880 26
 364 1895 21
 352 1901 17
 343 1910 12
 338 1923 8
 336 1934 5
 336 1944 2
 333 1955 0
 331 1963 0
 330 1966 0
 328 1972 0
 326 1977 0
 325 1980 0
 325 1983 0
 323 1987 0
 323 1989 0
 321 1990 0
 323 2000 0
 321 2000 0
 323 2000 0
 321 2000 0
 323 2000 0
 321 2000 0
 323 2000 0
 321 2000 0
 323 2000 0
 321 2000 0
 321 2000 0
 320 2000 0
 321 2000 0
 321 2000 0
 321 2000 0
 321 2000 0
 321 2000 0
 320 2000 0
 321 2000 0
 321 2000 0
 321 2000 0
 320 2000 0
 321 2000 0
 320 2000 0
 321 2000 0
 320 2000 0
 321 2000 0
 321 2000 0
 321 2000 0
t01:13:04
 321 2000 0
 320 2000 0
 320 2000 0
 320 2000 0
 320 2000 0
 320 2000 0
 320 2000 0
 320 2000 0
 323 2000 0
 320 2000 0
 321 2000 0
 320 2000 0
 322 2000 0
 322 2000 0
 322 2000 0
 320 2000 0
 322 2000 0
 322 2000 0
 323 2000 0
 322 2000 0
 322 2000 0
 320 2000 0
 321 2000 0
 348 2049 1
 408 2093 5
 445 2098 9
 469 2098 14
 487 2095 19
 502 2092 23
 514 2084 27
 524 2079 31
 534 2073 34
 541 2066 38
 549 2060 41
 554 2053 43
 561 2048 46
 566 2043 48
 571 2038 50
 576 2034 51
 581 2030 53
 583 2025 54
 586 2023 55
 586 2017 56
 589 2017 57
 589 2012 57
 593 2013 58
 591 2000 58
 595 2000 58
 595 2000 58
 596 2000 58
 596 2000 58
 598 2000 58
 598 2000 58
 598 2000 58
 598 2000 58
 598 2000 58
 598 2000 58
 599 2000 58
 599 2000 58
 560 1927 56
t01:13:05
 461 1846 49
 395 1843 42
 373 1858 35
 367 1872 29
 361 1891 23
 360 1897 18
 348 1904 14
 342 1916 10
 338 1928 6
 335 1938 3
 333 1946 0
 331 1958 0
 331 1966 0
 330 1973 0
 328 1976 0
 326 1978 0
 323 1982 0
 323 1985 0
 323 1988 0
 323 2000 0
 323 2000 0
 323 2000 0
 321 2000 0
 321 2000 0
 321 2000 0
 320 2000 0
 321 2000 0
 321 2000 0
 321 2000 0
 321 2000 0
 320 2000 0
 321 2000 0
 321 2000 0
 321 2000 0
 321 2000 0
 321 2000 0
 320 2000 0
 321 2000 0
 321 2000 0
 321 2000 0
 321 2000 0
 321 2000 0
 320 2000 0
 321 2000 0
 320 2000 0
 320 2000 0
 321 2000 0
 321 2000 0
 321 2000 0
 321 2000 0
 320 2000 0
 321 2000 0
 320 2000 0
 321 2000 0
 320 2000 0
 321 2000 0
 321 2000 0
 321 2000 0
